:020000040800F2
:1000000000000220DD2A0208912102089321020843
:10001000952102089721020899210208000000009A
:100020000000000000000000000000009113020822
:100030009B21020800000000211402089D210208F3
:100040002D2B02082D2B02082D2B02082D2B020828
:100050002D2B02082D2B02082D2B02082D2B020818
:100060002D2B02082D2B02082D2B02082D2B020808
:100070002D2B02082D2B02082D2B02082D2B0208F8
:100080002D2B02082D2B02082D2B0208000000004A
:100090000000000000000000000000002D2B0208FE
:1000A0002D2B02082D2B02082D2B02082D2B0208C8
:1000B0002D2B02082D2B02082D2B02082D2B0208B8
:1000C0002D2B02082D2B02082D2B02082D2B0208A8
:1000D0002D2B0208B52102082D2B0208000000007C
:1000E0002D2B02082D2B02082D2B020800000000EA
:1000F0000000000000000000000000002D2B02089E
:1001000000000000C12102082D2B02082D2B02083F
:1001100000000000000000000000000000000000DF
:100120002D2B02082D2B0208CD210208D92102080F
:100130002D2B02080000000000000000000000005D
:10014000000000000000000000000000E52102089F
:10015000F12102082D2B0208FD2102082D2B020897
:100160002D2B02082D2B02080000000000000000CB
:10017000000000000000000000000000000000007F
:10018000000000002D2B020800000000000000000D
:080190002D2B02082D2B0208A3
:1001A00010B5054C237833B9044B13B10448AFF3B1
:1001B00000800123237010BD100300200000000008
:1001C000687B020808B5034B1BB103490348AFF332
:1001D000008008BD0000000014030020687B0208B6
:1001E00010F8012B11F8013B012A28BF9A42F7D0E1
:1001F000D01A7047034613F8012B002AFBD1181AB6
:1002000001387047000000000000000000000000FE
:1002100001F0FF01102A2BDB10F0070F08D010F8B7
:10022000013B013A8B422DD010F0070F42B3F6D1BB
:10023000F0B441EA012141EA014122F007047FF0D4
:1002400000070023F0E80256083C85EA010586EA2B
:10025000010685FA47F5A3FA87F586FA47F6A5FA67
:1002600087F68EB9EED1F0BC01F0FF0102F0070273
:1002700032B110F8013B013A83EA010313B1F8D11E
:100280000020704701387047002D06BF35460338FF
:10029000073815F0010F07D1013015F4807F02BF38
:1002A000013015F4C03F0130F0BC0138704700BF89
:1002B00081F0004102E000BF83F0004330B54FEA17
:1002C00041044FEA430594EA050F08BF90EA020F84
:1002D0001FBF54EA000C55EA020C7FEA645C7FEA17
:1002E000655C00F0E2804FEA5454D4EB5555B8BF3A
:1002F0006D420CDD2C4480EA020281EA030382EAAB
:10030000000083EA010180EA020281EA0303362D3C
:1003100088BF30BD11F0004F4FEA01314FF4801C0F
:100320004CEA113102D0404261EB410113F0004F21
:100330004FEA03334CEA133302D0524263EB4303D8
:1003400094EA050F00F0A780A4F10104D5F1200E76
:100350000DDB02FA0EFC22FA05F2801841F10001D1
:1003600003FA0EF2801843FA05F359410EE0A5F1A5
:1003700020050EF1200E012A03FA0EFC28BF4CF0D6
:10038000020C43FA05F3C01851EBE37101F000458C
:1003900007D54FF0000EDCF1000C7EEB00006EEB99
:1003A0000101B1F5801F1BD3B1F5001F0CD3490823
:1003B0005FEA30004FEA3C0C04F101044FEA44527A
:1003C00012F5800F80F09A80BCF1004F08BF5FEA01
:1003D000500C50F1000041EB045141EA050130BDE1
:1003E0005FEA4C0C404141EB0101013C28BFB1F5F3
:1003F000801FE9D291F0000F04BF01460020B1FA3E
:1004000081F308BF2033A3F10B03B3F120020CDA10
:100410000C3208DD02F1140CC2F10C0201FA0CF0EE
:1004200021FA02F10CE002F11402D8BFC2F1200C53
:1004300001FA02F120FA0CFCDCBF41EA0C01904009
:10044000E41AA2BF01EB0451294330BD6FEA040452
:100450001F3C1CDA0C340EDC04F11404C4F120023D
:1004600020FA04F001FA02F340EA030021FA04F34F
:1004700045EA030130BDC4F10C04C4F1200220FAA6
:1004800002F001FA04F340EA0300294630BD21FAE4
:1004900004F0294630BD94F0000F83F4801306BFAA
:1004A00081F480110134013D4EE77FEA645C18BF9E
:1004B0007FEA655C29D094EA050F08BF90EA020F35
:1004C00005D054EA000C04BF1946104630BD91EA2D
:1004D000030F1EBF0021002030BD5FEA545C05D130
:1004E0004000494128BF41F0004130BD14F580046F
:1004F0003CBF01F5801130BD01F0004545F0FE41E3
:1005000041F470014FF0000030BD7FEA645C1ABF17
:10051000194610467FEA655C1CBF0B46024650EA4E
:10052000013406BF52EA033591EA030F41F400217A
:1005300030BD00BF90F0000F04BF0021704730B500
:100540004FF4806404F132044FF000054FF00001D5
:1005500050E700BF90F0000F04BF0021704730B596
:100560004FF4806404F1320410F0004548BF40426B
:100570004FF000013EE700BF42004FEAE2014FEAC0
:1005800031014FEA02701FBF12F07F4393F07F4F9B
:1005900081F06051704732F07F4208BF704793F09E
:1005A0007F4F04BF41F40021704730B54FF46074B1
:1005B00001F0004521F000411CE700BF50EA0102B4
:1005C00008BF704730B54FF000050AE050EA01025D
:1005D00008BF704730B511F0004502D5404261EBCD
:1005E00041014FF4806404F132045FEA915C3FF40E
:1005F000D8AE4FF003025FEADC0C18BF03325FEAAB
:10060000DC0C18BF033202EBDC02C2F1200300FA5B
:1006100003FC20FA02F001FA03FE40EA0E0021FA80
:1006200002F11444BDE600BF70B54FF0FF0C4CF46E
:10063000E06C1CEA11541DBF1CEA135594EA0C0F20
:1006400095EA0C0F00F0DEF82C4481EA030621EA5B
:100650004C5123EA4C5350EA013518BF52EA033596
:1006600041F4801143F4801338D0A0FB02CE4FF048
:100670000005E1FB02E506F00042E0FB03E54FF078
:100680000006E1FB03569CF0000F18BF4EF0010E70
:10069000A4F1FF04B6F5007F64F5407404D25FEA6C
:1006A0004E0E6D4146EB060642EAC62141EA55511F
:1006B0004FEAC52040EA5E504FEACE2EB4F1FD0C61
:1006C00088BFBCF5E06F1ED8BEF1004F08BF5FEADF
:1006D000500E50F1000041EB045170BD06F0004691
:1006E00046EA010140EA020081EA0301B4EB5C043E
:1006F000C2BFD4EB0C0541EA045170BD41F4801136
:100700004FF0000E013C00F3AB8014F1360FDEBF5A
:10071000002001F0004170BDC4F10004203C35DA36
:100720000C341BDC04F11404C4F1200500FA05F3B9
:1007300020FA04F001FA05F240EA020001F000425A
:1007400021F0004110EBD37021FA04F642EB0601D0
:100750005EEA430E08BF20EAD37070BDC4F10C04FA
:10076000C4F1200500FA04F320FA05F001FA04F2BE
:1007700040EA020001F0004110EBD37041F10001AA
:100780005EEA430E08BF20EAD37070BDC4F12005B5
:1007900000FA05F24EEA020E20FA04F301FA05F21D
:1007A00043EA020321FA04F001F0004121FA04F2C5
:1007B00020EA020000EBD3705EEA430E08BF20EA95
:1007C000D37070BD94F0000F0FD101F000464000CF
:1007D00041EB010111F4801F08BF013CF7D041EA51
:1007E000060195F0000F18BF704703F00046520055
:1007F00043EB030313F4801F08BF013DF7D043EA26
:100800000603704794EA0C0F0CEA135518BF95EADB
:100810000C0F0CD050EA410618BF52EA4306D1D162
:1008200081EA030101F000414FF0000070BD50EA81
:10083000410606BF1046194652EA430619D094EA0B
:100840000C0F02D150EA013613D195EA0C0F05D1F5
:1008500052EA03361CBF104619460AD181EA030149
:1008600001F0004141F0FE4141F470014FF0000001
:1008700070BD41F0FE4141F4780170BD70B54FF09C
:10088000FF0C4CF4E06C1CEA11541DBF1CEA13551C
:1008900094EA0C0F95EA0C0F00F0A7F8A4EB0504FE
:1008A00081EA030E52EA03354FEA013100F08880F5
:1008B0004FEA03334FF0805545EA131343EA1263BE
:1008C0004FEA022245EA111545EA10654FEA002673
:1008D0000EF000419D4208BF964244F1FD0404F52C
:1008E000407402D25B084FEA3202B61A65EB030588
:1008F0005B084FEA32024FF480104FF4002CB6EB45
:10090000020E75EB030E22BFB61A754640EA0C00C4
:100910005B084FEA3202B6EB020E75EB030E22BF04
:10092000B61A754640EA5C005B084FEA3202B6EB45
:10093000020E75EB030E22BFB61A754640EA9C0004
:100940005B084FEA3202B6EB020E75EB030E22BFD4
:10095000B61A754640EADC0055EA060E18D04FEA92
:10096000051545EA16754FEA06164FEAC30343EA32
:1009700052734FEAC2025FEA1C1CC0D111F4801FFF
:100980000BD141EA00014FF000004FF0004CB6E7F8
:1009900011F4801F04BF01430020B4F1FD0C88BF97
:1009A000BCF5E06F3FF6AFAEB5EB030C04BFB6EBA2
:1009B000020C5FEA500C50F1000041EB045170BD95
:1009C0000EF0004E4EEA113114EB5C04C2BFD4EBC2
:1009D0000C0541EA045170BD41F480114FF0000E46
:1009E000013C90E645EA060E8DE60CEA135594EAC2
:1009F0000C0F08BF95EA0C0F3FF43BAF94EA0C0FC5
:100A00000AD150EA01347FF434AF95EA0C0F7FF439
:100A100025AF104619462CE795EA0C0F06D152EA8D
:100A200003353FF4FDAE1046194622E750EA410671
:100A300018BF52EA43067FF4C5AE50EA41047FF482
:100A40000DAF52EA43057FF4EBAE12E74FF0FF3CE7
:100A500006E000BF4FF0010C02E000BF4FF0010CB8
:100A60004DF804CD4FEA410C7FEA6C5C4FEA430C31
:100A700018BF7FEA6C5C1BD001B050EA410C0CBF80
:100A800052EA430C91EA030F02BF90EA020F0020E2
:100A9000704710F1000F91EA030F58BF994208BF49
:100AA00090422CBFD8176FEAE37040F00100704706
:100AB0004FEA410C7FEA6C5C02D150EA013C07D15D
:100AC0004FEA430C7FEA6C5CD6D152EA033CD3D0A8
:100AD0005DF8040B704700BF8446104662468C46A2
:100AE0001946634600E000BF01B5FFF7B7FF0028D5
:100AF00048BF10F1000F01BD4DF808EDFFF7F4FFFE
:100B00000CBF012000205DF808FB00BF4DF808ED88
:100B1000FFF7EAFF34BF012000205DF808FB00BFAB
:100B20004DF808EDFFF7E0FF94BF012000205DF8CD
:100B300008FB00BF4DF808EDFFF7CEFF94BF012082
:100B400000205DF808FB00BF4DF808EDFFF7C4FF7B
:100B500034BF012000205DF808FB00BF4FEA410CC4
:100B60007FEA6C5C02D150EA013C0AD14FEA430CA7
:100B70007FEA6C5C02D152EA033C02D14FF00000E4
:100B800070474FF0010070474FEA410212F5001222
:100B900015D211D56FF47873B3EB625212D94FEAC4
:100BA000C12343F0004343EA505311F0004F23FAAE
:100BB00002F018BF404270474FF00000704750EA03
:100BC000013005D111F0004008BF6FF000407047C0
:100BD0004FF00000704700BF4A0011D212F500121A
:100BE00011D20DD56FF47873B3EB62520ED44FEA85
:100BF000C12343F0004343EA505323FA02F0704705
:100C00004FF00000704750EA013002D14FF0FF3042
:100C100070474FF0000070474FEA4102B2F1E043E5
:100C200024BFB3F5001CDCF1FE5C0DD901F0004CD3
:100C30004FEAC0024CEA5070B2F1004F40EB830023
:100C400008BF20F00100704711F0804F21D113F14F
:100C50003872BCBF01F00040704741F480114FEA88
:100C60005252C2F11802C2F1200C10FA0CF320FA11
:100C700002F018BF40F001004FEAC1234FEAD3232E
:100C800003FA0CFC40EA0C0023FA02F34FEA430398
:100C9000CCE77FEA625307D150EA01331EBF4FF021
:100CA000FE4040F44000704701F0004040F0FE403C
:100CB00040F40000704700BF53B94AB9002908BF8B
:100CC00000281CBF4FF0FF314FF0FF3000F0BEB9DD
:100CD000ADF1080C6DE904CE00F03CF8DDF804E05D
:100CE000DDE9022304B0704738B500220023044632
:100CF0000D46FFF70BFF28B920462946BDE83840CE
:100D000000F00AB8204605F1004100F005F8404225
:100D100061EB410138BD00BFD0B50C4B0022064647
:100D20000F46FFF781FCFFF757FF0446FFF702FC71
:100D3000074B0022FFF778FC02460B463046394647
:100D4000FFF7BAFAFFF748FF2146D0BD0000F03D9B
:100D50000000F0412DE9F047089D0F4604468C46FF
:100D6000002B48D18A42164661D9B2FA82F34BB1C0
:100D7000C3F1200201FA03FC20FA02F29E4042EA8B
:100D80000C0C9C404FEA164EB7B2BCFBFEF1220C95
:100D90000EFB11CC42EA0C4201FB07F0904209D94C
:100DA000B21801F1FF3C80F0EE80904240F2EB80FF
:100DB00002393244121AA4B2B2FBFEF00EFB10222A
:100DC00044EA024400FB07F7A74209D9341900F1AD
:100DD000FF3280F0DA80A74240F2D78034440238F4
:100DE00040EA0140E41B00211DB1DC400023C5E9BD
:100DF0000043BDE8F0878B4206D90DB1C5E900017B
:100E000000210846BDE8F087B3FA83F1002948D1F4
:100E1000BB4202D3824200F20781841A67EB0302CD
:100E200001209446002DE4D0C5E9004CE1E7002AFA
:100E300000F09280B2FA82F3002B40F0A8808A1A68
:100E40004FEA164E1FFA86FC0121200CB2FBFEF77A
:100E50000EFB172240EA02420CFB07F0904207D932
:100E6000B21807F1FF3802D2904200F2E280474602
:100E7000121AA4B2B2FBFEF00EFB102244EA0244A6
:100E80000CFB00FCA44507D9341900F1FF3202D253
:100E9000A44500F2CB801046A4EB0C0440EA0740C6
:100EA000A2E7C1F120068B4022FA06FC4CEA030CB3
:100EB00007FA01F420FA06F3F7404FEA1C492343EE
:100EC00000FA01F81FFA8CFEB7FBF9F01C0C09FBC5
:100ED000107744EA074400FB0EF7A74202FA01F23A
:100EE0000AD91CEB040400F1FF3A80F09B80A74272
:100EF00040F2988002386444E41B9FB2B4FBF9F3DB
:100F000009FB134447EA044403FB0EFEA64509D936
:100F10001CEB040403F1FF3780F08280A6457FD9E3
:100F2000023B644443EA0040A4EB0E04A0FB02E74A
:100F3000BC427346B94663D360D05DB1B8EB0302DF
:100F400064EB090404FA06F622FA01F31E43CC40CE
:100F5000C5E9006400214CE76208480842EAC17113
:100F60000B0C43EA00438AB242EA0342B3FBF6F1B8
:100F7000E407B4463746B6461F23B0FBF6F0D21B53
:100F800041EA004161E7614614E7104628E7C3F1F2
:100F9000200120FA01F29E4027FA01F19F403A43D6
:100FA0004FEA164E1FFA86FCB1FBFEF70EFB171038
:100FB000110C41EA004107FB0CF8884504FA03F4E0
:100FC0003AD9711807F1FF3001D288451FD8A1EB3B
:100FD0000801B1FBFEF808FB0CF70EFB181192B2EA
:100FE00042EA0142BA422FD2B21808F1FF31C6D20A
:100FF000BA42C4D2A8F102013244C0E7F0459CD203
:10100000BEEB020367EB0C070138B94695E7A6EB88
:1010100008084144B81EB1FBFEF808FB0CF7DCE7FA
:101020003B467FE7504667E70846FBE63444023814
:1010300032E7023F32441BE7A1EB08013846B1FB1F
:10104000FEF808FB0CF7C8E7414698E7704700BF79
:1010500003798B4228BF0431C91AC9B24171704764
:10106000036810B504461B6998476379003B18BFB5
:1010700001231B1A5842584110BD000038B5124CCC
:10108000236800255D622946204619F0A1FE294605
:10109000204619F0E9FA226813699907FCD50A4835
:1010A000002119F0E1FA2268054613699B07FCD577
:1010B0000021054819F0D8FA00210446024819F029
:1010C000EDFE601B38BD00BF94D6012010B5144B57
:1010D0001A689403FCD59A6822F0030242F00102D8
:1010E0009A60104A002414661A689201FCD45A6867
:1010F00022F48002104358605A6822F03F021143E4
:101100005960084B01221A66054A13689B01FCD5F9
:10111000936823F0030343F00203936010BD00BF04
:1011200000380240000047427FB510210020FFF741
:10113000CDFFFFF7A3FF134B134A1B6803EB4303D9
:10114000B3FBF2F398421AD91422002101A824F02B
:1011500050FB0223009368460C4B049317F092FD5A
:1011600008B120F0D1FD0A4B0122C3F83C2E082122
:101170004FF4800007B05DF804EBFFF7A7BF19211B
:10118000F6E700BFDC00002080841E00000308009A
:101190000000474270B510210020FFF797FF0F4D68
:1011A0000F4E1F24FFF76AFF2B6832680D49B2FB10
:1011B000F1F28242C3F3C4030BD243B1013B2A686C
:1011C00022F0F80242EAC302013C2A60EAD1184642
:1011D00070BDFCD91F2BFAD00133F0E70038024074
:1011E000DC00002040420F0013B5FFF7D3FF044698
:1011F00017F0EAFD15F09AF9114A136823F0F80385
:1012000043EAC40313604FF0E02300221A615A61DD
:101210009A610C4B0193019B596862B60A4B1A689C
:1012200022F003021A601A6842F001021A60019B60
:101230001B6883F3088802B0BDE81040084700BF70
:10124000003802400000FF1F0038014010B5FFF7D2
:101250006BFF1848FFF704FF08B1FFF7C5FF09F05F
:1012600011FB154909F030FB10F0ECFF134A14494B
:1012700011F072F814F0C4FD036812491B6A984714
:1012800006F03CFE1049002206F098FE0F48FFF7DA
:10129000E7FE30B110F062F90368BDE810401B684A
:1012A000184704F04BFE0A4904F0F4FE00F034FD48
:1012B000F2E700BF480400202C0300204403002074
:1012C0006403002038040020DCD6012058040020EC
:1012D0009003002000BEFEE7704700002DE9F047B4
:1012E0004249DFF86091424FDFF85C814148424B50
:1012F000C9F800301022C9E902120822FA603F4AF8
:10130000DFF848A1906001250024C8E902054FF4E8
:101310008060C2E90034D060394AB960C2E9021580
:10132000C2E90034374AC9F80450C8E90035C7E9B2
:101330000035354B1360354B94801046C2E90234BA
:1013400013F04EFE4FF06413CAF80430304B314EA8
:10135000CAF80030304BCAF808304FF005137360FC
:101360002E4B336006F10C002D4BB36014F0C8F91E
:101370002C4B2D4A1A602D4AC3F88420A3F88840CC
:101380002B4B2C4818604FF4F0722B481C7603212D
:10139000C3E901124FF4A071C3E903125961057149
:1013A000C180264D0281C3E907A9C3E90987214607
:1013B000234B03604471C6600474C0F81240C0F847
:1013C0001640C0F81A40FFF743FE4FF40040402398
:1013D000C5E900030A234220C5E903462B726C616C
:1013E00010F0EEFEE860BDE8F08700BF00000240AC
:1013F0006804002000040240DC2103085804002097
:1014000048040020380400204822030824D7012083
:101410007C2203081C04002038D601200022030887
:101420009CD4012090030020CC2203082CD801205A
:101430006403002008B60208440300202C030020A7
:10144000E0B5020888040020780400202C04002065
:1014500008B5074BD86810B1012110F0B7FE054858
:10146000054B40F80C3BBDE8084014F053B900BFF1
:101470002C0300201C040020002203084FF0000071
:1014800070474FF0000070474FF0000070474FF07A
:10149000000070474FF00000704700F50050007EDC
:1014A000003818BF012080007047000010B5074BBE
:1014B000044640F8283B14F02AFB04F1140014F011
:1014C00082F9201D14F07FF9204610BDB89802085B
:1014D00010B50446FFF7EAFF20464C2110F076FED7
:1014E000204610BD13F098BF38B570B30B784D7817
:1014F000DBB900F5AA540834236820465B69984795
:1015000088B1236820465B6C984760B12946204625
:1015100014F0BCFF3DB9236820465B6C984710B1BE
:10152000204614F0C2FF002038BD012B03D100F586
:10153000B5541834E0E7062BF5D1002DF3D003683D
:1015400000F6A8319B699847EDE70220ECE708B563
:101550001FF07CFBBDE808401FF04EBA10B50446F2
:1015600013F008FA044B23600023C4E9083384F81D
:101570002830E362204610BD14BF020810B50446AF
:1015800013F0F8F9054B23600023C4E90833C4E9DC
:101590000A334FF480332363204610BD1CC0020879
:1015A00010B5044613F0E6F9094B23604FF0FF3203
:1015B0000023C4E90B234FF48032A2630122A287E7
:1015C000C4E90833636384F83E30204610BD00BF91
:1015D000BCBE020810B5044613F0CCF90A4B2360D8
:1015E0006FF07F420023C4E90833C4E90A33226361
:1015F000A38604F13800FFF7D3FF04F17800FFF76A
:10160000CFFF204610BD00BF2427030810B5034BB1
:101610000360044613F0C0F9204610BD14BF020851
:1016200010B50446FFF7F2FF2046302110F0CEFD42
:10163000204610BD10B5034B0360044613F0ACF90F
:10164000204610BD1CC0020810B50446FFF7F2FF8B
:101650002046342110F0BAFD204610BD38B50446AE
:1016600013F088F91C4B236000254FF47F420123BF
:10167000C4E90D234FF00041C4E90F536FF000435C
:10168000C4E911134FF0FF33E364C4E90855A562C0
:1016900084F82C50256304F15000FFF75FFF04F13C
:1016A0008000FFF76BFF04F1B400FFF767FF2946E6
:1016B000182204F1E80024F09CF81022294604F5D1
:1016C000807024F096F884F8105110F0BBFDC4F837
:1016D0001401204638BD00BF0899020838B5094BEF
:1016E000094D0360044640F8785F13F055F9204631
:1016F00040F8385F13F050F9204613F04DF92046BA
:1017000038BD00BF24270308BCBE020810B504463C
:10171000FFF7E4FF2046B82110F058FD204610BD29
:101720002DE9F8430446002613F024F9C4E90866BD
:10173000C4E90A662D4BDFF8C0902360266304F1EC
:10174000340504F5DA774FF0FF38284613F012F924
:10175000C5F80090C5F8288085F82C6085F82D60C4
:10176000C5E908663035BD42EFD104F55576284607
:101770003435FFF703FFAE42F9D1354604F61416AF
:101780002846B835FFF726FFB542F9D1284613F0B1
:10179000F1F80025164BC4F81439C4F8345904F68E
:1017A0003810FFF717FF04F51F60FFF713FF04F66B
:1017B000A820FFF7D3FE04F6D82013F0DBF80D4B7A
:1017C000C4F8D83AC4F8F85AC4F8FC5AC4F8005B14
:1017D00084F8045BC4F8085BC4F80C5B10F032FDBD
:1017E000C4F8100B2046BDE8F88300BF3CA00208F7
:1017F000C4BF02086CBF020864B6020810B5094BEA
:10180000044640F8B43BFFF715FF04F18000FFF7F2
:1018100011FF04F15000FFF7F9FE204613F0BCF869
:10182000204610BD0899020810B50446FFF7E6FFF0
:1018300020464FF48C7110F0C9FC204610BD00000A
:101840000A22002370B5C0E905230446C0E900332D
:10185000C0E902330374C361203012F04FFF04F17A
:101860004C00FFF77BFE04F17C0013F083F8284B5B
:10187000E36704F19C00FFF781FE04F1D000FFF75D
:10188000EDFE04F5F470FFF7A5FE04F52870FFF7F0
:10189000A1FE04F55670FFF79DFE1E4B93E807006E
:1018A00004F5826585E8070004F21C4603F10C028A
:1018B0003C3310685168354603C508329A422E46BB
:1018C000F7D104F24C40FFF785FE04F20450FFF715
:1018D00081FE10F0B7FC002384F8CC3584F8E435A1
:1018E000C4F8BC05C4F8C035C4F8C435C4F8C8355C
:1018F000C4F8D035C4F8D435C4F8D835C4F8DC35CC
:10190000C4F8E035C4F8E835C4F8EC35204670BDBD
:101910006CBF0208807B0208F8B5204B0360204BA7
:10192000C0F8D83A044600F6D82013F035F804F68B
:10193000A820FFF76BFE04F51F60FFF7CFFE04F64B
:101940003810FFF7CBFE04F61415164BC4F8143903
:10195000284613F021F804F55576AE4204D0B83D80
:101960002846FFF7BBFEF8E704F5DA75B54204D068
:10197000343E3046FFF75EFEF8E70B4E04F13407C5
:10198000BD4205D045F8306D284613F005F8F7E75D
:10199000204613F001F82046F8BD00BF3CA0020825
:1019A0006CBF0208C4BF020864B602082DE9F0410A
:1019B000534B036000F5D055044605F5A360FFF7CF
:1019C0008DFE04F5F350FFF789FE04F5EB500C3063
:1019D000FFF784FE04F5E5501430FFF77FFE04F5B1
:1019E000DF501C30FFF77AFE05F1E40004F5805665
:1019F000FFF704FF05F1B000FFF71CFEDFF80C81D4
:101A0000C6F8908A04F5D450103012F0C5FF04F5E2
:101A1000D350FFF7FBFD3B4FC6F8347A04F5D150A5
:101A200004F5BB55143012F0B7FF05F5E470FFF76D
:101A300055FE05F58870FFF751FE334BC6F8303878
:101A400004F5C150103012F0A7FF05F19C00FFF71C
:101A5000F1FD04F5BE50C6F8DC871C3012F09CFF87
:101A600005F14C00FFF7D2FDC6F8807704F5BC50B5
:101A700012F092FF04F5B5501830FFF72FFE04F571
:101A8000B050FFF72BFE04F5A75604F5AA50083016
:101A90001436FFF723FE3046FFF7CCFD04F59D55C5
:101AA0001C35B54204D0343E3046FFF7C3FDF8E79D
:101AB00004F62C56B54205D0A5F58C752846FFF7DF
:101AC0009DFEF7E704F6F840FFF7B4FD04F6C440C6
:101AD000FFF7B0FD04F54960FFF7ACFD04F5466083
:101AE000FFF794FD04F6A830FFF7F8FD04F1940029
:101AF000FFF712FF2046FFF7D9FC2046BDE8F08132
:101B0000E098020874C00208BCBE02086CBF02085C
:101B100008B50248FFF74AFF08BD00BF9C0400203B
:101B200010B50446FFF742FF204642F2380110F09C
:101B30004DFB204610BD10B50446FFF7EDFE2046D4
:101B400040F6143110F042FB204610BDF8B56D4B45
:101B50000446102240F8043B2221002313F02BFE00
:101B600000230822202104F1140013F024FE04F5C0
:101B700000531833002563621423C4E90A53624BEF
:101B800084F83050C4E90D344FF4C063A4F84430F5
:101B9000032384F8463020465C4BA3645C4B84F8F6
:101BA0003C5029464022256440F84C3B23F021FE5E
:101BB000C4E9235504F19400FFF7B2FD04F6A83000
:101BC000FFF708FD04F54660FFF7C8FC04F549601F
:101BD000FFF7D4FC04F6C440FFF7D0FC04F6F8404D
:101BE000FFF7CCFC04F59D5604F62C551C36284610
:101BF00005F58C75FFF732FDB542F8D104F5A7560F
:101C0000143628463435FFF7B9FCB542F9D12846D9
:101C1000FFF7B4FC04F5AA500830FFF7DBFC04F52D
:101C2000B050FFF7D7FC04F5B55004F580561830D6
:101C30000025FFF7CFFC4FF4807304F5BB57C6F8BF
:101C40007C37C6F87057C6F87457C6F8785704F54D
:101C5000BC5012F053FD07F14C00FFF77FFC04F578
:101C6000BE501C3012F086FE2A4BC6F8DC3707F156
:101C70009C00FFF783FC07F1D000FFF791FC07F50C
:101C80008870FFF7A7FC07F5E470FFF7A3FC10F0DE
:101C9000D9FAC6F8E00904F5D050C6F8E459C6F8F8
:101CA000E859C6F8EC5986F8F059C6F8F459C6F860
:101CB000F859C6F8FC59C6F8005AC6F8045A86F80E
:101CC000085AC6F80C5AC6F8105A143004F50056D3
:101CD000FFF7B6FD0323337110F0B4FAB06006F0DD
:101CE0000DF9F06004F02AF9306108F0CBFD86F8B8
:101CF0002C507061C6E90855C6E90C55B5622046FE
:101D0000F8BD00BFB8980208CF5501082881020825
:101D1000E09802086CBF020810B50A4C2368BFF3B4
:101D20005B8FDB070CD4204620F001FF40B1064852
:101D3000FFF70CFF054822F0AFFC204620F003FF20
:101D4000014810BD980400209C040020111B0008CD
:101D50002DE9F04F00F5005785B0BB680546D3F874
:101D600088400E46002970D0083C032294FBF2F410
:101D7000D3F88CB012F048FF0368DB6898478046C0
:101D800012F042FF0368DB68984705F5AA5909F18C
:101D9000080908EB480800EB40004FF0010AABEBE4
:101DA00008032C49CDF808A00022CDE900404846A0
:101DB00014F0CEF9FFF7CBFB002301461A46484644
:101DC00014F06FFB484614F02AFB05F58058DEB18D
:101DD000B8F95025CDF808A0B8F956351D49CDE918
:101DE000004305F5B056B8F94E350532304614F0CB
:101DF000AFF9FFF7ACFB002301461A46304614F05A
:101E000050FB304614F00BFBBB681249D3F8882016
:101E100001230293B8F95635CDE9004305F5B555D0
:101E20001835B8F94E35121B284614F091F9FFF712
:101E30008EFB002301461A46284614F032FB284642
:101E400005B0BDE8F04F14F0EABA04EBD4746410A6
:101E5000043C8DE7AA83020800F5005300F5AA5060
:101E60001B6993F87033022B0CBF024902490830FA
:101E700014F015BA348102083981020800F50052C5
:101E8000126992F87023012A05D821B100F5AA50F1
:101E9000083014F004BAFFF7DFBF000000F500536C
:101EA00000F5B5501A6992F87033052B00F118004F
:101EB00008D192F8F1334F2B02D1054914F0EFB954
:101EC0000449FBE7002BF8D0092BF6D00249F5E7CF
:101ED000F88E02083D810208198C020800F50052B4
:101EE000126992F87023012A05D121B100F5B5508D
:101EF000183014F0D4B9FFF7D1BF70B500F1480322
:101F00000446002553F8042F8A4218D1D4F89030A3
:101F100004EB8303D86C03681B69984704F19400B1
:101F2000C4F89050294605F0BFFED4F8903004EB79
:101F30008303BDE87040D86C0368DB68184701353F
:101F4000102DDFD170BD000070B504468AB004F5D5
:101F5000A955083503A804F5A7561FF06BFC1436E5
:101F6000049B144A2021284623F074FB294630465E
:101F7000012212F06AF904F5005304F580549B68BD
:101F8000D3F88820B4F9003503EBD37302EBD27297
:101F90005C10C4EB620412F0FBFD6FF07F43019014
:101FA000009322461E232946304612F0CEF80AB08E
:101FB00070BD00BF44810208D0F8903000EB83036D
:101FC00070B50446D86C03680D461B699847C4F881
:101FD000905004F19400294605F066FED4F8903044
:101FE00004EB8304E06C0368BDE87040DB681847CD
:101FF00000F6A833994237B504460D460BD190F848
:10200000B83B43B100F50054206990F8523363B9EE
:1020100004F09CF90BE004F194039D420BD194F879
:10202000C0102046FFF7C8FF01E004F0C7F94FF0E9
:10203000000003B030BDD4F8903004EB8303294690
:10204000D86C03689B699847C0B20928EFD104F5A2
:10205000AA5308339D420BD104F50054206990F82F
:102060007033022B14BF8121822104F061F9DEE775
:1020700004F5B55318339D42D9D104F500542069B5
:1020800090F87013D0F86823052913D190F8F13334
:10209000C0F86C234F2B4FF0000380F8F13380F829
:1020A000563301D11821E0E70B49019301AA04F04E
:1020B000C7FEBCE7002339B1092905D080F85633A3
:1020C000C0F86C231921D0E780F8F13380F856333B
:1020D000C0F86C23E6E700BF5A810208F7B5044652
:1020E00000F1940504F50056284605F030FC28223E
:1020F0000821B368CDE9002100221146D3F88830C9
:102100000027284605F0E6FDC4F88C7012F006FDA5
:1021100039460346634A284605F058FD624AD4F81A
:102120008C10284605F0EFFCD4F88C707B1CC4F8AA
:102130008C3002F09FFE04EB8707F864D4F88C70B3
:1021400012F0ECFC3946594A0346284605F03EFD9C
:10215000D4F88C707B1CC4F88C3009F07DF804EB4B
:102160008707F864D4F88C7012F0D8FC394603461F
:102170004F4A284605F02AFDD4F88C707B1CC4F821
:102180008C3001F067FE04EB87073369F86493F83D
:102190001D34022B13D0D4F88C7012F0BFFC3946DA
:1021A0000346444A284605F011FDD4F88C707B1C88
:1021B000C4F88C300DF066FD04EB8707F864D4F8A2
:1021C0008C7012F0ABFC39463B4A0346284605F0BA
:1021D000FDFCD4F88C707B1CC4F88C300CF09CFF98
:1021E00004EB8707F864D4F88C7012F097FC39463A
:1021F0000346324A284605F0E9FCD4F88C707B1C73
:10220000C4F88C3003F0A6FD04EB87073369F8644B
:1022100093F81D349BB9D4F88C7012F07FFC3946CA
:102220000346274A284605F0D1FCD4F88C707B1C65
:10223000C4F88C300AF0E6FB04EB8707F864D4F8A6
:102240008C7012F06BFC39461E4A0346284605F096
:10225000BDFCD4F88C707B1CC4F88C300EF0EAFD09
:1022600004EB8707D4F88C20B368F8640192282225
:10227000009200221146D3F88830284605F02AFD46
:10228000284605F0D7FD0023214628461A4605F0CA
:10229000CDFD4FF4FA61284603B0BDE8F04005F0EB
:1022A00016BB00BF5E810208140000206281020894
:1022B0006B810208768102088381020890810208FE
:1022C000A0810208A68102082DE9F04F8BB00446D8
:1022D00008F0D8FA08F0FCFA04F500558DF81B0058
:1022E000AE6808F0CFFAC168003918BF0121304646
:1022F00010F055F82979A86810F069FBAB68B54A69
:10230000C3F88020D3F88C7012F07EFC0368DB6881
:102310009847064612F002FC0368DB689847AB68F2
:10232000D3F888300593824612F0F8FB0268926871
:102330009047834612F0F2FB0268D268904706EBA2
:102340004606A549059BBA1E4FF0060804F54669E6
:10235000921B4000002608FB1B33A2EB4A02CDE98A
:10236000011600903146484611F012FD4FF47A7183
:10237000484612F0E2FA04F5BB57984A1037114666
:102380000223384608F0DCF8214633463246384608
:1023900008F0D1F8286904F011F8AB68D3F8882068
:1023A000059212F0BBFB03689B689847B4F966BCC2
:1023B000824612F0B3FB03689B689847059A8849E8
:1023C0000123029304F6A839B4F96E3C019308FB8B
:1023D00000F0013A08FB1A225B460090484613F0D1
:1023E000B7FE324633464846214614F05AF8314685
:1023F000484614F04BF84FF47A71484612F09DFAB3
:10240000B4F96E3CB4F9669C03EBD37309EB630932
:1024100012F084FB0368DB689847804612F07EFB6D
:102420006FF07F4B04F5496A0422A9EB58036B490E
:102430000190CDF800B0504611F087FEB4F9941C1D
:10244000099112F06BFB03689B689847804612F075
:10245000DBFB03689B689847B4F96A3C05930890D6
:1024600012F0D2FB0368DB689847079012F0CCFBB0
:10247000DDE90821059BA3F1020C079B04F6C44982
:1024800008EB88080A44ACEB03035449CDE900B0DB
:102490004244484611F059FEB4F9AC2B079212F0B1
:1024A000EDFB03689B689847B4F966BC059012F091
:1024B000E5FB0599079A019004F6F848FF230B20E5
:1024C0000BF1040B00FB1122009340465B4643498D
:1024D00011F03BFE40F2E931504612F02EFA40F284
:1024E000EA31484612F029FA40F2EB31404612F048
:1024F00024FA2B462033019343230093394AE8689A
:102500002346214605F07BFD31462046FFF720FC9F
:102510002046FFF7E3FD04F59D5804F62C5608F11C
:102520001C083046002106F58C7600F032FD464549
:10253000F7D112F02DFB6FF07F430190009304F56B
:10254000A951002304F5A7501A460831143011F0A0
:10255000FCFD04F148080026D4F88C30B3422DD895
:102560009DF81B100023C4F8903079B11E4A1F4912
:102570000223384607F0E4FF42F21071384608F0B3
:10258000E1F8D4F88C100139C4F8901004F19400EB
:1025900005F08AFBD4F8903004EB8304E06C036808
:1025A000DB68984708F06EF9036913B1286903F0F6
:1025B000CDFE4FF000000BB0BDE8F08F58F8040FCF
:1025C000B4F9662C0368283A9B682821984701369D
:1025D000C2E700BF4040400080808000AA8302081C
:1025E0005E810208E9140008AF810208F881020840
:1025F000F8B500F500550446286990F8701303F00B
:1026000077FD0022014604F5496011F01EFE28699D
:1026100090F8F11303F074FD0022014604F6C44063
:1026200011F013FE296991F8E923134623F0800382
:1026300081F8E933D20901F2F23104F6F84011F0E1
:1026400004FE04F62C570026F1B2286903F096FD2B
:1026500001360146384600F09CFC062E07F58C77C3
:10266000F2D12B6993F8521304F6A83600295BD0F7
:102670000121304613F00AFF2B6993F8E333002B56
:102680000CBFFF214FF47F41304613F04BFE2B6906
:1026900093F80F24002183F80F149AB304F5D05057
:1026A00004F5BB561430103600F088FA304608F0B6
:1026B00087F82B69D3F818349B060AD42649274A91
:1026C0000223304607F03CFF42F21071304608F01A
:1026D00039F8D4F8903004EB830304F14807D86C40
:1026E00003681B6998472046FFF7F8FC0026D4F8DA
:1026F0008C30B34224D8E06C0023C4F890300368D7
:10270000DB689847D4F8903004EB83041421E06C24
:1027100003685B699847A86800F5C150043013F05E
:10272000A0F94FF00000F8BD304613F0AFFE2B6962
:1027300093F8E333002B0CBF6FF07F41FF21A3E739
:1027400057F8040FB4F9662C0368283A9B682821CF
:1027500098470136CBE700BF908202080282020848
:1027600038B50446B8B109B9002038BDD0F81C31DD
:10277000426900F1D00501FB0231284600F009FC56
:10278000A369002BF0D0D4F81C21284653F822105E
:1027900000F046FCE8E70220E7E7C0E900128360AA
:1027A000704741694B1E10B559420446594100F526
:1027B000F47013F06BFE6169A1F10A0251425141BC
:1027C00004F5287013F062FE6169A1F164004142D2
:1027D000414104F55670BDE8104013F057BE32B9C0
:1027E00001207047484301339342FBD170470846AC
:1027F0000123F9E737B504460D467C3012F09DF809
:10280000691C04F1200012F098F8A91C04F24C4055
:1028100012F093F8E91C04F2045012F08EF805F05F
:102820006DFB0546FEF793FE04F5B86301460D4ABD
:1028300000932846234605F02CFC05F05FFB054677
:10284000FEF785FE04F5BB6301937F2301460093E9
:102850002846054A234605F0D2FB4FF0000003B09E
:1028600030BD00BF61270008FF2B00082DE9F04FA5
:102870008BB01E460023CB4D079204460F46836162
:102880002B68BFF35B8F13F0010FDFF82CA30CD183
:10289000284620F04CF940B1D4F8BC352846D3F88E
:1028A0008830CAF8003020F04EF912F037F96FF096
:1028B0007F4304F19C05009300231A46394601909A
:1028C000284611F042FC28469DF85C1011F0A2FC4D
:1028D000B4F9A830DAF80010C91A08220023490810
:1028E000284604F1200912F071F84946284611F0F3
:1028F000E7FF0121284612F020F8DAF80030B4F999
:10290000A670A3F1100812F07FF90368DB689847FE
:10291000169B029304F1D00508370D2300EB8000CD
:102920003A460193009043460821284600F062FA97
:102930004FF47F420421284600F01EFB12F064F998
:1029400002220146284600F05DFCDDE9141228460B
:1029500000F060FB3146284600F01BFB12F054F9F2
:102960000026034605220799284600F061FC4946E7
:1029700084F8E060284611F0A3FF0121284611F0F9
:10298000DCFF04F20C43069304F21C47A346B4F99F
:10299000DC300322083BB3FBF2F3059303F0CEFADD
:1029A000169A05460A212046FFF719FF069A00905D
:1029B00052F8043F069239461022284603F044FD9F
:1029C0003846FDF717FC079B774AC0F110013844E1
:1029D00022F040FE059BB4F9D420043306FB032209
:1029E000B4F9DA3009920833089312F00DF901684E
:1029F000C96888470BF5F478059B0093012500EB27
:102A00008000DDE90832394601900295404613F016
:102A10009FFBFEF79CFD654A23460146404613F0A6
:102A200040FD0021404613F031FD0321404613F0E4
:102A3000C1FCDBF8E83149469B6840469847DBF823
:102A4000E8312946DB6840462E449847032E07F1BB
:102A500010070BF1B80B9AD1169A022A28BF02224E
:102A60000A212046FFF7BBFE6061B82000FB024050
:102A70000026294600F5F47013F008FD0295019632
:102A8000B4F9F231083304F14C070093DAF800305E
:102A900032463146384611F07BF93846042111F0B0
:102AA000A7F938464FF6FF7111F0B9F931463846AB
:102AB00011F0CCF94946384611F002FF314638464C
:102AC00011F03BFFD4F8BC25B4F95A30D2F88C2071
:102AD0000093D21A02EBD272DAF800302A41314662
:102AE000484611F046FED4F8BC35D3F88C2000924D
:102AF0003146324604F17C00D3F8883011F0BAF93F
:102B0000D4F8BC3584F88C50D3F88CA012F07CF843
:102B10000368DB689847D4F8BC35D3F8882002EB0B
:102B2000D27242FA05F7814612F06EF80368DB684C
:102B3000984704F24C48043F09EB490900EB400078
:102B4000CDE90070AAEB09033246194902954046C7
:102B500013F0FEFAFEF7FBFC23460146134A4046FB
:102B600013F09FFCD4F8BC35B4F95824D3F888107E
:102B70000295B4F95A34CDE9002304F20457B4F9AC
:102B800052348A1A38460B4913F0E2FAFEF7DFFC9A
:102B9000064A01462346384613F083FC30460BB004
:102BA000BDE8F08FD42400209C820208FF2B00088F
:102BB000A0820208A3820208D824002010B504468F
:102BC00005F09CF904F5B86105F084FA05F096F972
:102BD00004F5BB6105F037FA04F1200011F0BDFEE9
:102BE00004F17C0011F0B9FE04F24C4011F0B5FE86
:102BF00004F2045011F0B1FE4FF0000010BDF8B522
:102C0000044600284CD000F24C458D4203D000F21F
:102C100004578F4219D16B1A5D425D4125742046DD
:102C2000FFF7CCFFD4E9000548B1A2682346294646
:102C300012F079FC2046FFF7B4FD0020F8BD002D0E
:102C4000F8D0A0682146A847F4E700F5F47399424C
:102C500002D101236361EDE700F52873994201D1A8
:102C60000A23F7E700F55673994201D16423F1E78F
:102C70000B784E7853B93146284613F007FC002EE6
:102C8000D8D129462046FFF7BAFFD3E7012BD1D18F
:102C90003146384613F0FAFB002ECBD13946F1E726
:102CA0000220CBE7B0F904007047B0F90600704786
:102CB000B0F908007047B0F90A007047B0F90C008D
:102CC0007047B0F90E007047007C70470174704780
:102CD0002DE9F341089E04461D46B0F90630B0F9CF
:102CE0000400301A0090EB1A04F1500090460F4691
:102CF00010F06DFEB4F90420B4F90630B21A009257
:102D0000EB1A4246394604F1B40011F086F994F802
:102D100010317BB1B4F90420B4F90630B61AEB1ABD
:102D20004246394604F18000089602B0BDE8F04101
:102D300011F073B902B0BDE8F0812DE9F341089EAE
:102D400004461D46B0F90430B0F90600301A009070
:102D5000EB1A04F1500090460F4610F08DFEB4F9C6
:102D60000620B4F90430B21A0092EB1A42463946F2
:102D700004F1B40011F0EBF894F810317BB1B4F920
:102D80000620B4F90430B61AEB1A4246394604F16B
:102D90008000089602B0BDE8F04111F0D8B802B04A
:102DA000BDE8F08110B50446052919D8DFE801F027
:102DB000030F181803160B4904F1500011F046F8E0
:102DC00023682046DB6CBDE8104000211847006AEC
:102DD00020B1D4E90912234612F0A5FB0021EBE74C
:102DE00010BD00BF8080800010B103689B68184749
:102DF000704700002DE9FF470446DDE90C651F46DA
:102E00004FF0FF30E0643818A18001440E9B21810F
:102E1000711EE2800A446281EA1AC4E90E23A78186
:102E2000E681012100204FF00A0C83426BDC216413
:102E300004F58070002B6AD0009310211346374AA6
:102E400022F008FC013504F1E8094846FDF7D2F903
:102E5000A8420CD004F1E70100239D4294BF002258
:102E6000012201335201182B01F8012FF5D1002561
:102E700001232A462946CDE9015300963B4604F139
:102E8000500010F085FF11F0BFFE04F1B4086FF0A0
:102E90007F47494601902B462A464046009711F04D
:102EA00054F9D4E90E3203EB0209D4F8D800B4F98E
:102EB0000CA009F10109AA4218BF09F10109FFF7A5
:102EC00093FFB4F9C2305FFA89F9F61A00FB19A131
:102ED00006EBD6762B4672104908404611F076FD77
:102EE00011F092FE2B46CDE900700D4904F18000EF
:102EF0002A4611F02AF92368DB6C2946204604B0E3
:102F0000BDE8F04718470CFB01F101308DE713468F
:102F10001021044A22F09EFB95E700BFAA82020816
:102F2000AA830208BB820208C36F994210B5044607
:102F300009D0503010F05CFF23682046DB6CBDE800
:102F400010400021184710BD10B5036FC0E90C12E6
:102F5000044690F82C00002818BF114699420AD068
:102F600004F1500010F05BFF23682046DB6CBDE8E5
:102F700010400021184710BD38B515460446FFF72C
:102F8000D3FF294620464FF47F42BDE83840FFF783
:102F9000DBBF436C99420A46B8BF1A46836C9A421B
:102FA000A8BF1A46C36C934273B5044630D0C56BB4
:102FB000C26400F5807300F1E801B4305DB900929D
:102FC000182211F084F923682046DB6C0021984711
:102FD000012002B070BD266C92FBF6F506FB1522AF
:102FE000002AB8BF5242CDE90052182211F06FF901
:102FF000E36C002BE7DA226C93FBF2F3002BE2D1B7
:10300000A36B012BC2BF1B192D2283F8E620DAE740
:103010000020DEE7C0E91112C16CFFF7BABF000063
:1030200037B5044600F1B40500910E4B00F1E801FC
:103030001822284611F04BF9B4F9C230B4F90E2029
:10304000B4F90C10D21AB4F9C03002EBD272C91A1A
:10305000521000234908284603B0BDE8304011F063
:10306000B5BC00BF9D8202082DE9F041D0E90E53A6
:103070001D44002B18BF013590F81031013B044668
:10308000042B00F2AA80DFE803F03A3303618600E4
:10309000B0F90C60D0F8D800FFF7A6FEB4F9C23042
:1030A000B4F90E20D21AB4F98C30B11EC91A94F8B2
:1030B000E6306B4300FB131102EBD2720023521077
:1030C000490804F1B40011F081FCB4F9BC50D4F803
:1030D000A400B4F9BE7004F18006023510B1036893
:1030E000DB6898473A1A00232946304611F06EFCF7
:1030F00023682046DB6CBDE8F04100211847B0F999
:10310000C230B0F90E20B0F90C10D21AB0F98E30DE
:10311000D21AB0F98C3002EBD272C91A52100023C5
:103120004908803011F052FCD4F8D800B4F90C6092
:10313000FFF75AFE94F8E630B4F98A206B4300FB9F
:1031400013610023490804F1B400CFE7B0F90C6023
:10315000D0F8D800FFF748FEB4F9C230B4F90E2019
:10316000D21A94F8E6306B4300FB136102EBD27283
:1031700000235210490804F1B40011F027FCB4F9FF
:103180008C30B4F90C10B4F9BE20C91A49080023D8
:1031900004F18000AAE7B0F90C60D0F8D800FFF77E
:1031A00023FEB4F9C230B4F90E20D21A94F8E630F6
:1031B0006B4300FB136102EBD272002352104908EB
:1031C00004F1B40011F002FCB4F9BC00B4F98C10A5
:1031D000B4F9BE200023411ADAE7B0F90C60D0F848
:1031E000D800FFF701FEB4F9C230B4F90E20D21AAC
:1031F00094F8E63002EBD2726B4300FB136152107D
:1032000000239FE770B500F1B4060446154630462A
:1032100010F0E4FFE9B2304610F0FCFF2046FFF763
:1032200023FF23682046DB6CBDE87040002118476F
:1032300070B500F1800604460D4680F8102119464D
:10324000304610F0CBFF29463046002210F0FDFF3B
:103250002046FFF709FF23682046DB6CBDE870407D
:103260000021184790F82C308B4210B5044611D03D
:10327000D0E90C2380F82C1000290CBF1146194608
:10328000503010F0CCFD23682046DB6CBDE81040C8
:103290000021184710BDC0E908128362704710B5BD
:1032A000D0B109B9002010BD0379052B0ED84FF419
:1032B0008C725343C2188468D2F8942103F5A47326
:1032C00001FB04211844FFF764FEEBE7D0F8E83E69
:1032D00000F69C601944F6E70220E4E72DE9F0418E
:1032E000044604F00BFE04F5935104F0F3FE04F5DC
:1032F000A47504F1100700264FF48C782B6828463B
:103300001B699847FEF708FD08FB06F303F62C52ED
:1033100003441044D3F82C3D1B699847D5F89036E8
:1033200005F5D2601B6998473B6838461B69013632
:103330009847062E05F58C7507F13407DED140F667
:10334000B47541F2DC16635960191B69B8359847AA
:10335000B542F8D104F69C6011F0FFFA04F66860FB
:1033600011F0FBFA04F5905004F580541C3011F074
:10337000F4FAD4F8500203681B699847D4F8540251
:1033800003681B6998474FF00000BDE8F08100001A
:1033900010B5044602F08BFE034B08B1987810BDBF
:1033A00094F81C24985CFAE70CA0020800F58053FE
:1033B0002DE9F04FD3F85C32D3F81034062B8FB0E0
:1033C00028BF06230233B2FBF3F2A2F108030D1D5E
:1033D0000593044611F018FC0368DB689847059BC9
:1033E00000EB8000984207D211F00EFC0368DB6806
:1033F000984700EB80030593059B089508330B93D2
:103400000023264604F11008069304F5805BDBE9EF
:103410009630D3F88890D0F81034069A062B28BF3F
:1034200006239A4206F58C7708F1340AC0F0F6803C
:1034300004F58E5804F58F5708F11C08173704F669
:10344000B47600254FF0030A4FF00109DBF85C3237
:1034500093F81C24D3F81034002A14BF394641468F
:10346000DBF858220791062BD2F8882092FBFAF25B
:1034700005FB02F228BF062304320692013B4FF4FB
:103480008C72534303F5A47023442044D3F848318D
:103490009B6B9847059BCDF808900193DBF8583259
:1034A000D3F8883093FBFAF3083BDDE9062100935B
:1034B00000F10803304612F04BFEFEF748F80023F7
:1034C00001461A46304612F0ECFF01353046032122
:1034D00012F070FF032D08F1090807F10C0706F13F
:1034E000B806B3D111F01AFB03689B689847DBF864
:1034F0005832B4F9BEAFD3F88880064611F00EFBFF
:1035000003689B689847A8F110034FF00A0808FB6E
:1035100006F10522002604F69C67CDE901260AF192
:10352000080A059A009208FB1033524638460C31BF
:10353000FFF760FCFF2204213846FFF71DFD11F064
:1035400063FB022201463846FFF75CFE42F210722E
:1035500038460121FFF75EFD4FF496713846FFF7BC
:1035600018FDDBF85C3293F81C24A14B53F822A021
:1035700011F04AFB2A46034651463846FFF758FEEB
:10358000FDF7E5FF3346014632463846FFF783FE36
:1035900084F8AC9E11F0C2FA04F668656FF07F47BC
:1035A00033463246019093490097284610F0CDFDEE
:1035B0002846022110F02EFEB4F9AA3EB4F9A21E4C
:1035C00003EBD37301EB6301B4F9763E03EBD372E3
:1035D000A1EB620233460421284611F0F7F904F505
:1035E0008350C4F8088001210C3012F04FFFB4F969
:1035F0004C51B4F94E8111F007FB0835CDE900704C
:1036000008F1080804F590507B4943462A461C30CF
:1036100010F09BFD30460FB0BDE8F08F9DF81830DC
:1036200007931946FFF7B4FEA9F10803072206F530
:10363000A475019203EBD373059A02905B102846A0
:1036400000920621089A99FBF1F1FFF7D3FBFF22C4
:1036500004212846FFF790FC11F0D6FA0222014619
:103660002846FFF7CFFD0799DBF85C0202F086FDE4
:1036700001462846FFF78DFCDBF85C325F4A93F881
:103680001C3452F8239011F0BFFA49460346032236
:103690002846FFF7CDFDFDF75AFF00231A460146E5
:1036A0002846FFF7F8FD3B6B012128469B6C9847A5
:1036B0003B6B28465B6B98473B6B09909B6B28469E
:1036C0009847059B0A90A3F10409DBF85832D3F818
:1036D00088203B6B0D925B6B2846984707990C90AE
:1036E000DBF85C02FFF754FEDDE90C320A99029028
:1036F0004FEA5909D31A0822CDE90092A1EB090239
:10370000099906F5FB66083B30460431FFF772FB6A
:103710003B4A02213046FFF72FFC11F075FA0122D7
:1037200001463046FFF76EFD00213046FFF731FCC1
:10373000DBF85C32314A93F81C3452F8239011F0D4
:1037400027FA0322034649463046FFF771FD0799E1
:10375000DBF85C0202F0A1FC064611F0DFF96FF025
:103760007F43009300231A4631460190404610F0F3
:10377000ECFC0221404610F04DFD5AF8343CDE6965
:103780003B6B2846DB6A98475AF8343C8146DB6B32
:103790004046984700EBD07009EBD9734FEA6009B7
:1037A000C9EB63013B6B07911B6B284698473B6B4A
:1037B00081461B6C284698475AF8343C00EBD07081
:1037C0001B6C09EB60054046984700EBD070A5EBF9
:1037D0006002002340460799B047069B0B9A0133CD
:1037E0000693089B13440893D0463E460FE600BF5D
:1037F0001CA00208C3820208AA83020828A00208AB
:10380000808080002DE9F04F04468BB000F1100A53
:1038100006464FF0000900F58058D8F85C32D3F81E
:103820001034062B28BF0623994506F58C753AD32C
:1038300040F6B47541F2DC1663596019DB68652106
:10384000B8359847B542F7D1642104F69C6011F071
:1038500074F8642104F6686011F06FF804F5905074
:1038600065211C3011F069F8D8F850020368662110
:10387000DB689847D8F8540203686621DB689847EC
:1038800004F03CFB0546FDF762FE04F59353014648
:10389000009328463D4A234604F0FBFB4FF000000E
:1038A0000BB0BDE8F08FFEF737FA4FF48C7303FBD3
:1038B00009F3059303F62C57D5F8C036049006F5A6
:1038C000FB6B0744DB6A584698472B6B069006F55E
:1038D000A4761B6B30469847D5F8C0360790DB6B53
:1038E00058469847D5F8C0260990126C584690471C
:1038F0005FFA89F10890D8F85C02FFF749FD089A51
:10390000099B02900821019100923846DDE90612D8
:10391000FFF770FA1E4A02213846FFF72DFB11F01F
:1039200073F9012201463846FFF76CFCD8F85C3287
:1039300093F81C24174B53F82210069111F028F924
:103940000322034606993846FFF772FC2B6B64216D
:10395000DB6830469847DDE9043213446421D3F82C
:103960002C3D3846DB689847D5F8C0366421DB68C3
:1039700058469847DAF800305046DB68642198478B
:1039800009F101090AF1340A2E4646E79F32000880
:103990008080800028A002081F4B70B50446036099
:1039A00000F590501C30FDF745FE04F589500430B9
:1039B000FDF794FE04F583500C30FDF78FFE04F6FE
:1039C000B470FDF78BFE04F6686504F69C60FDF7A5
:1039D00015FF2846FDF72EFE04F5FB66AE4205D026
:1039E000A5F58C752846FDF709FFF7E704F5A475E2
:1039F000B54205D0A6F58C763046FDF7FFFEF7E719
:103A000004F11006B54204D0343D2846FDF712FEFD
:103A1000F8E7204670BD00BF6099020808B502486B
:103A2000FFF7BAFF08BD00BFE024002010B5044630
:103A3000FFF7B2FF204641F278210EF0C7FB204687
:103A400010BD017905292DE9F84398BF00210446EE
:103A500088BF012100F69C60FFF704FC04F5A47602
:103A6000002504F580594FF6FF77E9B2D9F85C02DA
:103A7000D6F84C8002F082FB4FF47F42404514BFE1
:103A80003946FF213046FFF75FFA2179A1EB050C9B
:103A9000DCF1000141EB0C0130460135FFF7E2FBA0
:103AA000062D06F58C76E0D1A1684B1E594259418E
:103AB00004F6B47012F0EAFCA168A1F10A025142C6
:103AC00004F5835051410C3012F0E0FCA168A1F1E3
:103AD00064004142414104F589500430BDE8F84397
:103AE00012F0D4BC2DE9F04700F580570446D7F812
:103AF0005C3293F81D2400F59050022A00F11C005E
:103B000034D193F8E4132F4D2F4B0022914218BF6C
:103B10001D46294610F099FB02F010FA237B90F81D
:103B20007063B34202D0032B23D02673FEF7F4F860
:103B30002649FEF7A3F9FEF7EFF82549FEF7CEF97F
:103B40000025A0462E46D7F85C02D0F81034062B8C
:103B500028BF06239D4208F58C7923D316B1204651
:103B6000FFF76FFF4FF00000BDE8F0871949002212
:103B7000D0E7012ED9D104F5A4780025D7F85C024E
:103B8000D0F81034062B28BF06239D42CDD2E9B2CF
:103B900002F0F4FA01464046FFF7FBF9013508F55B
:103BA0008C78EBE7E9B2D9F87CA002F0E7FAAAEB4F
:103BB000000108F5FB60FFF7ECF93043C6B20135B0
:103BC000C846C0E7D2820208C9820208D982020828
:103BD000DD820208AA83020800F6B4739942F7B5A1
:103BE000044608D10123A36000252046FFF729FFE2
:103BF000284603B0F0BD00F583530C33994201D140
:103C00000A23F0E700F589530433994201D1642374
:103C1000E9E700F58055D5F850328B4214D1D5F83C
:103C20005C0290F87033012B44D10193D4F8E83E44
:103C3000642253430093D4F8C433D4F8AC22D4F8AC
:103C4000941103F087FACFE7D5F854328B421FD195
:103C5000D5F85C3293F87033012B2BD100F5A477A3
:103C60000026D5F85C02D0F81034062B28BF0623B6
:103C70009E42B9D297F82C3033B1F1B202F07EFAFD
:103C800001463846FFF785F9013607F58C77E8E7F6
:103C900000F69C63994202D106232371A4E700F544
:103CA000A47200239142F8D00133062B02F58C72E6
:103CB000F8D199E7092598E72DE9F84F604B0360A3
:103CC000062303710A23836000230646037300F171
:103CD000100400F5A47520463434FDF74FFCAC42C7
:103CE000F9D106F5FB65204604F58C74FDF7B6FCAA
:103CF000AC42F8D106F66865204604F58C74FDF7F1
:103D0000ADFCAC42F8D12046FDF738FC06F69C60CD
:103D1000FDF7A4FC06F58E58DFF830B1DFF830A1CE
:103D200006F6B47408F11C080025204610F022FEA7
:103D30006FF07F4323630127C4F800B084F8345048
:103D400084F83550C4E90855C4E90A5504F138002F
:103D50004FF0FF3910F00EFEC4F838A0E566A4F865
:103D6000705084F8727084F8735084F8747084F81A
:103D7000755084F87650C4E91655C4E9199504F1D4
:103D8000780010F0F7FDC4F878A0C4F8AC50A4F89F
:103D9000B05084F8B27084F8B35084F8B47084F8EA
:103DA000B55084F8B650C4E92655C4E92995B8340D
:103DB0004445BAD1234B06F5805404F5EE7203F165
:103DC000180718685968154603C50833BB422A46C8
:103DD000F7D119889B78AB701B4B298004F2F7123E
:103DE00003F1240153F8040B42F8040B8B42F9D180
:103DF00006F590501C30FDF7C1FBFDF78DFF00F577
:103E0000AA500830C4F85002FDF786FF00F5B550FF
:103E10001830C4F854020EF015FAC4F8580202F033
:103E20008DF8002384F86C32C4F85C02C4E998333E
:103E3000C4E99C33C4F868323046BDE8F88F00BF4F
:103E400060990208BC7B0208D77B0208242703087C
:103E5000BCBE020810B50A4C2368BFF35B8FDB07BA
:103E60000CD420461EF063FE40B10648FFF724FF45
:103E7000054820F011FC20461EF065FE014810BDEB
:103E8000DC240020E02400201D3A0008A0B190F8B6
:103E90009430052B06D800EB8300436E0B44436639
:103EA0000020704700F5805393F8F030002BF7D0D6
:103EB000036E0B440366F3E7022070472DE9F843D5
:103EC000044604F01BF804F59C51183104F58056A3
:103ED00004F000F9201D10F040FDD6F88C03FEF729
:103EE0006DFE04F1A00804F668074FF4EC7540F687
:103EF0006809635960191B699847D8F80030404633
:103F00001B6998473B6838461B6905F58C759847CF
:103F10004D4508F1340807F1B807EAD140F6A45539
:103F200041F28407635960191B69B8359847BD424F
:103F3000F8D104F6B84010F010FD04F5576010F009
:103F40000CFD04F58650043010F007FD04F58E508A
:103F50001C3010F002FD04F59050103010F0FDFC04
:103F600004F59650083010F0F8FCD6F8800303688A
:103F70001B699847D6F8840303681B699847D6F8ED
:103F8000880303681B699847FDF7C6FE0021FDF70B
:103F9000DFFE4FF00000BDE8F88300002DE9F74395
:103FA000044604F58059FDF7B7FEFDF755FFFDF710
:103FB000B3FEFDF773FFD9F8943393F81D24022A5A
:103FC0000CD193F8E4138848884B0022914218BF23
:103FD0001846014604F5576010F037F904F5EC7601
:103FE0000025D9F89403D0F81034062B28BF0623F7
:103FF0009D42C0F0B68004F16003002653F8045FD0
:10400000002D00F0C780D4F898305D4326B990F8B1
:104010001D34022B08BF6D42F7B2394604EB860609
:1040200002F045F8724AF16F4EF66023002818BF7F
:1040300013460029726E80F29F80002A80F2A380CE
:1040400003F05CFF436FD4F89820142B38BF14237F
:1040500053433C2253430A22B3FBF2F34FF00008D0
:10406000CDF800802A46D9F89403394602F0AEFF15
:10407000C6F86480C5B2D9F8943393F8053404F5D2
:1040800090561036002B00F08A805A49304612F0C4
:1040900006F9D9F8943393F8043404F596570837A1
:1040A000002B7ED05449384612F0F9F8D4F89C0021
:1040B0004FF47A7111F00DFD68B1D9F89433D3ED56
:1040C000FF7AFCEEE77A04F5865017EE903A04305A
:1040D00099B2FEF75EFF236EDBB1D9F81021D4F858
:1040E000981004F5865001FB03210430FEF751FFC0
:1040F0000023236611F0EBFCC4F89C00D9F894036C
:1041000090F804342BB190F80524D9F8101103F07D
:1041100069FBD9F8943393F8E33304F6B84804F60E
:104120006804002B42D0D9F8943393F8703303F02D
:10413000FD03012B3FD1404612F071F92046B834FF
:1041400012F06DF9A045F9D1384612F068F9D9F8A6
:10415000943393F804343046002B3ED012F07AF9B1
:104160003DE0E9B202F00AF801463046FEF711FFE1
:10417000013506F58C7634E705D0002A3FF760AFAD
:104180004FF0FF3204E0002ACCBF01224FF0FF3293
:10419000F26763E70136062E7FF430AF6BE717490D
:1041A00074E71749384612F07AF894E706F06AFB8C
:1041B0008368032BB7D0D9F88C03FEF7FFFC404689
:1041C00012F048F92046B83412F044F9A045F9D16C
:1041D000384612F03FF93046C0E712F020F9284681
:1041E00003B0BDE8F08300BFD2820208C982020892
:1041F00080F52000E5820208E9820208E6820208D2
:10420000EE82020810B5044601F051FF044B08B1DC
:10421000986810BD94F81C2453F82200F9E700BFF9
:1042200028A002082DE9F04FD14B5B688FB003F056
:104230003F03CDE909120F1D04460B9310F0E4FC77
:104240000368DB6898470A9B1D1F04F580532D1AED
:10425000D3F89433D3F81034062B28BF0623023347
:10426000B5FBF3F5A5F10803049310F0CDFC03684A
:10427000DB689847049B00EB8000984207D210F05F
:10428000C3FC0368DB68984700EB80030493049B3E
:10429000089708330C9304F66803079300230693EA
:1042A00004F58053264604F1A0080593059B069A61
:1042B000D3E9E430D3F888B0D0F81034062B28BF07
:1042C00006239A4206F58C7708F13409C0F05E8126
:1042D00004F5845A04F6A4590AF1040A002704F5E7
:1042E00080564FF48C7BD6F89033D3F88810D6F8EC
:1042F0009433D3F81034062B28BF0623013B0BFB65
:1043000003F303F5EC7023441439D3F8D83189084A
:104310009B6B0591204498470599049B0A1D7A439D
:104320004FF00108CDE90013043200F108035146B3
:104330004846CDF8088011F00BFFFDF708F900237F
:1043400001461A46484612F0ACF84846032112F0DE
:1043500031F847444846002112F098F8042F09F13B
:10436000B8090AF10C0ABED1414604F6147012F0E5
:104370008DF8CDF80880B4F9E6310193B4F9DC3159
:104380007C49083B04F6B8490093B4F9DE313A465B
:10439000484611F0DDFEFDF7DAF8002301461A4623
:1043A000484612F07EF8B4F9DC91B4F9DEB110F0B1
:1043B0002BFC6FF07F4A09F108090BF1080B019003
:1043C0005B464A4604F557606A49CDF800A00FF0F5
:1043D000BCFED6F89033DDE90921D3F888304FF0E0
:1043E000000B0A440521CDE9011B04F58659049907
:1043F000009103EBD37309F1040943FA08F3043A7B
:10440000063B521A48463946FEF7F4FC3946FF226D
:104410004846FEF7B1FD10F0F7FB02220146484680
:10442000FEF7F0FED6F894334846B3F82214FEF7B0
:10443000B0FDD6F894334846B3F82024B3F82214DC
:10444000FEF7E8FD10F0E0FB4B4903460322484627
:10445000FEF7EEFEFDF77BF85B465A4601464846FE
:10446000FEF719FF414686F8D4804846FEF7FAFE6B
:1044700010F0CAFB04F58E5909F11C09CDE900A022
:104480005B465A4648463D490FF05FFEB6F9CA20E2
:10449000B6F9C8105B4608320831484610F096FA63
:1044A000049BB6F9CC20CDF808800193B6F9D03042
:1044B0003349043B03EBD37343FA08F304F59059F3
:1044C00009F110090093B6F9CA300532484611F0D7
:1044D0003FFEFDF73CF85B4601465A46484611F060
:1044E000E0FF049BB6F91822CDF808800193B6F9D5
:1044F0001C32009304F5965909F10809B6F91632F1
:1045000020490532484611F023FEFDF720F85B46AE
:1045100001465A46484611F0C4FF0B9B1A4ACDE9A2
:10452000018304F1380525232821009328465B46A2
:1045300021F090F8B4F9AE9DB6F9CA6010F064FBB2
:104540000368DB689847804610F05EFBA6EB09061F
:10455000A6EB0806CDE900A009EB5603201D3A465C
:1045600029460FF0F2FD58460FB0BDE8F08F00BFAE
:1045700000380240AA830208F8820208FC8202087E
:10458000E6820208EE820208048302089DF818A061
:104590005146FEF7FDFE08220192049A009206F5AC
:1045A000EC760622ABF108030290114630469BFBE5
:1045B000F1F19B0093FBF2F3089AFEF71BFCFF223C
:1045C00004213046FEF7D8FC10F01EFB0222014603
:1045D0003046FEF717FE00213046FEF7DAFC059B59
:1045E0005146D3F89403FFF70DFE834610F00CFB01
:1045F0005946034603223046FEF71AFEFCF7A7FF92
:1046000000231A4601463046FEF745FED7F8C03073
:1046100030469B6C01219847059B5146D3F8940383
:1046200001F03BFD824610F079FA6FF07F43009372
:1046300000231A465146019040460FF086FD0221A4
:1046400040460FF0E7FD59F8343CDB691D46D7F8CA
:10465000C0303046DB6A984759F8343C8346DB6B00
:104660004046984700EBD0700BEBDB734FEA600BD2
:10467000CBEB630BD7F8C03030461B6B9847D7F8AD
:10468000C03082461B6C3046984759F8343C00EBEA
:10469000D0700AEB600A1B6C4046984700EBD07064
:1046A000AAEB6002594600234046A847D7F8C0301D
:1046B00030465B6B9847D7F8C03082461B6B30465C
:1046C0009847059BD3F89033D3F88810D7F8C030BB
:1046D0000D915B6B834630469847D7F8C0208046E3
:1046E000126C304690470D99A1EB0808A8F1080319
:1046F0000122CDE901020E49079800930AF1040254
:104700005B4611F025FDFCF722FF00231A46014607
:10471000079811F0C6FE069B0C9A01330693089B7E
:1047200013440893079BB8330793C8463E46BDE53C
:10473000F4820208264B70B50446036000F59650DB
:104740000830FCF7CBFF04F590501030FCF7C6FFA3
:1047500004F58E501C30FCF76DFF04F586500430D4
:10476000FDF74CF804F58455043504F6A456B5421B
:1047700004D0B83D2846FCF7B1FFF8E704F55760D0
:1047800004F6B845FCF756FF2846FCF7A7FF04F6E9
:104790006806AE4204D0B83D2846FCF79FFFF8E714
:1047A00004F5EC75B54205D0A6F58C763046FDF7DC
:1047B00025F8F7E704F1A006B54204D0343D2846B9
:1047C000FCF738FFF8E7201DFCF734FF204670BDEA
:1047D0008499020808B50248FFF7ACFF08BD00BF86
:1047E0005C37002010B50446FFF7A4FF204641F2D5
:1047F000B0310DF0EBFC204610BD10B50021044691
:1048000000F6A45011F042FE04F65C60002111F0A5
:104810003DFE04F61470002111F038FE04F6CC7051
:104820000021BDE8104011F031BE00002DE9F04F2D
:1048300000F5845500F5855687B0044604351036DA
:1048400000F6A458002700F5805900232B606B6008
:10485000AB6094F89410D9F89403052967D890F8C0
:104860001C34002B14BF4FF0090A4FF0050A01F069
:104870001EFC002818BF4FF00D0A06F003F8BA44DA
:104880005FFA8AFA00EB8A00D9F894A3D0F804B052
:1048900094F89410C6F804B0504601F008FC2E4B72
:1048A00000283FD09A6894F89410D9F894030592A0
:1048B000FFF7A8FC94F894100490D9F8940301F041
:1048C000F6FB049B059A0290019300925B460C2232
:1048D0002946504601F034FE6B1E002213F8011FDA
:1048E000202934D10C2303FB0743134441F28402F3
:1048F0000A219954D8F800306421DB684046984773
:1049000098F8343013B17368C4F898300137042F25
:1049100005F10C0506F1040608F1B80895D107B0B9
:10492000BDE8F08F9AF81C2453F82220BBE767B14A
:1049300033680A225343002273600292074A0192AD
:104940000122009229460C22C4E70123F3E7013239
:104950000C2AC3D1CEE700BF10A0020823830208AF
:104960002DE9F74F0446012104300FF0E6FF04F56E
:10497000EC7604F6680704F1A008B1464FF0000B8E
:10498000BA4604F58055D5F89433D3F81034062B85
:1049900028BF06239B4578D3062384F894303046FD
:1049A000002106F58C76FEF75DFCB245F7D1204676
:1049B000FFF73CFF3022002104F1640020F019FFD2
:1049C00000232366D5F8943393F81D34022B09D1C4
:1049D000652104F557600FF0B0FF632104F6B8407D
:1049E0000FF0ABFF04F586560436642130460FF015
:1049F000A4FF00213046FEF735FC04F58E506521FA
:104A00001C300FF09AFF04F59050642110300FF025
:104A100094FF04F59650642108300FF08EFFD5F80E
:104A20009433B3F81E34DB070FD5FDF775F9012178
:104A3000FDF78EF92149D5F8840311F030FCD5F843
:104A4000840303686621DB689847D5F88003036810
:104A50006621DB689847D5F8880303686621DB6820
:104A6000984703F04BFA0546FCF771FD04F59C539B
:104A70001833014600932846114A234603F009FBE8
:104A80004FF0000003B0BDE8F08FD9F8003064218A
:104A9000DB6848469847D8F800306421DB68404618
:104AA00098473B683846DB68642198470BF1010B57
:104AB00009F58C7908F13408B83764E727830208D0
:104AC0008D3E00082DE9F04F00F580558BB0D5F8EC
:104AD00080338B4204460E4600F01E81D5F88833A1
:104AE0008B4200F01981D5F884338B420BD100231F
:104AF0008A49D5F89403099309AA02F0A1F9002084
:104B00000BB0BDE8F08F00F6B84399420DD1D5F84F
:104B1000940390F8E43323B100238149099309AA4F
:104B2000EBE78049099309AAE7E7D5F88C338B4274
:104B30000AD11A7C002AE2D0D3F81C21197BD5F8BF
:104B4000940302F071FCDAE700F5965308339942BA
:104B50000ED1D5F8940390F8043413B102F094FE0A
:104B6000CDE790F80524D5F8101102F03BFEC6E71A
:104B700000F590531033994211D000F6A457B94272
:104B800016D000F65C67B94222D000F61477B9421D
:104B900020D000F6CC77B9421ED1032509E0D5F824
:104BA000940390F8051481F0010102F04BFEA6E792
:104BB000002505F22C45204604EB8505FFF71DFE78
:104BC0000121384611F062FC6B68C4F8983096E712
:104BD0000125EEE70225ECE700F5EC7700F6680A20
:104BE000B9464FF00008B14540F08D8099F82C305F
:104BF0005FFA88FB002B3FD0D5F88C33D5F89403AF
:104C00000493594601F049FA0590D5F89403464BB0
:104C100090F81C24594653F82220D9F84C300792BA
:104C20000693FEF7B5FB0221CDE902013F4B404957
:104C3000CDE90013DDE90632DDE90401FDF716FEDA
:104C4000D5F88CB3FCF783FC002301461A4658467E
:104C5000FDF7A3FDD5F88C0342F21071C0F80C806B
:104C6000FDF7C8FD08F10108B8F1060F09F58C79C8
:104C70000AF1B80AB7D119E004F6680AB846404606
:104C8000002108F58C78FEF7EDFAD045F7D104F550
:104C9000865000210430FEF7E5FA48460121FEF770
:104CA000E1FA84F894B02046FFF7C0FD04F5865879
:104CB00008F10408B0457FF422AFD5F89403D0F88A
:104CC0000834642B0AD0992101F032FBD5F8940303
:104CD000D5F8101190F8052402F084FD012140461A
:104CE000FEF7C0FA062384F8943004F668053846C7
:104CF000002107F58C77FEF7B5FAAF42F7D12046D1
:104D0000FFF794FDFBE65645ACD1D5F894035FFA66
:104D100088F102F05BFBA5E70920F1E62C8302088D
:104D2000308302083483020828A002088096980085
:104D3000806967FF4E4B70B5044640F8043BFCF7B2
:104D40001DFC00252822002104F1380020F051FD2F
:104D500029462566182204F1640020F04AFD294600
:104D6000182204F17C0020F044FD062384F89430DE
:104D70000123C4E9263504F5EC7604F1A0052846A4
:104D80003435FCF7FBFBB542F9D104F6680628463A
:104D900005F58C75FCF762FCB542F8D104F6B8460F
:104DA0002846B835FCF716FCAE42F9D13046FCF780
:104DB00011FC04F55760FCF7E1FB04F5845604F69A
:104DC000A45504362846B835FCF704FCAE42F9D1A8
:104DD00004F580553022002105F1840020F009FD02
:104DE0001022002105F1B40020F003FD04F58650E7
:104DF0000430FCF733FC04F58E501C30FCF7BEFB8E
:104E000004F590501030FCF7E5FB04F5965008309F
:104E1000FCF7E0FBFCF780FF00F5AA500830C5F86E
:104E20008003FCF779FF00F5B050C5F88403FCF768
:104E300073FF00F5B5501830C5F88803FCF76CFF18
:104E400000F5D0501430C5F88C030DF0FBF9C5F80F
:104E5000900301F073F8002385F8A433C5F8940398
:104E6000C5E9E633C5E9EA33C5F8A033204670BD8D
:104E70008499020810B50A4C2368BFF35B8FDB07E7
:104E80000CD420461DF053FE40B10648FFF752FFF8
:104E900005481FF001FC20461DF055FE014810BDDD
:104EA000583700205C370020D54700084FF000003D
:104EB000704738B50446FCF72FFF0546FDF744F868
:104EC00005F5A75004F58B5542F2107114301435D6
:104ED0000FF033FD4FF4FA6128460BF0C8FF63680A
:104EE0001BB9012128460CF03BFA236829469B692F
:104EF000204698474FF0000038BD10B50446FCF737
:104F00000BFF00F5A75014300FF027FD04F50053F8
:104F1000D3F87002FDF752FE04F50150103005F091
:104F20001CFA04F58B5014300BF0B0FF4FF000006A
:104F300010BD00002DE9F04385B0044688461546B3
:104F400000F58B560DF07EF928230222CDE90032C0
:104F50001436D0F888304246002130460BF0D5FF99
:104F60000FF0A2FD002319462D4A009030460CF0A8
:104F70002AF90FF099FD2B4A0090002301213046B9
:104F80000CF021F9FCF7E3FA002301461A463046FB
:104F900004F5C6570CF007FA103704F5A55304F5CD
:104FA000015210333E4610322121C6E900313C3611
:104FB000964203F12103F8D1FCF7C9FA04F58059B0
:104FC000194B0093014622463046184B05F0CDF8A8
:104FD00004F50054B9F982319844D4F8A432D3F8D6
:104FE00088400FF011FE0368DB689847B9F98231F9
:104FF000CDF80080083DED1AA5EB400500232022E6
:105000003946CDE90145304605F09AF93046002190
:1050100005F0D4F94FF0000005B0BDE8F08300BF03
:10502000948F0208388302080D5500084D57000878
:1050300010B50446FCF78BFAA04205D1BDE810403C
:105040000021283010F097BD10BD10B50446FCF7C4
:105050007EFA844206D104F128000021BDE8104008
:1050600010F0C1BD4FF00D0010BD0000204B2DE928
:10507000F041044603601F4BC0F8F8321E4FDFF8C2
:10508000808000F53E7004F532750FF085FCC4F8A1
:10509000C87228460FF080FC04F5C876AE4205D0F1
:1050A00045F8348D28460FF077FCF7E7DFF8548099
:1050B00004F58075B54205D046F8308D30460FF0C6
:1050C0006BFCF7E704F17006B54205D045F8307D7A
:1050D00028460FF061FCF7E72046084B40F8443FB4
:1050E0000FF05AFC20460FF057FC2046BDE8F08137
:1050F000D8AE02086CBF020814BF020874C00208D0
:105100001CC0020864B60208F8B5194B03600446D7
:1051100000F5015500F50650FCF7E0FA04F50056DD
:1051200005F18800FCF7DAFA124BC6F8943004F562
:10513000025014300FF030FC0F4B336604F5015071
:1051400020300FF029FC04F5C6560C4F10351036F0
:10515000B54206D03C3D284640F8087F0FF01CFCC5
:10516000F6E704F58B501430FFF780FF2046F8BDBA
:10517000A899020814BF020874C002081CC00208E3
:1051800008B50248FFF7C0FF08BD00BF104B002064
:1051900010B50446FFF7B8FF204642F2AC210DF0EF
:1051A00015F8204610BD10B50446FFF75FFF2046F6
:1051B0004FF447710DF00AF8204610BD08B50022E3
:1051C0001146083003F063F809F0A6FFBDE8084077
:1051D00009F0E8BB13B50446FFF7F0FF606818B1AB
:1051E0000CF0F2FF002363600022114604F1080076
:1051F00003F048F80FF058FC0023009004F58B50A2
:10520000054A194614300BF0DEFFFCF785FD02B0AD
:10521000BDE81040FCF798BE948F020838B50D46E3
:105220000446FFF7D7FF074928460CF0CBFF606024
:1052300008B100230370FCF76FFDFCF785FE606882
:1052400038BD00BFE42B030870B50D460646FFF7D6
:10525000B5FF09F061FF294609F022FD2A680446DE
:10526000014606F1080003F012F8204670BD000068
:10527000F7B51446002501AA0830089F01951E467F
:1052800003F031F820BB002003B0F0BD3B2B08BF7A
:1052900001320131019101990B780D2B1BD9BA42D2
:1052A000F4D30B78202B0A4601F101011AD0092B07
:1052B00018D00D2B05D842F2014121FA03F3DD0786
:1052C000E1D4013AA519AC420ED1002EDCD016E093
:1052D0002A460F4DDFE745FA03F3DB07E1D5BA4273
:1052E000D7D3DEE70191DCE712F8013F0D2B0AD896
:1052F00042F20141D940C90707D50023237000239A
:1053000005F8013CC0E73B2BF7D004F8013BDAE796
:10531000FEDBFFFF2DE9F3410024009405460E4615
:1053200017469846FFF7A4FF044630B943463A466D
:10533000314605F1080003F019F9204602B0BDE836
:10534000F08137B5022500951446FFF791FF00B9AB
:10535000207003B030BD37B5069D02350095144668
:10536000FFF786FF08B904B1207003B030BD73B5F4
:1053700005460E460024002300941A46314628466E
:10538000FFF7E9FF10B9204602B070BD0134F2E723
:10539000F7B51646002401AA08301F46019402F012
:1053A000A2FF054648B90025284603B0F0BD3B29B9
:1053B00000F1010008BF01340190019801780A2929
:1053C00006D00D2904D019B1BC42F0D30D2904D860
:1053D00042F20143CB40DB07E5D41FF066F93060B1
:1053E000E2E710B501231446FFF7D2FF08B9012305
:1053F000236010BD07B5002301AA0193FFF7F1FF59
:1054000018B10198B0FA80F0400903B000BD000067
:105410002DE9F04F95B005461822002108A820F08C
:10542000E8F90DF11809182200210EA820F0E1F981
:105430000024012305F5C65605F50157D5F87CA0D3
:105440000694C9F8044004931036A3461037544517
:1054500043D01F2C02D115B0BDE8F08F05AA21461C
:1054600005F10800CDF814B002F020FF182308AAB7
:1054700021462846FFF74EFF21462846FFF7BAFF90
:10548000804680B1059B00930EAA1823214628462A
:10549000FFF761FF0EAB314608AA384604F06CFEF8
:1054A00001343C36D3E704AA21462846FFF799FF8A
:1054B00008234A4621462846FFF743FFCDE90198D5
:1054C000049B009305F50050059BD0F8A802182214
:1054D0000EA901F035F80346DDE71F2CBBD03C23B5
:1054E00003FB045105F50156103601F5C651054B75
:1054F000054A1031304604F03FFE611C304604F08E
:105500005DFFA8E7AA8302084083020810B504469D
:1055100090B100F58052D2F8AC2152B9C26F9142DD
:1055200005D2083003F09EFC2046FFF771FF0020F3
:1055300010BDFFF74FFEFAE70220F9E72DE9F04131
:1055400000F58B5514358D429AB0044640F0BF806B
:1055500000F58053D3F8AC31012B40F0A480FBF769
:10556000F6FFFFF772FD1CF0EDF96749674800226E
:1055700019F09EF9E0B1002604F5A5523346103229
:1055800000211F2B40F28A8004F50154FBF7DFFF56
:105590001034FFF74DFD3146204604F00FFF642123
:1055A000204604F059FF4FF000001AB0BDE8F0812A
:1055B00057490DA819F0E5FD06460028DBD102AFDA
:1055C00039460DA819F03EFE0546002855D19DF834
:1055D0001E30002B51D00DF11D0313F8012F72B1B5
:1055E0000135152DF9D10323ED1A05F11708B8443B
:1055F000E5B118F8013D2E2B06D0013DF8E7032D4B
:1056000034BF00230323EFE798F802001FF054FF94
:105610007328F2D100F092FC90F81D348BBB98F8FF
:1056200001001FF049FF6D282BD101259DF8103096
:10563000DB06C5D4002DC3D03C21714301F5C65013
:10564000029B01931830251821440DF11E0341F6E9
:10565000D00041F6D40200938A582E4B09580136E7
:1056600028460EF034FE202EAAD104F50051D1E9CF
:105670000512294B28460EF02AFE0DA819F0CAFD86
:105680007AE700F05BFC90F81D34022BB5D198F856
:1056900001001FF011FF6C28AFD1C6E703EB4310E8
:1056A000013311546DE7436800F50154103453B1D0
:1056B000FFF7AEFE6421204604F0CEFE002128460E
:1056C0000BF04EFE6FE7204604F047FE6BE700F557
:1056D0000052D2F870328B420DD11A7C002A3FF46E
:1056E00062AFD3F81C21D968083002F0EEFD2046E5
:1056F000FFF78EFE57E7D2F86C328B427FF453AF40
:10570000FFF75CFD4FE700BF48CD012010CB012023
:1057100038830208498302085883020810B503231E
:105720001446FFF735FE08B9014B236010BD00BFDA
:10573000806967FF10B504231446FFF729FE08B9F6
:10574000014B236010BD00BF809698002DE9F04307
:105750000D4691B00446002800F0D78100F5805333
:10576000D3F8AC61002E40F0E4804368002B60D099
:10577000C36F8B426FD100F50055D5F8A83293F86E
:105780007033012B08D807A90796FFF75DFD074680
:1057900080B9B84A022301E0B74A0223B749D5F8D5
:1057A0006C0204F0CDFED5F86C0242F2107104F0E8
:1057B000C9FF3EE00834204604F00AF800283CD037
:1057C00005F060F8436933B3FBF7C1FEFFF73DFC1A
:1057D000AB49AC48324619F06BF8C0B9AA49AB489E
:1057E0000A2219F0A1F890B909F096FC056909F0B0
:1057F00093FC006910B1FAF7FDFC0646A34808AB1C
:105800003246294619F065FAA04819F091FBFBF7DA
:105810009EFEFFF70DFCFCF77FFA054609F07CFCC5
:1058200001462846FCF769FB00221146204602F09B
:105830002EFD002011B0BDE8F0839049D5F86C0230
:1058400002233A4604F07CFED5F86C0242F2107155
:1058500004F078FFE8E700F1080904F5095801238E
:1058600005AA484608F134080693059602F01EFD85
:105870002023424629462046FFF74CFD06AA29462A
:105880002046FFF7AEFD069FA7B9059B29460133C9
:1058900020460593FFF76BFD059A9042D8BF3A4624
:1058A00029464846D8BF059702F00FFD2046FFF76E
:1058B000AFFDBEE707AA2946204604F50A59CDE9FF
:1058C000076609F11409FFF729FF08AA29462046AF
:1058D000FFF730FF10234A4629462046FFF731FDE7
:1058E0000A23092F21DC0123CDE90263089B0193E0
:1058F00004F50057079B00934A46059BD7F87002B2
:105900004146FCF7B3FFD7F87062FBF720FE002397
:1059100001461A463046FCF740FFD7F8700242F2C3
:105920001071C560FCF766FFC0E7013697FBF3F71F
:10593000D7E708AE2022564930461FF081FF304697
:10594000FAF758FC3C2305FB034303F5C65337180D
:105950000022C0F1200010331968895CB954B1B934
:1059600000228DF83F200DF13F0313F80119202983
:1059700011D9DFF8188131460122404618F0D4FFD2
:10598000064660B1434A04F500540223ACE00132FC
:105990009042E1D1E4E7B3425A70E6D1E9E7D8F8A2
:1059A0000C9009F1010739462046FFF737FC002823
:1059B00000F0A68006AB3A4661680696404619F0AC
:1059C000C1F86268069BD65420B9069EA6EB09036F
:1059D0005E425E4104F108093A466168484602F0B9
:1059E00051FC002707A920460797FFF72DFC8046AA
:1059F00000286ED0002E6CD0484604F013FA0646FC
:105A0000002849D03C2305FB034341F6D0029858B7
:105A100004F5A4520F323B46C15C02F8011F21B1CC
:105A20002E2902D001331F2BF6D1E11841F2904705
:105A30000026CE550FF038F804F58B551435334653
:105A4000E2193146009028460BF0BDFB2046FFF7D7
:105A5000DFFC04F501506421103004F0FDFC284601
:105A600031460BF07DFC2046FFF7A8FB074819F0F4
:105A70005FFADEE66E830208AB830208C38C02087D
:105A800048CD012010CB0120D6830208E0C80120B8
:105A9000E08302081284020804F5095504F5005752
:105AA000343541461F2228461FF0CAFE02232A46EB
:105AB0001749D7F86C0287F8936204F041FDD7F8D4
:105AC0006C0242F2107104F03DFE2046FFF782FBAB
:105AD000CCE72046FFF77EFB0E4A0F4904F5005441
:105AE0000223002E08BF0A460949D4F86C0204F0CC
:105AF00027FDD4F86C0242F2107104F023FEB5E7E2
:105B0000064A04F500540223EEE7022092E600BFA5
:105B1000C38C02086E83020895830208E983020899
:105B20002DE9F84F002600F580570546804B0360AD
:105B3000C0E90466C0E91D66C0E91F66C0E92166C8
:105B40007C4946608661782207F12C0005F58B5868
:105B50001FF0C9FF08F114087749DFF8F0B1D0222F
:105B600007F1A4001FF0BFFF40460EF003FF734B88
:105B7000C7F87431724BC7F89C616FF07F42C7E978
:105B80006823704BC7E96566C7E96A36C7E96C6682
:105B900008F144000EF0B2FD08F17000FBF7DEFCE6
:105BA00005F590501430FBF7D9FC05F59250043000
:105BB000FBF7D4FC05F5935905F5985409F1140940
:105BC00004344FF0FF3A48460EF0D4FEC9F800B056
:105BD000C9F828A089F82C6089F82D60C9E9086601
:105BE00009F130094C45EED105F5A15BDFF8609174
:105BF0000BF11C0B4FF0000A204601260EF0BAFEF6
:105C0000C4F80090A4F830A084F8326084F833A07F
:105C1000C4E908AAC4E90AAA04F134000EF0AAFEF5
:105C2000C4F83490A4F864A084F8666084F867A08F
:105C3000C4E915AAC4E917AA68345C45DCD108F5A3
:105C40003270FBF78BFC05F5A3500C300EF092FE82
:105C50003D4BC7F86C340CF0F5FA4FF48462C7F88A
:105C60008C04002107F596601FF0C3FD05F5C657AB
:105C700005F50158103708F110080024C7E9004461
:105C800007F108000EF076FEC7F808903C8787F809
:105C90003A6087F83B40C7E90A44C7E90C443C37FF
:105CA0004745EBD105F50056C6E91444C6E916444C
:105CB00007F110000EF022FDC6E9234407F144006D
:105CC000FBF74CFCC6F8C44007F17800FBF782FCF8
:105CD00005F50650FBF77EFC0CF0B4FAC6E99044DB
:105CE000C6E98E04C6E99344C6E99544C6E99944D9
:105CF00086F84842C6F85C4286F86042FCF70CF829
:105D000000F5BB501030C6F86C02FCF705F800F542
:105D1000D0501430C6F870020CF094FAC6F8A40201
:105D200000F00CF9C6F8A8022846BDE8F88F00BFBD
:105D3000A8990208FC7B0208747C0208D8AE02080D
:105D400080808000404040006CBF020864B60208BA
:105D50001CC0020810B50A4C2368BFF35B8FDB0739
:105D60000CD420461CF0E3FE40B10648FFF7D8FEF5
:105D700005481EF091FC20461CF0E5FE014810BDD0
:105D80000C4B0020104B0020815100080A4B0B4A9D
:105D900010B59A600A4ADA600820D2F85C131871CC
:105DA0001876084859624FF01C14C3E90414C3E97B
:105DB00007021C6010BD00BFBC6D0020D49C02080F
:105DC000B4B60208C499020813B50446C06C03684F
:105DD0009B68984700238DF80730E06C03680DF14D
:105DE00007011B699847C0B20028F6D04FF00000A9
:105DF00002B010BD10B5064B0360044600F5986074
:105E00000FF088FC2046FBF751FB204610BD00BF79
:105E1000EC9F020808B50248FFF7ECFF08BD00BF81
:105E2000E86D002010B50446FFF7E4FF204640F27D
:105E3000B4610CF0CBF9204610BD08B528B904F0C8
:105E400021FD8068C31E5842584108BD70B5044604
:105E5000C06C03681B6A984780B9D4F83C34002BA7
:105E600060D094F8E303FFF7E8FF00285AD1D4F894
:105E70003C34C4F86C330024204670BDD4F83C5444
:105E8000D5B994F850303F2B39D194F85533002BC5
:105E9000F1D00FF01CFEC4F85803E06C84F85553A1
:105EA0000368DB69012204F150019847C0B207285A
:105EB000D3D02428DFD1D0E794F8E303FFF7BDFF68
:105EC0000028CAD094F85633002BC6D194F8F13389
:105ED000002BCCD104F598654FF0FF3128460FF028
:105EE00021FC0FF0F4FD012384F85633D4F83C3440
:105EF000C4F86003C4F86C3328460FF038FC04F192
:105F000050054FF4807204F5886128461FF098FC14
:105F1000E66C2846FAF76EF933680246DB692946D3
:105F20003046C2E704F23C410023012220460FF034
:105F300027FBC4B201200FF0D9FD9DE738B54B48CF
:105F40000568BFF35B8F15F0010540F08C801CF0F5
:105F5000EEFD002800F08780454C464B204610227D
:105F600040F8043B22212B460FF025FC2B468422CF
:105F7000202104F114000FF01EFC3F4A3F49A164A8
:105F80003F492160C4E90D2404F23C434FF4C06250
:105F90004FF07C51C4E90935A4F8442001230322C1
:105FA000C4F8501340F23F11C4E9DA35E36284F8D3
:105FB0003C3084F84620A4F85413A4F80E34C4F8F6
:105FC00010244FF440732946182204F22440C4F8E8
:105FD0001C34C4E9D655C4E9D85584F8305025643A
:105FE000E56484F8565384F8E35384F8E55384F861
:105FF0001454C4F81854C4F820541FF0FAFB04F5E4
:1060000098600FF07DFB1F4B04F2C44403F10805B8
:1060100018685968224603C20833AB421446F7D1C8
:10602000194D18689B88106093800FCD174C0FC4D2
:106030000FCD0FC495E8070084E80700502205F152
:106040000C0104F10C001FF04EFD4FF4B27205F18B
:106050005C0104F15C001FF046FD0D481EF01CFBC6
:1060600002481CF070FD024838BD00BFE46D0020FE
:10607000E86D0020B8980208CF5501088486020810
:10608000EC9F0208447D0208547D0208BC72002087
:10609000155E0008C1640FF0BFB9D0F81034994202
:1060A000A8BF062101F2622100EB410070470229DE
:1060B0000BD9D0F81034994207DA90F81404033958
:1060C000C9B2C84000F001007047002070470000CE
:1060D00008B50246FFF7EBFF28B992F81C24034BE2
:1060E00053F8220008BD4FF47A70FBE710A00208B5
:1060F0000B2928BF002100EB8100D0F8D4047047A1
:10610000582928BF582101F5AA7150F8210070477D
:106110002DE9F041D0F8103499422DED028B044660
:106120000D4629DA00F598664FF0FF3130460FF042
:10613000F9FA29462046FFF7CBFF94F8E08307EEF3
:10614000900A04EB850797EDDD8AF8EEE77AB8F15F
:10615000000F03D097EDE37A38EE078A68EE277ACE
:106160003046FDEEE77A17EE904A0FF000FBBDECEB
:10617000028B2046BDE8F0810024F8E72DE9F041CC
:10618000D0F8103499422DED028B04460D462ADAE0
:1061900000F598664FF0FF3130460FF0C3FA2946FC
:1061A0002046FFF795FF94F8E08307EE900A04EB92
:1061B000850797EDDD8AF8EEE77AB8F1000F0DD08C
:1061C00068EE277A3046FDEEE77A17EE904A0FF038
:1061D000CEFABDEC028B2046BDE8F08197EDE37A64
:1061E00038EE478AECE70024F3E770B5D0F81034B6
:1061F00099422DED028B04460D461FDA00F5986694
:106200004FF0FF3130460FF08DFA04EB8503204646
:10621000294693EDE98AFFF75BFF07EE900AF8EE57
:10622000E77A304667EE887AFDEEE77A17EE904A15
:106230000FF09DFABDEC028B204670BD0024F9E7FB
:1062400070B5D0F8103499422DED028B04460D46FE
:1062500023DA00F598664FF0FF3130460FF062FA0E
:1062600004EB8503D3EDE37A93EDE98A20462946D2
:1062700038EE678AFFF72CFF07EE900AF8EEE77A10
:10628000304667EE887AFDEEE77A17EE904A0FF017
:106290006EFABDEC028B204670BD0024F9E70000C9
:1062A000052910B504461AD801F5847300EB830361
:1062B000D3ED017A9FED0B7A67EE877AFCEEE77AF1
:1062C00017EE902AFFF7F3FE38B994F81C3423B187
:1062D0000A235A43FE23B2FBF3F2104610BD0022FC
:1062E000FBE700BF0000C84290F85623D0F86C339B
:1062F00022B9994202D190F8F1037047994234BF14
:1063000054205520704710B50446FFF7EDFF40B903
:10631000D4F86403D4F85C3398422CBF00200120E9
:1063200010BD542802D1D4F86003F3E70020F7E74A
:1063300000B5A3B000238DF80810012201A9019334
:106340008DF809300FF01CF923B000BD38B50446B4
:1063500004F098FA027A7AB917484FF4005110F015
:1063600079FC94F8EC3323F0010384F8EC3348F221
:106370000173A4F8523338BD04F084FA037A012B78
:106380000ED194F85253002DEBD18B212046FFF70C
:10639000CFFF0FF09CFB84F85553C4F85803E0E797
:1063A00004F070FA037A022BDBD1034800224FF489
:1063B000005110F04FFCE4E70008024038B50446F5
:1063C00004F060FA057ABDB91E4801224FF400516D
:1063D00010F040FC84F85253D4F86823C4F86C23BE
:1063E00094F8EC23002363F3000284F8563384F816
:1063F000F13384F8EC2324E004F044FA037A012B0F
:106400000DD194F8523333B194F8E3331BB18B219F
:106410002046FFF78DFF002384F85233DCE704F0B9
:1064200031FA037A022B06D1064801224FF40051BB
:1064300010F010FCE5E704F025FA94F85233002B35
:10644000CAD038BD0008024037B5B3F1004F0D4641
:106450000698114618D0002B43DA1C4642F21072FF
:106460009042C4F1000455D12D4B42F21070B4FBA0
:10647000F0F200FB1244CDE900242A4A28461FF01E
:10648000E9F8284603B030BD274CE7E7274BECE797
:10649000264B4FF47A70B4FBF0F200FB1244CDE9C6
:1064A0000024234AEAE70A280ED1B4FBF0F200FBED
:1064B0001244CDE900241D48194A30EA230028BFC0
:1064C000104603461B4AD9E7154A1848009430EA9B
:1064D000230028BF10460346174A28461FF0BAF883
:1064E000CFE742F2107290421C46CFD0B0F57A7FCF
:1064F000CED06428D7D1B4FBF0F200FB1244CDE932
:1065000000240A48064A30EA230028BF1046034602
:106510000A4AB3E7B0F57A7FEBD1014BB9E700BF88
:106520006C8302088D86020801000080AA8302089D
:1065300099860208B1860208BD860208A58602086F
:106540002DE9F341DDE908769DF8288000970C4697
:106550001546FFF779FFB8F1000F10D0012F0EDDBF
:106560002E2120461FF04DF9074640B12046F9F78D
:1065700041FE431E23440021BB420FD814D04EB12C
:106580002046F9F737FE0A4B0A4A0096291A20449A
:106590001FF060F8204602B0BDE8F0811A78302A7A
:1065A000EDD103F80119E7E700221A70E7E700BF11
:1065B000819802084F8702082DE9F0410F460546F1
:1065C0003A2138461FF01DF938B3002300F8013B8B
:1065D0001EF06BF8C4B205F59A68002658F8041F3F
:1065E0003846F9F7FDFD08B9F6B203E001360B2E87
:1065F000F4D1002695F87033B34203D195F8712396
:10660000A2420CD013B9012385F80E3485F87063CB
:1066100085F871430120BDE8F0810446DBE70020E6
:10662000F9E710B510460C460AB9002010BD1EF05F
:1066300039F851EC100BFAF7EFFA94ED007A07EE07
:10664000900AF4EE477AF1EE10FAEED020600120C5
:10665000ECE710B510460C460AB9002010BD1EF03C
:1066600024F823689842F8D020600120F6E7000063
:1066700070B50E4604463D2130461FF0C2F805466F
:1066800068B1002305F8013B701C1EF00EF82028AD
:1066900022DC152804DC0A283BD00D2849D070BD27
:1066A00016380A28FBD801A353F820F04D670008DC
:1066B0009F6600089F6600089F6600089F660008A6
:1066C0009F6600089F6600089F66000867670008CD
:1066D000816700089B67000873280ADC6D28DEDDEF
:1066E0009B3004EB80012A462046BDE87040FFF74E
:1066F00098BFB0F5BC7FD2D1284694F814641DF041
:10670000D4FF8642CBD028461DF0CFFF84F8140476
:106710000BE02846D4F818641DF0CBFF8642BED0AB
:1067200028461DF0C6FFC4F81804012384F80F346E
:10673000B5E7284694F81C641DF0B7FF8642AED03A
:1067400028461DF0B2FF84F81C04EEE72846B4F892
:106750001E641DF0AAFF8642A1D028461DF0A5FFA9
:10676000A4F81E04E1E72846B4F820641DF0A1FF58
:10677000864294D028461DF09CFFA4F82004D4E75C
:106780002846B4F822641DF094FF864287D028463C
:106790001DF08FFFA4F82204C7E7284694F81D6473
:1067A0001DF083FF86423FF47AAF28461DF07DFF3F
:1067B00084F81D04B9E700BF2DE9F0410025064625
:1067C0000C4690462F46D6F81034AB4202DC3846D1
:1067D000BDE8F08108EB850122463046FFF721FF36
:1067E0003843C7B22C2120461FF00BF80028EED00A
:1067F000441C0135E7E710B500F563720446FFF766
:10680000DBFF94F8E123C30043EA421394F8E82342
:1068100003F0280322F02802134384F8E83310BD64
:106820002DE9F04105460E46D9B32C2130461EF025
:10683000E8FF4FF000080446074648B107F8018B0F
:106840002C2138461EF0DDFF044608B104F8018B08
:10685000324605F575712846FFF7FBFE28B195F81D
:10686000EA3343F0020385F8EA333A4605F57671D8
:106870002846FFF7EEFE28B195F8EA3343F004030B
:1068800085F8EA33224605F581612846FFF7E1FEE7
:1068900028B195F8EA3343F0080385F8EA33BDE8F8
:1068A000F0810C460F46D3E72DE9F04105460E4630
:1068B00000294CD02C2130461EF0A3FF4FF00008D9
:1068C0000446074648B107F8018B2C2138461EF0D4
:1068D00098FF044608B104F8018B324605F577713C
:1068E0002846FFF79EFE28B195F8E93343F00203EE
:1068F00085F8E9333A4605F57F712846FFF791FEA2
:1069000028B195F8E93343F0040385F8E93305F538
:106910008066224631462846FFF783FE28B195F867
:10692000E93343F0080385F8E93374B9D6ED007A0A
:10693000F5EE407AF1EE10FA07D00023336095F8B7
:10694000E93343F0080385F8E933BDE8F0810C46EC
:106950000F46C2E7F8B500F5A875B54904462846C4
:10696000F9F73EFC064640B90FF0B1F884F85663DB
:10697000C4F8640384F8F163F8BD94F850313C2BFB
:1069800040F03D81012384F855330FF0A0F8A94968
:10699000C4F85C0304F251101EF066FF0546F8B11E
:1069A00001462046FFF708FE28B194F8E83343F08B
:1069B000020384F8E83394F8F03363B194F8703349
:1069C000052B08D094F8E933002262F3041384F80D
:1069D000F02384F8E933974900201EF045FF05466F
:1069E000002622E09449052228461EF017FF90BB9E
:1069F00094F8E03343B9012384F8E03394F8E833A2
:106A000043F0080384F8E83304F55D72691D2046FD
:106A1000FFF7D2FE94F8E83360F3820384F8E8339A
:106A2000844900201EF020FF0546002DDAD1002EFB
:106A3000A2D194F8F233002B94F8E9331ABF84F80A
:106A4000F2630122002262F3C71384F8E9330023C2
:106A500084F8E53390E77949052228461EF0DEFEEA
:106A600030B994F8E033002BCED084F8E003C5E7CA
:106A70007349032228461EF0D1FE20B9E91C2046A6
:106A8000FFF712FFCCE76F49022228461EF0C6FE30
:106A900070B9AA1C04F577712046FFF7C2FD0028E3
:106AA000BED094F8E93343F0020384F8E933B7E742
:106AB0006549042228461EF0B1FE20B9291D204652
:106AC000FFF799FEACE76149032228461EF0A6FEB7
:106AD00040BB04F2F133023504F2FB31064615F8EF
:106AE000012F13F8017F97421EBF94F8E92342F06B
:106AF000800284F8E9231E702A7852B13E2A08D019
:106B0000502A1A700CD0702A08BF40F001008B4246
:106B1000E5D1002384F8FB3384F8E50301267FE701
:106B20000120F4E74A49022228461EF077FE58B9B0
:106B3000AB78A3F131004342434184F8E43394F845
:106B4000E93343F04003B0E74249022228461EF0F1
:106B500065FE38BB94F8E833A4F80C0443F0400316
:106B6000023584F8040484F8E833012240F201116C
:106B700015F8013B002B3FF453AF4D2B0CD006D83A
:106B8000432B0CD0462BF3D184F80C24F0E7532B85
:106B9000EED1A4F80424EBE784F80D24E8E7A4F888
:106BA0000414E5E72C49032228461EF037FE20B9DD
:106BB000E91C2046FFF734FE32E728490422284624
:106BC0001EF02CFE00287FF42BAF2A7994F8E333D3
:106BD000A2F131014A424A419A4209D083F00103AD
:106BE00084F8E33394F8E83343F0010384F8E8339E
:106BF00094F8EC3343F0010384F8EC3310E75B2B9B
:106C000079D104F251151649042228461EF006FED9
:106C100040BB04F5697204F255112046FFF7CCFD24
:106C200094F8EA3360F3041384F8EA33A4E600BF6F
:106C3000C386020811900208C6860208CC860208A4
:106C4000D2860208D6860208D9860208DE860208A5
:106C5000C6820208E2860208E5860208E986020882
:106C6000EE8602084949042228461EF0D7FD58B98D
:106C700004F56F7204F255112046FFF79DFD94F85C
:106C8000EA3360F34513CFE72846414904221EF05A
:106C9000C5FD054600287FF46FAE04F25516324656
:106CA00004F582612046FFF7D4FCD4F81034002BA1
:106CB0001BDAC4F810543A2130461EF0A2FD002819
:106CC0003FF45AAED4F8102404F2C444AA427FF729
:106CD00053AE10F8013F002B3FF44EAE5D2B3FF456
:106CE0004BAE04F815300135F0E7062BC4BF062380
:106CF000C4F81034DFE7242B05D129462046BDE82F
:106D0000F840FFF7B5BC2349062228461EF086FD51
:106D1000064690B90EF0DBFEC4F8640304F5AB70D0
:106D20001DF0C3FC94F8E93384F8F10343F0200329
:106D300084F8E93384F856631EE61749062228468C
:106D40001EF06CFD60B904F5AB701DF0AEFC94F85C
:106D5000E93384F8F00343F0100384F8E9330BE6D9
:106D60000E49042228461EF059FD00287FF404AE87
:106D700094F8E83384F8700323F0030343F003032B
:106D800084F8E30384F8E833F6E500BFF3860208ED
:106D9000F8860208FD860208048702080B870208AD
:106DA00073B5002604468DF80760E06C03680DF1AA
:106DB00007011B699847C0B208B102B070BD9DF8C9
:106DC0000720182A04D0B4F85033B3F5FE7F02D957
:106DD000A4F85063E9E70A2A01D00D2A13D1002B49
:106DE000F6D02344002204F5986583F850214FF033
:106DF000FF3128460EF096FC2046FFF7ABFD2846F3
:106E00000EF0B5FCE4E7591C2344A4F8501383F8B2
:106E10005021CAE770B5044600F598664FF0FF317F
:106E200030460EF07FFCD4F868536B1C012B38BF42
:106E30000123C4F8683330460EF099FC284670BD33
:106E400070B50446A2B090F8E3030D461646FEF76F
:106E5000F4FF88B194F8703373B12046FFF7DAFF7E
:106E60006A1E01900DF107017F3512F8013F01F80C
:106E7000013F23B1AA42F8D10D2022B070BD1A46BD
:106E800001A920460EF07CFB019B3360C0B2F4E701
:106E900013B50446FFF784FF0EF019FED4F85C33F7
:106EA000C01AB0F5967F81BF002384F870330123A8
:106EB00084F8553394F8E303FEF7BFFF10B194F85C
:106EC000703363B994F856334BB1002384F85633CA
:106ED000D4F86833C4F86C33562384F8F13303F0E4
:106EE000D1FC037A012B1DD194F85233FBB194F8F5
:106EF000E303FEF7A2FFD0B994F8EC33DB0758D5D3
:106F00008B212046FFF714FA0EF0E1FD94F8EC33E4
:106F1000C4F85803002262F3000384F8552384F870
:106F2000EC3304E003F0AEFC037A022BDCD094F8DF
:106F3000E303FEF782FF78B194F80E3463B1214980
:106F400001AA2046FFF77CFF1F4901AA2046FFF750
:106F500077FF002384F80E3494F8E303FEF76DFF07
:106F600018B394F8553303B30EF0B1FDD4F8583389
:106F7000C01A642819D9E06C03681B6A9847A0B14D
:106F80000EF0A5FD0023C4F8580384F85533E06CD7
:106F900094F8533384F8543303680122DB6904F511
:106FA000557198473F2384F853334FF0000002B0E7
:106FB00010BD0EF08CFDD4F85833C01AB0F5967F92
:106FC0009ED8B4E710870208148702082DE9F04123
:106FD0001E46D0F810349942AEB004460D4617460E
:106FE00052DA90F8E303FEF728FF00284ED094F819
:106FF000703303F0FD03012B48D12046FFF70AFF51
:1070000029460D902046FFF74BF910B1864228BF64
:10701000064629462046FFF75BF80DF114083B466B
:107020000090102241462046FFF70EFA09AF642374
:1070300000931022334639462046FFF705FA9DF8A3
:10704000D000134B134A94F81C1405F26225002853
:1070500018BF1A4604EB4505CDE900250E4B0F4A33
:10706000CDE90287002918BF13460EA80C4A8021DB
:107070001EF0F0FA00231A460DA920460EF080FA01
:10708000C0B22EB0BDE8F0810320FAE70D20F8E78A
:107090002087020824870208188702081C87020834
:1070A000288702082DE9F0411E46D0F81034994295
:1070B000AEB004460D46174642DA90F8E303FEF7F9
:1070C000BCFE00283ED094F8703303F0FD03012B82
:1070D00038D12046FFF79EFE29460D902046FEF748
:1070E000F7FF0DF114083B46009010224146204660
:1070F000FFF7AAF909AF64230093102233463946FB
:107100002046FFF7A1F905F2622594F81C240E49E8
:107110000E4B04EB4505002A18BF0B46CDE901874D
:107120000B4A009580210EA81EF094FA00231A46FF
:107130000DA920460EF024FAC0B22EB0BDE8F081B1
:107140000320FAE70D20F8E71C87020818870208D9
:10715000388702082DE9F0430446B5B090F8E30300
:10716000884617461D46FEF768FE002800F08F800F
:1071700094F8703303F0FD03012B40F08880204623
:10718000FFF748FE444E94F81C34139056F8233011
:1071900000930DF10C094346102249462046FFF7A3
:1071A00053F994F81C340DF11C0856F82330009361
:1071B00010223B4641462046FFF746F994F81C341E
:1071C0000BAF56F82330009310222B463946204649
:1071D000FFF73AF96423009310223C9B0FA9204645
:1071E000FFF732F99DF8F4002C4B2D4A94F81C144B
:1071F000002818BF1A4600922A4B2B4A14AE0029C9
:1072000018BF13463046294A80211EF023FAD4F8CD
:107210001034002B3DDD04F2C4437721244ACDF81D
:1072200000900DF159001EF015FAD4F8103400F159
:107230000905012B06EB0500C5F1800116DD04F2FE
:10724000C6431B4ACDF800801EF004FAD4F810346F
:107250000544022B06EB0500C5F1800106DD144A4A
:10726000009704F599631EF0F5F90544114A0FAB38
:10727000C5F1800170191EF0EDF900231A4613A91B
:1072800020460EF07DF9C0B235B0BDE8F0830D2088
:10729000FAE70925EAE700BF10A0020820870208E4
:1072A00024870208188702081C8702084C870208F6
:1072B0004F870208708702082DE9F0430446BBB0EF
:1072C00090F8E3030E4617469846FEF7B6FD0028F1
:1072D00069D094F87033013B022B64D82046FFF745
:1072E00099FDDFF8E49094F81C34199059F8233094
:1072F000009309AD3346102229462046FFF7A4F833
:1073000094F81C340DAE59F82330009310223B46FC
:1073100031462046FFF798F894F81C3411AF59F81D
:10732000233000931022434639462046FFF78CF85D
:107330000DF15408642300931022429B41462046DD
:10734000FFF782F89DF81001184B194A9DF80CC1FF
:1073500094F81C140596002818BF1A46154B1648B9
:107360000092BCF1000F18BF184604F2C643CDE9E5
:10737000035304F2C443CDE90103104A104BCDE995
:107380000678002918BF13461AA80E4A80211EF05D
:1073900061F900231A4619A920460EF0F1F8C0B28F
:1073A0003BB0BDE8F0830D20FAE700BF208702085C
:1073B0002487020854870208588702081C8702089D
:1073C000188702085C87020810A0020830B5D0F8C0
:1073D00010349942A3B004460D461EDA90F8E30338
:1073E000FEF72BFDD8B194F87033012B17D120464E
:1073F000FFF710FD05F262230A4A019004EB4303F4
:10740000802102A81EF026F900231A4601A9204671
:107410000EF0B6F8C0B223B030BD0320FBE70D205C
:10742000F9E700BF75870208F0B5D0F8103499422B
:10743000A9B004460D46164633DA90F8E303FEF78A
:10744000FCFC80B394F87033012B2CD12046FFF75D
:10745000E1FC294607902046FEF73AFE03AF009074
:107460003346102239462046FEF7EEFF05F262252C
:1074700094F81C240D490E4B019704EB4505002A96
:1074800018BF0B4600950B4A802108A81EF0E2F8B1
:1074900000231A4607A920460EF072F8C0B229B0A0
:1074A000F0BD0320FBE70D20F9E700BF1C870208B1
:1074B00018870208858702082DE9F0431E46D0F898
:1074C0001034AFB099429DF8DC7004460D469146E9
:1074D0005CDA90F8E303FEF7B0FC002858D094F88B
:1074E0007033012B54D12046FFF794FC29460D90B0
:1074F0002046FEF7EDFD0DF114084B4600901022DA
:1075000041462046FEF7A0FF0DF1240964230093B5
:107510001022334649462046FEF796FF94F81C2475
:107520001C4B1D4905F26225002A08BF0B46E6B137
:1075300004EB4505194ACDE90035194BCDE902891F
:10754000002F08BF13468021164A0EA81EF082F8AD
:1075500000231A460DA920460EF012F8369B0D9A0C
:107560001A60C0B22FB0BDE8F08304EB4505CDE949
:1075700000350A4A0A4BCDF80880002F08BF134691
:107580008021094A0EA81EF065F8E1E70320E9E72B
:107590000D20E7E71C8702081887020824870208E5
:1075A0002087020898870208A78702082DE9F04380
:1075B0009846D0F81034AFB099429DF8DC9004465C
:1075C0000D46174648DA90F8E303FEF736FC00282C
:1075D00044D094F87033012B40D12046FFF71AFCB9
:1075E00029460D902046FEF773FD05AE3B46009000
:1075F000102231462046FEF727FF09AF642300938F
:107600001022434639462046FEF71EFF94F81C34EC
:10761000134A144905F2622504EB4505002B08BF07
:107620001146CDE9016700950B46B9F1000F11D065
:107630000D4A80210EA81EF00DF800231A460DA950
:1076400020460DF09DFF369B0D9A1A60C0B22FB0F8
:10765000BDE8F083054AECE70320F8E70D20F6E7E4
:10766000188702081C870208B3870208C687020829
:107670002DE9F0411E46D0F810349942AEB00446D0
:107680000D46174643DA90F8E303FEF7D6FB0028D1
:107690003FD094F87033012B3BD12046FFF7BAFB63
:1076A00029460D902046FEF713FD0DF114083B46C8
:1076B0000090102241462046FEF7C6FE09AF642323
:1076C00000931022334639462046FEF7BDFE05F2F0
:1076D000622594F81C241049104B04EB4505002A40
:1076E00018BF0B46CDE901870D4A009580210EA8F1
:1076F0001DF0B0FF00231A460DA920460DF040FFF3
:10770000349B0D9A1A60C0B22EB0BDE8F081032000
:10771000FAE70D20F8E700BF1C8702081887020867
:10772000D987020870B50446A8B090F8E3030D4667
:10773000FEF783FB50B394F87033012B26D120461B
:10774000FFF768FB94F81C24114B079053F8223084
:10775000009303AE2B46102231462046FEF774FEFE
:1077600094F81C240B490C4B0096002A18BF0B46BA
:1077700008A80A4A80211DF06DFF00231A4607A9B8
:1077800020460DF0FDFEC0B228B070BD0D20FBE715
:1077900010A002081C87020818870208EC8702085C
:1077A00010B50446A2B090F8E303FEF746FBA0B183
:1077B00094F87033012B10D12046FFF72BFB0849BA
:1077C000019002A81EF087F900231A4601A920465D
:1077D0000DF0D6FEC0B222B010BD0D20FBE700BFF9
:1077E000F887020870B50446A4B090F8E3030D468C
:1077F0001646FEF722FBE8B194F87033012B19D13D
:107800002046FFF707FB0C4A0C4B039025EAE57571
:10781000002E08BF13468021094A009504A81DF0D8
:1078200019FF00231A4603A920460DF0A9FEC0B295
:1078300024B070BD0D20FBE700880208FD87020818
:107840000388020838B5044690F8E3030D46FEF7B6
:10785000F4FAB8B194F87033012B13D194F80434CE
:1078600063B1D4EDFF7AFCEEE77A2A4617EE903A40
:10787000204699B2FFF7B6FFC0B238BD84F8055470
:107880000320FAE70D20F8E710B50446A2B090F8FF
:10789000E303FEF7D2FAA0B194F87033012B10D1B4
:1078A0002046FFF7B7FA0849019002A81EF013F925
:1078B00000231A4601A920460DF062FEC0B222B094
:1078C00010BD0D20FBE700BF0B88020870472DE9B3
:1078D000F04704460D460DF030F86E1C29468146EF
:1078E00004F614100DF029F8314604F638100DF0A6
:1078F00024F8314604F51F600DF01FF804F134063A
:1079000027464FF00008236B434502D84846BDE8A0
:10791000F087E26A3368424507F5DA7A0ED1DB6810
:10792000294630469847D7F8B4312946DB68504697
:10793000984708F1010830363437E4E71B693046D0
:107940009847D7F8B43150461B699847F1E7F8B526
:1079500004460DF002F8054604F614100CF0FDFF85
:1079600004F638100CF0F9FF04F51F600CF0F5FF79
:10797000E26A302303FB024002FB0333234434302A
:107980005B681B699847E36A3422534303F5DA7056
:1079900023442044D3F8B4311B69984704F6A82047
:1079A0000CF0DBFF04F555760027236BBB4201D8B2
:1079B0002846F8BD336830461B6998470137B8360A
:1079C000F3E72DE9F0410E46044600283ED000F6CC
:1079D00038139942C56A18D10DB16B1EE36204F6E3
:1079E000A8200CF07CFF18B1236820461B6998473B
:1079F0002368618ADB6820469847E36AAB4201D07E
:107A0000206AE8B90020BDE8F08100F51F639942C3
:107A100010D000F555780027236BBB42DFD94645CF
:107A200004D12368E7621B6920469847013708F1B3
:107A3000B808F1E7036B013BAB42D0D96B1CCDE733
:107A4000D4E9091223460DF06EFDDBE70220DAE7E8
:107A500070B50446D8B10B78022B11D100F6381559
:107A600004F6D8204E780CF03AFF58B93146284633
:107A70000EF00CFD36B929462046FFF7A2FF01E0C3
:107A8000042B01D0002070BD00F51F65E8E702203F
:107A9000F9E7012970B5044626D1B0F90E10B0F906
:107AA00004300B4493421FDAB0F908305B1A93425A
:107AB0001ADD00F6A82630460CF011FF054650B13D
:107AC000236820461B6998472368618ADB68204643
:107AD000BDE8704018473046618A0CF02EFF04F56F
:107AE0005576236B9D4200D370BD3368618ADB6895
:107AF0003046013198470135B836F2E710B10368D6
:107B00009B68184770472DE9F04F0C46072C85B04D
:107B10000546114657D83026664306F1340880449E
:107B20002E4440460BF09CFC736BB5F90EB0DA693D
:107B30000192DB6BB5F90C904046984734235C43C7
:107B400004F5DA772C442F44D4F8B4318246DB6B49
:107B5000384698470390786AFFF7D0FF726B02901F
:107B6000126CB5F90E5040469047039B0299A9EB61
:107B70004B099A442D1AA9EB010105EBD575A1EB30
:107B80000A016A100BEB5101019D00234046A847F2
:107B9000D4F8B431D3F81C90736B40465B6B9847B4
:107BA0000646786AFFF7AAFFD4F8B43105461B6B86
:107BB000384698470023024671193846CC4605B02E
:107BC000BDE8F04F604705B0BDE8F08F2DE9F04FFC
:107BD000072987B004460D46174698465ED8002A06
:107BE0005CD04FF0340B0BFB01FB01930BF5DA7605
:107BF0006FF07F4306440093A344002339461A469E
:107C000030460CF0A2FADBF8B421B4F90E90B4F9C6
:107C10000C00D3690593A0EB490AD26B304690471C
:107C2000DBF8B431AAEB000000EBD07009EB600A7E
:107C30001B6CB4F90E9030469847A9EB000000EB9E
:107C4000D0704210514600233046059EB047B4F92B
:107C50000E2001230293A2F108030193B4F90C3022
:107C6000B82606FB0546A3EB420305FB022506F5F5
:107C70005576009339462B1D30460EF069FA414681
:107C800030460EF062FBF9F762FC064A01462346D5
:107C9000304607B0BDE8F04F0EF003BC07B0BDE8BA
:107CA000F08F00BFC3790008C36A8B4210B5044649
:107CB0000ED0036B8B420BD90368C1625B69984796
:107CC00030B12368618ADB682046BDE81040184760
:107CD00010BD00002DE9F04F85B0DDE90E981D467E
:107CE00003680E469B6C012104461746984709F12C
:107CF000FF306B1E02B231B21BB26FF07F40A18029
:107D000023816281E780A581A4F80E90CDE900204F
:107D100004F614100CF0D3F8B4F90E303E495A1E94
:107D2000CDE900324FF0010A04F6381BCDF808A067
:107D3000B4F90630B4F9042058460EF009FA0CF0F4
:107D4000EDFE014658460EF000FBF9F700FC234615
:107D50000146324A58460EF0A4FBB4F90E20B4F99D
:107D60000810CDF808A0531ECDE9002304F51F6BC1
:107D7000B4F906308A1A584629490EF0E9F90CF090
:107D8000CDFE014658460EF0E0FAF9F7E0FB234637
:107D90000146224A58460EF084FB00F0AFF88346B5
:107DA000F9F7D5FB04F6F823019314230146009359
:107DB000584623461B4A00F022F91B4BB4F90A200F
:107DC000CDF808A00193D4F8103BB4F90E10D3F805
:107DD0008C305B1A0093B4F90C30B4F9041052449F
:107DE00004F6A8200BF0D4FF2B46314604F6D82029
:107DF000CDF800903A460CF03DF84346082B28BFDA
:107E000008230021204684F8E8AA236305B0BDE8D2
:107E1000F04FFFF749BF00BFDC8F0208C3790008AD
:107E2000F6820208517A000840404000C0E908127A
:107E3000836270472DE9F7430026B0F9B65A036B09
:107E4000B5FBF3F5044600F555783746A5F108096A
:107E5000236BBB4202D803B0BDE8F083B4F9AE2A6D
:107E6000B4F90E10B4F90C30CDF80090043232445D
:107E70004046A3EB41030EF0C1F901372E4408F14F
:107E8000B808E5E7034B044AD3F81C331361034AEF
:107E900013617047B4BA02081400002000000020EB
:107EA00010B5054B044640F85C3B0DF033FC204612
:107EB000F9F7FCFA204610BDECAC020808B5024800
:107EC000FFF7EEFF08BD00BFA074002010B5044608
:107ED000FFF7E6FF2046CC210AF078F9204610BDD6
:107EE00010B50446C06C10B1216D12F065FB0DF0A9
:107EF000E2FD20664FF0000010BD000070B5274E77
:107F00003568BFF35B8F15F0010545D130461AF097
:107F10000EFE002840D0224C224B2046102240F872
:107F2000043B02212B460DF046FC2A4629462B46EF
:107F300004F114000DF03FFC1B4BE562C4E90D3465
:107F40008023A4F84430022384F84630174BA364FE
:107F500004F15C00164B2360C4E90955C4E91355CC
:107F6000C4E9155584F8305084F83C5025640DF070
:107F7000C7FB10496567542204F17800C4E918551D
:107F8000C4E91B55C4F867501DF0ADFD0A481CF04C
:107F900083FB30461AF0D7FD014870BD9C74002069
:107FA000A0740020B8980208CF550108DE8F02089F
:107FB000ECAC0208347F0208BD7E0008C0E9131251
:107FC0000DF02ABA10B50C46898820680EF03CFEE8
:107FD000A3791B1A58425841237A83420AD0627A05
:107FE000824209D1E379082B02D12272012010BD0F
:107FF0000133E3710020FAE760720023F9E770B5FE
:10800000059C054605F15C069DF81000A360C4E9D7
:10801000001220734FF0FF3130460DF083FB6B6D83
:108020003BB9C4E904336C653046BDE870400DF0DF
:108030009EBB1A469442F7D01269002AFAD15C61BD
:10804000C4E90432EFE770B5054600F15C060C4662
:1080500030464FF0FF310DF065FB6B6DA34208D148
:1080600023696B653BB100225A6104E0A3420AD048
:108070001B69002BFAD10023C4E904333046BDE864
:1080800070400DF074BBD4E904321361002BEBD1C6
:10809000F1E770B5049C054600F15C06C4E90012E6
:1080A000A3604FF0FF3130460DF03CFBAB6D3BB9A8
:1080B000C4E90433AC653046BDE870400DF057BBF1
:1080C0001A469442F7D01269002AFAD15C61C4E9D9
:1080D0000432EFE770B5054600F15C060C46304609
:1080E0004FF0FF310DF01EFBAB6DA34208D12369A9
:1080F000AB653BB100225A6104E0A3420AD01B6980
:10810000002BFAD10023C4E904333046BDE87040A7
:108110000DF02DBBD4E904321361002BEBD1F1E754
:108120000C2303FB010090F8800070470C2303FB35
:108130000103084493F8803090F864209A421ABFF3
:1081400080F86430012000207047C36C1B68586AB7
:108150000B68C01AC0F3C03202FA80F0401003EB83
:1081600040030B60704700002DE9F84F044600F112
:108170007806002500F15C074FF0010A31462046E1
:10818000FFF720FF30B34FF0FF3138460DF0CAFA49
:10819000636D0AFA05F2D3B1197B114266D03846F5
:1081A000D3E90089D3F808B00DF0E1FA327A344B04
:1081B00002EB450203EB4203B8F1000F50D1194620
:1081C0005846C8474FF0FF3138460DF0ABFA3846F5
:1081D0000DF0CDFA0135072D06F10C06CED104F1D4
:1081E0006C012046FFF7B1FF064680B30DF06FFC2F
:1081F000236F86EAE677C51AA7EBE6770DF067FCF2
:10820000BD4234BF0125B5FBF7F54FF47A73B3FBDC
:10821000F5F304F15C05206763674FF0FF312846F2
:108220000DF080FAA36D7BB1D3E900782846D3F82E
:1082300008900DF09CFADFB931464846C0474FF030
:10824000FF3128460DF06EFA28460DF090FA04F141
:10825000600001210DF04CFC4FF00000BDE8F88FEC
:108260005A46494640460DF05EF9ABE71B6992E776
:1082700033464A46414638460DF055F9DFE700BF20
:10828000280000200023C0E91C334160704700290A
:1082900014BF13460023C36000239A4218BF9942BB
:1082A0008160036114BF01200020704700290ADBB0
:1082B000436F8B4207DD0C2303FB0100D0F88C30A9
:1082C00013600120704700207047002909DB436FCD
:1082D0008B4206DD0C2303FB0100C0F88C2001203B
:1082E000704700207047002914DB436F8B4211DD7B
:1082F0000C2303FB0100D0F884100B4611F8010B8E
:108300000A2807D00D2805D028B12F28F5D1597893
:108310002F2901D0002070470233184613F8011BA3
:108320002029FAD00929F8D00D2904D842F20143B6
:10833000CB40DB07EED4106001207047F8B504464F
:1083400080680A46002854D0E168002951D004F51D
:10835000845500231C3515F83360964203D0013351
:108360001A2BF8D11346192BA8BF192303F2132394
:1083700004EBC30300229B682261314A1DF06AF9B5
:10838000A36821695A5C581812B1E268914232DB45
:10839000D4E900520023AA4202D0167876BB1546D3
:1083A000E668284A711A1DF055F9A1682369CA5C6C
:1083B00012B1E268934237DB61682B468B421A7830
:1083C00003D90A2A01D00D2A31D1093AD2B2172A8B
:1083D00005D81D4921FA02F2D20700D50133AB427C
:1083E0002269A06803D8E1680139914221DC0023A9
:1083F00083540020F8BD01312161C2E757780D2F69
:1084000002F1010609D1AE4203F10103C8D0977809
:108410000A2F00D1961C3246BDE70A2F01D1013345
:10842000F9E7002FF7D1FAE701332361BEE7013BFB
:10843000C4E7511C216113F8011B8154CFE700BF31
:108440009D820208E78F020813008000F0B5876F55
:1084500085B001ADC72F85E80E00064605DD0F216A
:10846000FFF76CFF002005B0F0BD0C2404FB0704EF
:1084700095E807008434013784E80B00B7670120D2
:10848000F1E710B5C46E621E002AC26604DA0B2141
:10849000FFF754FF002010BD632A01DD0A21F7E732
:1084A00000EB84030120D3F8903E0B60F3E7C26E2B
:1084B000632A08B5034604DD0A21FFF73FFF0020C9
:1084C00008BD00EB82000132C0F8941EDA6601207C
:1084D000F6E700F1130212F8013F03B97047036891
:1084E000013B0360F7E7F8B500F5815605460F46F6
:1084F0000024043656F8340003780BB9184608E017
:108500003946F7F76DFE28B904F5017405EBC4058B
:10851000287AF8BD0134EDE7F8B50A4E0D4600247F
:108520000C2707FB04F3F05803781BB94FF0FF3416
:108530002046F8BD2946F7F753FE0028F8D001344D
:10854000EFE700BF20AD020810B507480C461DF04C
:1085500058F938B90D2C04D842F20160E04000F01F
:10856000010010BD0120FCE7F48F020800292DE96D
:10857000F84307461446984602DA0020BDE8F8831F
:10858000436F8B42F9DD0C23002603FB01054645B2
:10859000F3DAD5F8843013F8069038464946FFF7E9
:1085A000D3FF18B1002323700120E7E704F8019BF3
:1085B0000136ECE70023864A2DE9F0470446A0F88F
:1085C00064308366037525682B78093BDBB2172B73
:1085D00003D822FA03F3DB0701D47E4949E00135D1
:1085E0002560F0E7A6F10903DBB2172B27D92F2E60
:1085F0002CD0794831461DF004F9002850D1774835
:10860000314604F114071DF0FCF8002863D03E2E1B
:108610005FD8202E5FD9213E1D2E5CD8DFE806F002
:10862000625B5B5BB5BA5B5B5BAB9D5BA45BB05BAA
:108630005B5B5B5B5B5B5B5B5B5B5B675D8E41FAC4
:1086400003F3DF07D5D40135256012E06B782A2BC0
:1086500017D12B461A782A2A1D4603F1010306D1A9
:108660006A782F2A01D10235EEE72360F2E7002A6B
:10867000FBD12E78002EB5D141F20103A4F864306D
:1086800016E02F2BB5D15648AA1C2260154612F8C9
:10869000013B0D2BF9D840FA03F3DE07F5D4E8E7E8
:1086A00000230135637526752560072384F864303F
:1086B000012694F864504DB941F201032575A4F8E0
:1086C000643016212046FFF739FE2E463046BDE8BD
:1086D000F0877C2E63D03D4618E06B783D2BFAD1B5
:1086E000052360E06B783D2BF5D106235BE06B78CA
:1086F0003D2B61D03C2B61D0013501230022256048
:10870000237504F11505627584F8643094F864A04B
:10871000BAF1000FCCD12668324896F80080414665
:108720001DF06FF8814600285ED085F80080236830
:108730000133236085F801A00123B7E76B783D2B57
:108740003ED03E2B3ED00323013523750023256008
:10875000637504F115050123D6E76B782B2B33D015
:108760003D2BB8D10B231EE06B782D2B2ED03D2B4B
:10877000B1D10C2317E06B783D2BACD10D2312E067
:108780006B783D2BA7D10E230DE06B783D2BA2D14A
:108790000F2308E06B78262B9DD1102303E06B7824
:1087A0007C2B98D111230235237563750023256036
:1087B000A37504F11605CEE70223F4E70723F2E7D9
:1087C0000423F0E70823EEE70923ECE70A23EAE7AE
:1087D00013008000ECFF7FFF23900208079002083F
:1087E000FEDBFFFF13900208B8F1220F46D1731C85
:1087F000A666236072780D2A21D842F20143D34045
:10880000DA071CD501462046FFF798FD4E4642F296
:10881000014823681A78222A08D036B1E91B4E296C
:108820000FDD13212046FFF789FD00262368013361
:10883000236000232B70062384F8643039E7012677
:10884000E5E75C2A17D15A786E2A04D101332360F8
:108850000A2305F8013B23685A1C22605B780D2B24
:10886000D7D828FA03F3DB07D3D500212046FFF73A
:1088700065FD0026CDE705F8012BECE7A8F13003F4
:10888000092B22D940461CF00FFE00284BD0A666CB
:10889000D4F80080204698F80010FFF755FE0646F1
:1088A000F8B1012624E0EB1B4E2B07DD13212046F7
:1088B000FFF744FD00232B700323BDE708F10103FC
:1088C000236098F8003005F8013BD4F8008020467A
:1088D00098F80010FFF738FE06460028E3D001267E
:1088E000E8E7EB1B4E2B16DD13212046FFF726FD94
:1088F000052384F8643000232B7094F86430052B32
:108900007FF4D7AE39462046FFF7EDFD84F86500C9
:1089100058B1042390E708F10103236098F8003070
:1089200005F8013BB4E70126E5E7022384E700BF31
:10893000836F2DE9F041A3EB0108002304460F46A5
:10894000037509B9FFF736FE0C2505FB084500261F
:10895000BE4219DBA36F4644B34227D005211FE076
:10896000032BC5F8883004BF95F88C30C5F88C30DF
:108970002046FFF71FFEA36EC5F884302046FFF7A0
:1089800019FE01360C35E3E7237D292BE2D0204682
:10899000FFF710FE94F86530DA1E012AE0D90921AC
:1089A0002046FFF7CBFC0020BDE8F081237D292B7A
:1089B00001D00C21F4E70120F6E72DE9F843002768
:1089C00090F865900446B8463E463D462046FFF77F
:1089D000F1FD94F86530102B06D100212046FFF7F9
:1089E000ADFC0020BDE8F883237D282B0AD1013699
:1089F000B8F1000F26D03DBB9EB9B9F10D0F2DD0B7
:108A00000120EFE7292B01D1013EF1E77B2B0CD1AF
:108A10000135B8F1000F1FD1D5B9002EEDD00127D7
:108A2000A846731CD2D10121D8E77D2B01D1013D8D
:108A3000DEE73B2BDCD1002EDAD1002DDDD04FF06C
:108A40000108C3E7002FE7D16A1CEAD10721C5E777
:108A500001274FF00008F7E74746E2E784F8659002
:108A6000CEE738B5D0E900530B4403600446FFF766
:108A7000A1FD38B194F86430062B04D004212046BF
:108A8000FFF75CFC0020256038BD000038B50023EE
:108A90000446C1E90033FFF78DFD237D282B08D163
:108AA0002046FFF787FD94F86430062B07D00E218F
:108AB00000E00C212046FFF741FC002038BDA568EE
:108AC0003DB92046FFF776FD237D292BF1D101200A
:108AD000F4E7D4E90310094A091A04F114032844FD
:108AE0001CF0B8FDA1682369CA5C002AE9D0E268DD
:108AF0009342E6DA01332361F5E700BFAF9702083E
:108B00002DE9F04106464C1E551E14F8018F3046E3
:108B10004146FFF719FD15F8017F20B1394630466F
:108B2000FFF712FD20B9B845EFD00120BDE8F08174
:108B30000020FBE72DE9F843076F05460E460024A9
:108B400000F6E4184FF00C09A74204DC4FF0FF34A4
:108B50002046BDE8F88309FB04F3314658F80320AA
:108B60002846FFF7CDFF0028F2D00134ECE7F8B536
:108B7000846F05460E46013C0C27002C03DA4FF0AB
:108B8000FF342046F8BDEB6E002B0ADD05EB8303B6
:108B9000D3F8903EA34204DD6B6FA34201DC5C1E60
:108BA000EDD407FB04533246D3F884102846FFF770
:108BB000A7FF0028E5D0013CDFE713B50DF1080C55
:108BC0000CE90C000446FFF7D2FF431C0DD00C2229
:108BD00002FB0040019BD0F88820032A08BFDBB2CB
:108BE000C0F88C30012002B010BD03212046FFF7F1
:108BF000A5FB0020F7E738B504461546FFF7B7FF99
:108C0000431C08D00C2303FB0044D4E9220185E86F
:108C10000300012038BD03212046FFF78FFB002011
:108C2000F8E708B5FFF7A3FF013018BF012008BD22
:108C30002DE9F04190F86480B8F1020F96B0044637
:108C40000D4661D100F114073946FFF7EAFF00280D
:108C50005AD04F22394602A81CF0F2FD00232046CC
:108C60008DF85730FFF7A6FC267D3D2E03D0A6F1E8
:108C70000B03042B3ED82A4602A92046FFF7BBFF70
:108C8000E0B100232046CDE900330B3EFFF792FC14
:108C900069462046FFF7CCFF019B042E06D8DFE88B
:108CA00006F00310131621006A6813446B6098B134
:108CB00095E80C0002A92046FFF77FFF16B0BDE83B
:108CC000F0816A68D31AF1E76A685343EEE72BB97B
:108CD00010212046FFF732FB0020EFE76A6892FB85
:108CE000F3F3E3E7002BF3D06A6892FBF3F103FBA5
:108CF0001123DBE72046FFF7ECFB02A950223846A0
:108D00001CF09EFD84F86480002629462046CDE9AB
:108D1000026600F0C5FF80460028DDD0277DA7F160
:108D20001003012B16D82046FFF744FC02A9204669
:108D3000FFF77EFF112F6B6806D01BB1039B9B1BB7
:108D400018BF01236B60B9E7039A1343003B18BFB8
:108D50000123F7E73F2F01D04046AFE76F68002FB0
:108D600070D02046FFF726FC0028B5D029462046C3
:108D7000FFF75EFF0028AFD0237D3A2B14D00521EA
:108D8000A7E77B2B09D07D2B20D1013F1EE00136C8
:108D90001CE0013E721C19D190E7013716E0013545
:108DA00014E0013D6B1CF6E7354637460EE0002B1C
:108DB000D2D02046FFF7FEFB237D3F2BEFD0E0D83B
:108DC000292BE6D03A2BECD0282BE0D0002883D0FA
:108DD000237D3B2B03D02C2B01D07D2BE7D146EA02
:108DE00007032B43E5D1B7E72046FFF7E3FB237DDD
:108DF0003F2B22D011D8292B18D03A2B1FD0282B4B
:108E000012D000283FF468AF47EA060353EA08038C
:108E1000237D1AD0002BE7D1B1E77B2B0AD07D2B25
:108E2000EFD108F1FF38ECE70137EAE7013FE8D27C
:108E300001214EE708F10108E3E70136E1E7013ED1
:108E4000DFD29CE7B8460126DEE73A2B97D12046D1
:108E5000FFF7B0FB00283FF43FAF29462046FFF75D
:108E6000E7FE2BE737B50D1E04462ADB436FAB4206
:108E700027DD0C2303FB0503D3F884300360FFF7E1
:108E800099FB94F86430022B17D100232046CDE9DA
:108E90000033FFF78FFB237D3D2B15D001200C22E3
:108EA00002FB0541019BD1F8881002FB0544032910
:108EB00008BFDBB2C4F88C3004E000212046FFF785
:108EC0003DFA002003B030BD2046FFF773FB694632
:108ED0002046FFF7ADFEE2E7F0B5044687B0FFF7A6
:108EE00069FB94F8657003AD002620460596FFF7F0
:108EF00061FB94F86430022B04D000212046FFF778
:108F00001DFA0EE0A36E03932046FFF753FB237D6B
:108F10003D2B09D0049795E80E002046FFF796FAFE
:108F200098B9002007B0F0BD2046CDE90166FFF7F3
:108F300041FB01A92046FFF77BFE029B032F08BFE0
:108F4000DBB205930028E5D1EBE7237D2C2BCCD0B9
:108F50003B2BE7D00621D1E770B5037D04460D46D3
:108F6000164623B90221FFF7E9F9002006E03B2B62
:108F70000AD102220023C1E90023012070BD20464E
:108F8000FFF718FB29462046FFF752FE0028ECD0D9
:108F9000237D2C2BF1D1002EF1D1EEE770B50446E4
:108FA0000D461646FFF706FB10B90021084670BDB6
:108FB000294632462046FFF7CFFF01460028F4D06D
:108FC0002046FFF786FAF1E72DE9F041244B0446ED
:108FD0000F4693E8070086B003AD4FF0000885E820
:108FE0000700C7F800802046FFF7E4FA30B1237D80
:108FF000282B08D00C212046FFF7A0F90026304688
:1090000006B0BDE8F0812046FFF7D4FA06460028F6
:10901000F4D0237D292BF2D02046FFF75AFA002204
:1090200001A92046CDE90188FFF7B8FF029B05930F
:1090300058B900203B6801333B600028DED0237D17
:109040002C2BECD0292BD5D1D9E795E80E00204662
:10905000FFF7FCF90028ECD02046FFF7ABFAE9E770
:10906000887F020837B500F17C05034695E80300C8
:109070000122CDE9000169461846FFF78FFF03463C
:10908000DDE9000185E80300184603B030BD38B5BE
:1090900004460D46FFF78EFA30B1237D282B05D00C
:1090A0000C212046FFF74AF9002038BD002229464E
:1090B0002046FFF773FF0028F6D02046FFF77AFA24
:1090C0000028F1D0237D292BEAD1A1680029EBD01B
:1090D000D4E90332013B9A42E6DA6B688B54236988
:1090E00001332361E1E70000F7B5022304460025C0
:1090F000C1E90035FFF75EFA237D282B0BD00C2148
:109100002046FFF71BF90026237D2C2B67D135B9AC
:10911000002003B0F0BD2C2323750125F3E7204682
:10912000FFF748FA94F86430012B0AD1237D292BEC
:1091300012D1237D292B55D00C212046FFF7FEF8B4
:10914000E6E7062B08D1A7682FB3D4E90310264A17
:1091500004F11403091A1BE02046FFF7BAF9694627
:109160000022CDE90066FFF719FF054658B3A06855
:1091700088B1009B023B042B21D8DFE803F00C03ED
:1091800012201700D4E903179DF80430174AC91BB1
:1091900038441CF05FFAA268CAB92046FFF70AFA01
:1091A000B2E7D4E90317019B114AF0E70199204681
:1091B000FFF757FC38B1D4E90310A768C7E70921C6
:1091C0002046FFF7BBF80025E5E70133236123695B
:1091D000D15C0029E1D0E1688B42F6DBDDE7002DB0
:1091E000A7D195E7012094E79D8202082690020806
:1091F0002990020810B50446FFF776FF70B1A36806
:109200006BB1D4E9031201398A4208DA511C216199
:109210000A219954A26823690021D15410BD00206D
:10922000FCE700002DE9F04300258BB0CDE90355A4
:10923000CDE9055504460F46FFF7BCF930B1237D53
:10924000282B05D00C212046FFF778F8002642E0B5
:109250002A4603A92046FFF7A1FE0028F6D02046A3
:10926000FFF7A8F90028F1D0237D2C2B01D0052190
:10927000E9E72A4605A92046FFF790FE0028E5D039
:109280002046FFF797F906460028DFD0237D292BDB
:10929000D8D1DDF818800A224346092B23DC012BA4
:1092A000E5D1092DE3DCA168A9B12269049B01EB9A
:1092B000020CE168B8F1010FA1EB020E1CD1234AA8
:1092C000714660461CF0C6F9A1682369CA5C12B1F8
:1092D000E268934236DB022200233046C7E90023CE
:1092E0000BB0BDE8F08393FBF2F102FB1133002BCE
:1092F000BDD10B460135D0E7DFF85C90D9F800000E
:10930000D9F8041007AA03C2B9F80810118083EA3B
:10931000E372A2EBE372049292FBF8F108FB1122D4
:10932000CDE900120A4A0B4931EA230128BF114650
:1093300030350B4607AA714660468DF823501CF065
:1093400089F9C1E701332361BFE700BF2990020813
:109350006C830208AA8302082C90020838B50446E0
:109360000D46FFF727F908B9002038BD237D282BCB
:1093700004D00C212046FEF7E1FFF5E70022294644
:109380002046FFF70BFE0028EED02046FFF712F92B
:109390000028E9D0237D292BEBD16B68002BB8BFC7
:1093A0005B426B60E1E770B504460E46FFF702F9D9
:1093B00010B90025284670BD237D282B04D00C2130
:1093C0002046FEF7BBFFF4E7002231462046FFF7B8
:1093D000E5FD0028EDD02046FFF7ECF80546002813
:1093E000E7D0237D292BEAD1706800280BDDF7F741
:1093F000B1F841EC100B19F0ABFB51EC100BF7F787
:10940000C3FB7060D6E70020FBE700002DE9F341C5
:109410000025D0F8788004462F462046FFF7CAF88A
:109420002E460546C8B194F86420022A06D0237D52
:10943000A3F10901012901D9282B10D10122694684
:109440002046CDE90077FFF787FD30B1237D3B2B28
:1094500049D006212046FEF771FF002509E0072AC2
:1094600015D17D2B05D056B994F865300D3B032BF3
:10947000D3D82846C4F8788002B0BDE8F0812046F1
:10948000FFF727F8FFF7C2FF0028EDD1E5E794F8D2
:109490006530033B0D2B26D801A252F823F000BF04
:1094A000D9940008D9940008FB940008039500089B
:1094B0001B950008139500080B95000823950008DC
:1094C000E7940008E7940008ED940008E79400088A
:1094D000E79400085B9400082046FEF7FAFFFFF7C8
:1094E000FBFC0028B9D0002EBED1C2E72046FFF712
:1094F000B9FD0D2384F86530F3E7204600F040FA0B
:10950000EFE72046FFF759FAEBE7204600F061FA53
:10951000E7E7204600F092FAE3E7204600F006F87D
:10952000DFE7204600F08AF8DBE700BF2DE9F74FC0
:109530000023CDE90033876F0446FFF73BF830B1D5
:10954000237D282B03D00C212046FEF7F7FE204672
:10955000FFF730F894F86530033B012B11D8204613
:10956000FEF7B7FFFFF7B8FC30B1237D3B2B0ED0E1
:1095700006212046FEF7E2FE0020A76703B0BDE803
:10958000F08F012269462046FFF7E6FCECE7D4F8AD
:1095900000804FF0010A2046FFF70CF801226946CF
:1095A0002046FFF7D9FC06460028E5D0009B022B99
:1095B000237D08BFCDF804A03B2BD9D1D4F800906F
:1095C00001252046FEF7F6FF237D282B06D1013525
:1095D00094F86530102B06D10C21CAE7292B08BF5F
:1095E00005F1FF35F4E7002DEBD1019B73B1204667
:1095F000D4F800B0FFF70AFF48B194F8653003F0E3
:10960000FD030D2B04BFC4F800B001953046019B4B
:109610001BB92046FFF7D1F9AFE70028ACD0C4F85A
:1096200000902046FEF7C6FF012269462046FFF75C
:1096300093FCC4F800800028ADD19DE72DE9F043EC
:1096400085B0002269460446FFF7A8FC054620467F
:10965000E846FEF7AFFF35B1237D7B2B04D0142104
:109660002046FEF76BFE0025A76F01260DF10809C5
:109670002046FEF79FFF237D7B2B19D1013694F8FE
:109680006530102B19D100212046FEF757FE00252A
:10969000C6B13DB194F865300C2B1BD198E803009E
:1096A00089E803002046FEF785FFD5B9002509E0CB
:1096B0007D2B08BF06F1FF36E1E70B3B012B06D9F6
:1096C000002ED5D12846A76705B0BDE8F083012E4E
:1096D000CEDCDDE7002249462046FFF75FFC054669
:1096E000E0E7237D3A2B04D015212046FEF726FE25
:1096F000DCE7039A019B9A42BAD12046FFF786FE27
:1097000005462046FEF756FF237D20467D2B08BFE9
:1097100006F1FF36FEF7DDFE94F865300F3B012BB6
:1097200009D9002EE9D1CDE72046FEF743FF237D7E
:109730007B2B03D10136002EF6D1C3E77D2BF3D16D
:10974000013EF8E72DE9F3410E4600F1140104460D
:10975000FFF7F0F9431C054607D108212046FEF724
:10976000EDFD002002B0BDE8F081002301A92046F4
:10977000D4F878800193FFF727FC0028F1D0414608
:1097800020462768FEF793FE0C2303FB0545D5F81A
:10979000E83923600028E4D001992046FFF7C8F893
:1097A0000028DED02046FFF731FE0028D9D0D4E9CA
:1097B0001F0186E803002146D5F8EC39336041F8F3
:1097C000787B204602B0BDE8F041FEF75ABE0000AB
:1097D000436837B50360436F1A490025C0E91E3559
:1097E00080F86550C566C0F880500446FFF7A2F9BE
:1097F000431C21D00C2303FB00405022D0F8E83951
:1098000010492046013B40F8143B1CF019F869460A
:109810002046FFF797FFD4E90312A3684C1EA2422B
:1098200006DB1BB1084A18461BF014FF002001E0BC
:1098300003B19D5403B030BDA0680028F6D0034AA0
:10984000E168F1E7369002083B9002086290020856
:10985000F0B590F86430013B97B004460E46052BF6
:1098600070D8DFE803F06A03566F6F6300F11407E6
:109870003946FEF751FE411C15D00C2358433F4B8F
:109880000430C2181B585268511004EB6200D20712
:1098900048BF6258314648BFD358984705462046CE
:1098A000FEF788FE3FE039462046FFF743F90130D6
:1098B00004D031462046FFF745FFEFE732463946F0
:1098C0002046FFF798F94F223946054602A81BF0BB
:1098D000B7FF002320468DF85730FEF76BFE227D40
:1098E000A2F10903012B10D896E80300092ACDE95B
:1098F00000010CBF013101F1FF310191DDE90023CD
:1099000002A92046FFF759F9C8E72046FEF7E1FD16
:10991000C5E704230B6014301AF0C7FE70602046C0
:10992000FEF748FE0125284617B0F0BD0623426821
:109930000B60836E9B1A4B60F1E7037D272B07D0EA
:10994000292BEFD000212046FEF7F8FC0025EAE79E
:1099500003230B6003681A784A601A7822B15A1CF4
:1099600002605A78272A05D00E212046FEF7E6FC31
:10997000002594E702330360012590E720AD02083B
:1099800037B5012269460446FFF708FB18B90021E4
:10999000084603B030BD019D25B12046FFF736FDD6
:1099A0000146F5E784F865502046FFF706F80028E1
:1099B000EDD02046FEF7FEFD01460028E7D094F8E2
:1099C0006530062B2046E9D0FEF783FD84F865500C
:1099D000DEE773B5FEF77DFD04460568FEF7EAFD98
:1099E00038B194F86530092B06D00D212046FEF7DA
:1099F000A5FC002002B070BD012269462046FFF799
:109A0000CDFA0028F5D0019BABB120462668FFF7C0
:109A1000FDFC94F865300D2BECD00F2B06D12660A1
:109A20000028E6D02046FEF7C8FFE3E7002384F8CD
:109A300065302560DEE784F86530F3E7F7B5044666
:109A4000FEF747FD0768FEF7B5FD2046FFF7DEFC91
:109A5000054690B194F865600D2E0FD0A6F10E0367
:109A6000012B17D82046FEF7A5FD94F86530102B82
:109A700007D100212046FEF761FC0025284603B0EF
:109A8000F0BD092BEED1B6F10F05204618BF012518
:109A9000FEF71FFD2046FEF78DFD38B194F86530C6
:109AA000092B06D00D212046FEF748FC0020054674
:109AB000E4E7012269462046FFF770FA0028F5D056
:109AC000019B002BF3D0002DF1D02760EFE738B5D4
:109AD000037D282B04460D4615D1FEF76BFD294664
:109AE00001222046FFF738FA054630B1237D292BA5
:109AF00004D00C212046FEF721FC00252046FEF76D
:109B000059FD284638BDBDE83840FFF7A1BE2DE914
:109B1000F341047D0A2C05460E460ED8082C17D8B2
:109B2000002431462846FFF7D2FF2D2C33D173682D
:109B30005B42736002B0BDE8F081A4F12102D2B2B1
:109B40000C2AEDD841F20143D34013F00103E7D0D2
:109B50002846FEF72FFDA4F10903012BE1D805F1FA
:109B6000140800236A464146284600930193FFF7F4
:109B700042F870B1019B092C0CBF013303F1FF3394
:109B80000193DDE9002341462846FFF716F8002837
:109B9000C7D10020CEE7212CCCD17368B3FA83F370
:109BA0005B09C6E72DE9F34104460D46FFF7AFFF19
:109BB0000646D8B140F22148277DA7F12503DBB244
:109BC0000A2B14D828FA03F3DB0710D52046FEF73A
:109BD000F1FC94F86430012B0DD1217D16481BF067
:109BE00010FE014638B92046FEF7A8FB0026304695
:109BF00002B0BDE8F08169462046FFF788FF0028E3
:109C0000F4D02A2F0BD02F2F0ED0252FD4D1019A8C
:109C100062B16B6893FBF2F102FB113302E06B68F7
:109C2000019A53436B60C7E7019A0AB91021DAE73A
:109C30006B6893FBF2F3F5E70CAD0208F7B5044649
:109C40000E46FFF7AFFF054688B90025284603B04A
:109C5000F0BD69462046FFF7A5FF0028F5D02B2F61
:109C60007368019A01D1134400E09B1A7360277D49
:109C70002B2F01D02D2FE9D12046FEF79BFC94F825
:109C80006430012BE5D1217D04481BF0BAFD01466B
:109C90000028DED12046FEF751FBD6E712AD0208C0
:109CA000F7B50023CDE9003307460C46FFF7C6FFA2
:109CB0000546E0B13E7D204831461BF0A2FDB0B123
:109CC0003846FEF777FC69463846FFF7B7FF013E96
:109CD0000546052E0BD8DFE806F0030D141B2228DD
:109CE0006368019A9342ACBF002301236360284656
:109CF00003B0F0BD6368019A9342CCBF00230123F7
:109D0000F4E76368019A9342D4BF00230123EDE78F
:109D10006368019A9342B4BF00230123E6E76368B6
:109D2000019A9A1A53425341E0E76368019A9B1AD9
:109D300018BF0123DAE700BF18AD02082DE9F34789
:109D40000446FEF737FC94F865700C2604F184088D
:109D5000636FA367C72B08DD18212046FEF7EEFAD4
:109D60000025284602B0BDE8F08706FB0343002526
:109D7000C3F88870C3F88C502046FEF71BFC636F55
:109D8000A26E06FB0343C3F8842094F86430022BD0
:109D900034D029462046FEF7D1FA4FF00009636F10
:109DA0004B452DDC002DDBD02046FEF703FC237D48
:109DB0003D2B17D100232046CDE90033FEF7FAFBF7
:109DC00069462046FEF734FF636F019A06FB0341A4
:109DD00006FB0343D1F88810032908BFD2B2054619
:109DE000C3F88C20636F01336367002DB8D0237DE7
:109DF0002C2BADD03B2BB4D00621AEE70125CCE710
:109E000006FB09F3A26E58F803102046FEF778FE11
:109E1000824620B911212046FEF790FA554609F1F5
:109E20000109BCE743682DE9F74F0446002B00F019
:109E30008E800025C0E91C55036080F8655094F8B9
:109E40006530102B3ED1CDBB012082E02046FEF7CD
:109E5000B1FB237D7B2B29D1013594F865304DBBB7
:109E6000102B00F0A780002871D02046D4F800A065
:109E7000FEF7A0FB94F86580A8F10203022B0646CA
:109E80006CD82046FEF796FB94F86430022B5BD129
:109E90002046D4F86890FEF78DFB237D282B4AD10D
:109EA0002F4604F6E41A4FF00C0B1EE07D2B07D072
:109EB00094F86530102BC9D1002848D0072132E032
:109EC000013DCAE70120C8E70BFB07F14A465AF8F3
:109ED00001102046FEF714FE30B9019012212046F1
:109EE000FEF72CFA019A16460137226FBA42EBDCD4
:109EF0006EB3642A16D00C2303FB02432168C3F817
:109F0000E8190132C3F8EC89C3F8E4992267237D8C
:109F1000292B03D094F86530102B08D12368013326
:109F200023608CE717212046FEF708FA0FE0204651
:109F3000FEF740FBEBE7B8F1020F0DD0C4F800A02C
:109F40002046FFF7FBFE0646002E7FF478AF002088
:109F5000606703B0BDE8F08F0921E4E794F86480FE
:109F6000B8F1020F20D12046D4F86890FEF722FB0A
:109F7000237D282BF0D1226F632AD3DC002EE6D07C
:109F80000C2101FB02412368C1F8E8390132C1F814
:109F9000EC89C1F8E499226713F8012B292ABFD074
:109FA000002ABDD02360F7E7257DA5F17B035D4244
:109FB0005D41C9E700287FF447AFC8E710B5044604
:109FC000FEF7F8FA08B9002010BD237D282B04D035
:109FD0000C212046FEF7B2F9F5E72046FEF7EAFA33
:109FE0000028F0D0237D292BEED0F1E738B50423EB
:109FF0000B600C460546FBF7A1FF0021FCF7BEF8FD
:10A0000060602846BDE83840FFF7D8BF38B5042364
:10A010000B600C460546FBF791FF0121FCF7AEF8FB
:10A0200060602846BDE83840FFF7C8BF38B5042354
:10A030000B600C460546FBF781FF0221FCF79EF8FA
:10A0400060602846BDE83840FFF7B8BF38B5042344
:10A050000B6005460C46FBF771FF90F8E433636034
:10A060002846BDE83840FFF7A9BF1FB528B3436FA6
:10A070001944036C21EAE1718B42416706DC591EE9
:10A080000029416702DA002004B010BDC36B3C22F6
:10A0900002FB01334FF47F044FF0010CB3F90E20A3
:10A0A000B3F90C10CDE9014CB3F916300093B0F9B7
:10A0B0001C30443009F06CFEE5E70220E4E7F8B517
:10A0C000044600284FD000F178078F4211D1436F2A
:10A0D000002B06DB0068A56828B1626829460BF0F2
:10A0E00022FA0020F8BD002DFBD019466068A84771
:10A0F000F7E700F598768E420CD10068E56818B154
:10A10000636F23EAE373E8E7002DEAD0616F21EA89
:10A11000E171EBE70B784D78A3B9384629460CF08E
:10A12000B5F904F1440025B14FF47F4109F077FE01
:10A13000D7E74FF47F0109F072FE39462046FFF75A
:10A14000BEFFCEE7012BCCD1304629460CF09EF95C
:10A1500004F144000DB1FF21E8E74FF47F0109F05D
:10A160005EFE3146EAE70220BCE78360009BC360E5
:10A17000C0E9001270470000F0B5044687B01546EC
:10A180000E461022002102A81F461BF032FBB4F934
:10A190001C400AF089FC03689B689847B4FBF0F404
:10A1A0002846F6F727F8231A002B14DD0D4A102154
:10A1B00002A81BF04FFA72683046944250F8081B10
:10A1C00038BF621CCDE9005702AB0AF080F84FF0AF
:10A1D000000007B0F0BD044A102102A81BF03AFAB3
:10A1E000E9E700BFD5900208DF9002082DE9F04FA3
:10A1F00087B0044600F110071098009038461E46BC
:10A200000AF0B7FAE36B002B40F08D800227D4F8F8
:10A21000E831D3F88CA0D3F888500AF0F5FC036835
:10A22000DB68984706460AF0EFFC0368DB6898474E
:10A2300005EBD5756D10043D04F178084FF0010968
:10A2400006EB460600EB4000AAEB0603CDE9005002
:10A250003849CDF80890002240460BF079FFF7F717
:10A2600076F923460146344A40460CF01AF9D4F8F0
:10A27000E8313249D3F88820CDF80890B4F9863017
:10A28000CDE9005304F59876B4F97E30521B304680
:10A290000BF05EFFF7F75BF9274A0146234630468D
:10A2A0000CF0FFF8384607B0BDE8F08FE06B09FB13
:10A2B00005F84044394608300AF002FBE36B53F8D6
:10A2C0000810059103EB080B0AF0EEFB0368DB684E
:10A2D000984780460AF0E8FB05FB08F3CDE900A0AB
:10A2E000059900220BF1080009F02FFF0135236CBE
:10A2F000AB42DBDC04F14405394628460AF0E0FABB
:10A30000E36B4FF47F000127B3F90E20B3F90C1073
:10A31000CDE90107B3F9163000932846334609F01A
:10A3200037FD002773E700254FF03C096FF07F4AA7
:10A33000DDE700BFE3900208BFA00008A382020887
:10A3400037B50D461946089BC0E90F520093DDE969
:10A350000623FFF74BFF03B030BDC36B70B5044657
:10A3600053B3FDF7CBFD04F5F671FDF7B3FEFDF732
:10A37000C5FD04F50171FDF766FE04F144000AF025
:10A38000ECFA00253C26236CAB420DDC04F11000F6
:10A390000AF0E3FA04F178000AF0DFFA04F59870A5
:10A3A0000AF0DBFA002070BDE06B06FB0500083008
:10A3B0000AF0D3FA0135E6E70220F4E7F0B50446E7
:10A3C00085B00D460E463C27236CB3422BDC626FF2
:10A3D0002564AA4204F1440601DA002A07DA002DB6
:10A3E000D4BF4FF0FF330023636724DD0022E36B0B
:10A3F0003C2101FB02334FF47F000125B3F90C101F
:10A40000B3F90E20CDE90105B3F9163000933046BB
:10A41000B4F91C3009F0BCFC002130460AF08DFA7A
:10A4200000253C2613E0E06B07FB060008300AF02D
:10A4300094FA0136C8E730460AF08FFAF0E7E06B8D
:10A4400006FB0500012108300AF077FA0135236C7C
:10A45000AB42F4DC05B0F0BDF0B5C36B85B004468B
:10A460000D46002B5DD1022005B0F0BDE06B07FB6F
:10A470000600012108300AF060FA0136236CB3426D
:10A48000F4DC294604F110000AF057FA626F002A42
:10A490001DDB236C9A421ADAE36B3C2101FB023389
:10A4A0004FF47F000127B3F90C10B3F90E20CDE96A
:10A4B0000107B3F91630009304F144063046B4F9AD
:10A4C0001C3009F065FC002130460AF036FA2946B6
:10A4D00004F178000AF031FA294604F598700AF080
:10A4E0002CFAFDF70BFD0546F7F731F804F5F67386
:10A4F00001460D4A009328462346FDF7CAFDFDF7A5
:10A50000FDFC0546F7F723F804F5017301930323D7
:10A51000014600932846054A2346FDF770FD0020BA
:10A52000A2E700263C27A9E76BA00008BFA000080F
:10A530004FF000007047C0E90012836070470000D0
:10A540002DE9F04F7A4D85B004468B4691461E4664
:10A550002B68BFF35B8F13F0010FDFF8E4810CD1A0
:10A56000284618F0E4FA40B1D4F870322846D3F8FF
:10A570008830C8F8003018F0E6FA002525730AF094
:10A58000CDFA04F18C076FF07F4A2B462A460190E2
:10A59000CDF800A05946384609F0D7FD3146384677
:10A5A00009F038FEB4F99830D8F80010C91A04F14F
:10A5B00010062B460822490838460AF007FA3146A9
:10A5C00038460AF07DF9012138460AF0B6F90AF05A
:10A5D0006BFA04F1C007CDE900A02B462A46494694
:10A5E000384609F0FFF8B4F996202B4608320821C6
:10A5F00038460AF0EBF9314638460AF061F9012194
:10A60000384601270AF099F9CDE90157B4F9CA3063
:10A61000083304F13C090093D8F800302A46294653
:10A62000484609F0B5FB4846042109F0E1FB4846DD
:10A630004FF6FF7109F0F3FB2946484609F006FC86
:10A64000314648460AF03CF9294648460AF075F971
:10A65000D4F87022B4F94A30D2F88C200093D21A80
:10A6600002EBD272D8F800303A41294630460AF05F
:10A6700080F8D4F87032D3F88C20009229462A460C
:10A6800004F16C00D3F8883009F0F4FBD4F8703290
:10A6900084F87C70D3F88CA00AF0B6FA0368DB6803
:10A6A0009847D4F87032D3F8882002EBD27242FA7D
:10A6B00007F681460AF0A8FA0368DB68984704F5B4
:10A6C0008078043E09EB490900EB4000CDE90060C9
:10A6D000AAEB09032A461749029740460BF038FDBA
:10A6E000F6F735FF23460146134A40460BF0D9FEE4
:10A6F000D4F87032B4F90C21D3F888100297B4F969
:10A700000E31CDE9002304F5DC76B4F906318A1A5E
:10A7100030460A490BF01CFDF6F719FF064A0146C0
:10A72000234630460BF0BDFE284605B0BDE8F08F4D
:10A730006C750020EA90020803A80008A3820208B2
:10A740007075002037B504460D466C300AF0F5F8F8
:10A75000691C04F110000AF0F0F8237B4BB9A91C26
:10A7600004F580700AF0E9F8E91C04F5DC700AF0E1
:10A77000E4F8FDF7C3FB0546F6F7E9FE04F51D73A3
:10A7800001460D4A009328462346FDF782FCFDF75B
:10A79000B5FB0546F6F7DBFE04F5237301937F2333
:10A7A000014600932846054A2346FDF728FC4FF052
:10A7B000000003B030BD00BF31A5000803A80008A9
:10A7C00010B50446FDF79AFB04F51D71FDF782FCF8
:10A7D000FDF794FB04F52371FDF735FC04F110003F
:10A7E0000AF0BBF804F16C000AF0B7F804F58070C9
:10A7F0000AF0B3F804F5DC700AF0AFF84FF000008F
:10A8000010BDF8B50446002839D000F580778F4296
:10A8100012D000F5DC768E4216D1012363732046F8
:10A82000FFF7CEFFD4E9000540B1A26823462946D0
:10A830000AF079FE0020F8BD0023EFE7002DF9D0E3
:10A84000A0682146A847F5E7037B002BF2D10B78DF
:10A850004D7853B9294638460BF018FE002DE9D142
:10A8600039462046FFF7CDFFE4E7012BE2D1294628
:10A8700030460BF00BFE002DDCD13146F1E7022013
:10A88000D9E7000070B50D4D2C68BFF35B8F14F055
:10A89000010410D1284618F04AF960B1084E094960
:10A8A0003046542240F8044B1BF01DF92846C6E9F7
:10A8B000164418F048F9024870BD00BF74750020B6
:10A8C00078750020947F020801604FF00000704707
:10A8D00070B5061D054696B0582300210068324623
:10A8E0000BF0B2F9AB6DEB65C4B2542130460BF0FE
:10A8F00035FA14B9AB6D83420CD00849582268462A
:10A900001BF0F1F85822694630461BF0ECF8002C99
:10A9100008BF0624204616B070BD00BFE87F0208BD
:10A9200038B5051D0446542128460BF017FAE36D8F
:10A93000A06598420AD0206858232A4600210BF0CF
:10A940009DF9C0B208B9A36DE36538BD0020FCE7EE
:10A9500090B190F8643023B1D0F808320B44C0F8BD
:10A96000083290F86C320BB900207047D0F81034E0
:10A970001944C0F81014F7E7022070472DE9F041A0
:10A980000446FDF7BBFA04F29451FDF7A3FB002542
:10A990004FF48C78342741F2BC36F7F7BDF908FB49
:10A9A00005F303F62C5203441044D3F82C3D1B69E5
:10A9B0009847F7F7B1F907FB05F39A1903440135F6
:10A9C0009B5910441B699847062DE6D104F13800C5
:10A9D00009F0C3FF201D09F0C0FF04F5A87009F0BD
:10A9E000BCFF04F5107009F0B8FF04F5037009F01E
:10A9F000B4FF04F5567009F0B0FF04F2144009F0FA
:10AA0000ACFF04F2CC4009F0A8FFD4F88405036839
:10AA10001B699847D4F8880503681B6998474FF06D
:10AA20000000BDE8F08110B50446F7F775F9F7F7B7
:10AA300013FAF7F771F9F7F731FAD4F8903504F112
:10AA40003800D3F8D413F8F7A4FAD4F8903504F505
:10AA50001070D3F80814F8F79CFAD4F8903593F8EE
:10AA60000C34002B0CBF6FF07F414FF47F4104F298
:10AA700014400BF057FCD4F8903593F80D34002BAC
:10AA80000CBF6FF07F414FF47F4104F2CC400BF0DC
:10AA900049FCD4F80832002B26DD0A2BD4F89005A7
:10AAA0001ADD9121FBF744FCD4F80832C0B20A3B0E
:10AAB000C4F80832D4F81034002B34DD0A2BD4F853
:10AAC000900528DD9A21FBF733FCD4F81034C0B28E
:10AAD0000A3BC4F8103410BD9321FBF729FCD4F8CD
:10AAE0000832C0B2013BE3E713D00A33D4F8900533
:10AAF00007DA9221FBF71CFCD4F80832C0B20A3303
:10AB0000D6E79421FBF714FCD4F80832C0B2013325
:10AB1000CEE71846CEE79C21FBF70AFCD4F81034A8
:10AB2000C0B2013BD5E7D6D00A33D4F8900507DA96
:10AB30009B21FBF7FDFBD4F81034C0B20A33C8E701
:10AB40009D21FBF7F5FBD4F81034C0B20133C0E708
:10AB500038B500F138048C4209D1002100F510709D
:10AB6000F8F780FB01212046F8F77CFB08E000F5B0
:10AB7000A873994206D19021D0F89005FBF7D8FB35
:10AB8000002038BD00F510758D4206D10021204609
:10AB9000F8F768FB01212846E6E700F5567399426D
:10ABA00001D19921E8E700F21443994201D1A02193
:10ABB000E2E700F2CC43994201D1A121DCE7092070
:10ABC000DFE700002DE9F04385B004460D460AF0AA
:10ABD0001BF80368DB689847074609F065FF0368C0
:10ABE000DB689847814609F05FFF0368DB68984798
:10ABF000804609F0CDFF0368DB689847D4F88C35B0
:10AC0000D3F88830002B1946B8BFD91CA3EBA10399
:10AC100005F114024A44043B002504F1380642447D
:10AC200007EB87074FF0030803EBD3735B10009724
:10AC300002EB4002CDE9018530468910F8F7DAF8D9
:10AC4000FF2204213046F8F797F909F0DDFF0222D0
:10AC500001463046F8F7D6FA29463046F8F799F912
:10AC600009F0D2FF4246034691493046F8F7E0FA30
:10AC7000F6F76DFC2B4601462A4630460126F8F7CA
:10AC80000AFB84F8486009F049FF271D6FF07F49EF
:10AC900001902B462A4638468649CDF8009009F0A7
:10ACA00054FAB4F94630B4F93EC0B4F93C1003EBA1
:10ACB000D3730CEB630CB4F9123003EBD372B4F919
:10ACC000103003EBD37301EBD17043FA06F1ACEB18
:10ACD00062022B46C1EB6001384609F077FEB4F9F9
:10ACE00040200296B4F946300193D4F88C3572496D
:10ACF000D3F888309B1A083B04F5A8770093B4F981
:10AD00003E30043238460BF023FAF6F720FC2B468F
:10AD100001462A4638460BF0C4FBB4F94220CDE97F
:10AD20000185B4F94630009304F51077B4F9443046
:10AD3000B4F93C1038460832F8F75CF8FF220421D9
:10AD40003846F8F719F909F05FFF02220146384644
:10AD5000F8F758FA29463846F8F71BF909F054FF76
:10AD60004246034652493846F8F762FAF6F7EFFBD7
:10AD70002B4601462A463846F8F78DFA84F8506289
:10AD800009F0CCFE04F50377CDE900902B462A4666
:10AD900038464A4909F0D9F9B4F94E32B4F946C2F5
:10ADA000B4F9441203EBD3730CEB630CB4F91A320D
:10ADB00003EBD372B4F9183203EBD37301EBD17008
:10ADC00043FA06F1ACEB62022B46C1EB6001384658
:10ADD00009F0FCFDB4F948220296B4F94E32019311
:10ADE000D4F88C353449D3F888309B1A083B04F5E5
:10ADF00056770093B4F94632043238460BF0A8F97E
:10AE0000F6F7A5FB2B4601462A4638460BF049FBD0
:10AE1000B4F94A320296B4F94E220192D4F88C2544
:10AE20002749D2F8882002EBD272324104F214474B
:10AE3000083A08330092384604220BF089F909F0E9
:10AE40006DFE014638460BF080FAF6F780FB2B4684
:10AE500001462A4638460BF024FBD4F88C35D3F84B
:10AE60008820B4F94A32029602EBD272B4F94E123B
:10AE70000191324104F2CC47A2F1080108330432B7
:10AE8000009138460F490BF063F909F047FE01467F
:10AE900038460BF05AFAF6F75AFB2B4601462A467B
:10AEA00038460BF0FEFA284605B0BDE8F08300BF37
:10AEB000F6900208C3820208F3900208F890020894
:10AEC000FF900208059102082DE9F04F044689B071
:10AED0004FF00008D4F89035D3F81034032B28BF76
:10AEE0000323984549D3642104F1380009F025FD76
:10AEF0006421201D09F021FD642104F5A87009F0EA
:10AF00001CFD642104F5107009F017FD642104F59F
:10AF1000037009F012FD642104F5567009F00DFD6F
:10AF2000642104F2144009F008FD642104F2CC40CD
:10AF300009F003FDD4F8840503686621DB689847AF
:10AF4000D4F8880503686621DB6800259847C4F8B3
:10AF50000852C4F81054FCF7D1FF0646F6F7F7FA8A
:10AF600004F294530146009330466F4A2346FDF79E
:10AF700090F8284609B0BDE8F08FF6F7CDFE4FF403
:10AF80008C7505FB08058146F6F7C6FED4F88C35AE
:10AF9000D3F888704FF0030B103F97FBFBF7043793
:10AFA00008FB07F73B1D3426049306FB0806824680
:10AFB000F6F7B2FE09F078FD0368DB68984700F108
:10AFC00030030593D4F88C35D3F88830103B93FBCD
:10AFD000FBF3069309F068FD0368DB689847834636
:10AFE00009F0D6FD0368DB689847D4F890250792EE
:10AFF0000BF104035FFA88FB03EB40075946104648
:10B00000FBF755F806F59D56079A05F62C551C36A4
:10B01000002800F08380454B9A7802920822CDE9FF
:10B0200000720499DDE905232846F7F7E3FE404A5C
:10B0300002212846F7F7A0FF09F036FD012201465C
:10B040002846F8F7DFF8D4F890353A4A93F81C34DC
:10B0500052F8237009F09CFD052203463946284624
:10B06000F8F7E6F85946D4F89005FBF716F80746C6
:10B0700009F01AFD6FF07F43009300231A4639460A
:10B0800001903427304609F060F807FB08A341F22D
:10B09000BC3A049353F80A30DB691F464FF48C73B3
:10B0A00003FB08992846D9F82C3DDB6A9847D9F864
:10B0B0002C3D8346DB6B28469847049B059053F84C
:10B0C0000A103046C96B8847059B1B1A03EBD373E4
:10B0D0000BEB6301D9F82C3D05911B6B2846984773
:10B0E000049B53F80A208346126C30469047ABF11C
:10B0F0000402121A059900233046B847D9F82C3DAE
:10B100006421DB6828469847049B53F80A30642181
:10B11000DB683046984708F10108DBE692F81C240A
:10B12000024B9A5C79E700BF51A900080CA0020805
:10B130008080800028A0020838B5144B03600446C4
:10B1400000F2CC40F6F7CAFA04F21440F6F7C6FA59
:10B1500004F55670F6F7C2FA0D4D04F51070F6F7C7
:10B160004DFBC4F80C5204F5037009F015FC04F50E
:10B17000A870F6F7B3FA04F13800F6F73FFB204663
:10B1800040F8045F09F008FC204638BDB8AD02085D
:10B190001CC0020808B50248FFF7CEFF08BD00BF7B
:10B1A000DC75002010B50446FFF7C6FF204640F2CC
:10B1B000AC5107F00BF8204610BD000038B5254B08
:10B1C000044640F8043BF6F7D9F904F138000025AD
:10B1D000F6F744FA04F5A870F6F7FCF9C4F808523B
:10B1E00004F50370F6F7CAF904F51070F6F736FAAD
:10B1F00004F55670F6F7EEF9C4F8105404F2144052
:10B20000F6F7E8F904F2CC40F6F7E4F9F6F784FD36
:10B2100000F5AA500830C4F88405F6F77DFD00F566
:10B22000B5501830C4F8880507F00CF8C4F88C0540
:10B23000FAF784FE84F8A055C4F89005C4F8945534
:10B24000C4F89855C4F89C55C4F8A455C4F8A8553A
:10B25000204638BDB8AD020810B50A4C2368BFF3CC
:10B260005B8FDB070CD4204617F061FC40B1064829
:10B27000FFF7A4FF054819F00FFA204617F063FC0A
:10B28000014810BDD8750020DC75002095B100087C
:10B2900010B50446FCF732FE04F55E71FCF7D3FEF0
:10B2A000201D05F0F3FDD4F8680303681B69984777
:10B2B000D4F86C0303681B699847D4F86433C83327
:10B2C00054F8230003681B6998474FF0000010BD35
:10B2D0002DE9F0410446183009F03FFB04F14C0021
:10B2E00009F03BFB04F5B27009F037FB04F5CC70B4
:10B2F00009F033FB00254FF48C78342741F2BC363B
:10B30000F6F70AFD08FB05F303F62C52034410443C
:10B31000D3F82C3D1B699847F6F7FEFC07FB05F3B5
:10B320009A19034401359B5910441B699847062D0F
:10B33000E6D104F52C7009F010FB04F55A7009F001
:10B340000CFB04F5846009F008FBF6F7E5FC00F55A
:10B35000805300F5AA50D3F848350021DB68083047
:10B3600098474FF00000BDE8F08138B504460D461F
:10B37000F6F7D2FCF6F792FDD4F86433C8332946C9
:10B3800054F8230003685B6998474FF0000038BD0C
:10B3900070B50D460446002838D009B9002070BDAC
:10B3A0000379062BFAD100F58566304609F097FA45
:10B3B00088B194F8543473B1D4F84C2AD4F8743466
:10B3C00092F81C24002A14BF0A21642105FB0131D4
:10B3D0003046F7F7DEFD04F27456304609F07FFA86
:10B3E0000028DBD094F8A035002BD7D0D4F84C2A15
:10B3F000D4F8C03592F81C24002A14BF0A21642115
:10B4000005FB01313046F7F7C4FDC7E70220C6E768
:10B4100070B50446FCF772FD04F52561FCF75AFE91
:10B4200004F563764425635960191B6998473368AE
:10B4300030461B6905F58C759847B5F5637F06F1B5
:10B440003406F0D14FF4D86540F25C766359601948
:10B450001B6934359847B542F8D104F61C0009F051
:10B460007CFA04F6D40009F078FA04F68C1009F09E
:10B4700074FA04F5856009F070FA04F5A86009F023
:10B480006CFA04F2745009F068FA04F28C6009F066
:10B4900064FAF6F741FC00F5AA5008300AF0BFFF45
:10B4A0004FF0000070BDF8B50446FCF727FD04F628
:10B4B000CC01FCF70FFE04F11C0604F559750027BA
:10B4C000D4F8C838D3F81034032B28BF03239F4285
:10B4D00022D304F5EA6009F040FA04F5D36009F0DC
:10B4E0003CFA04F6080009F038FA04F5806009F027
:10B4F00034FA04F5A36009F030FA04F24C5009F074
:10B500002CFA04F2646009F028FAFFF7BBF9FFF7A0
:10B5100007FA4FF00000F8BD336830461B699847C2
:10B520002B6828461B699847013706F58C76343519
:10B53000C6E7002280F85623D0F86823C0F86C23B1
:10B540001921FAF7F5BE18B9642303FB01F070471F
:10B550004FF47A735943FE23B1FBF3F0704738B5CB
:10B560000D46044600283CD009B9002038BD0379B7
:10B570000A2BFAD190F82C347BB1D0F8C828D0F837
:10B580004C3492F81C24002A14BF0A21642105FBC4
:10B59000013100F58060F7F7FCFC94F87835002B5A
:10B5A000E3D0D4F8C828D4F8983592F81C24002A9F
:10B5B00014BF0A21642105FB013104F24C50F7F756
:10B5C000E8FCFFF75FF9D4F8C828D4F8983592F86A
:10B5D0001C2422B1FE225343642293FBF2F3436501
:10B5E000C3E70220C2E7000037B504464FF4FA6112
:10B5F000043005F03CFCD4F8680303686621DB687E
:10B600009847D4F86C0303686621DB689847FCF719
:10B6100075FC0546F5F79BFF04F55E73019328233F
:10B620000146094A009328462346FCF7E8FCD4F873
:10B630006433C83354F823000368DB6898474FF03D
:10B64000000003B030BD00BFA1C800082DE9F04FD5
:10B6500089B004460691054600F563784FF000096D
:10B66000D4F84C3AD3F81034032B28BF0323994560
:10B6700005F58C7B08F1340AC0F07281D4F85C3196
:10B68000DFF8D4A29B6C012504F5AE76304629463E
:10B6900084F854509847294604F14400F7F7E2FD36
:10B6A00029463046F7F7DEFDD4F8483AB4F94E8023
:10B6B000D3F888200C3A02EBD27242FA05F609F070
:10B6C000A3FA0368DB68984704F61C0708F104082E
:10B6D00000EB8000CDE9006043463846984902956A
:10B6E00004220AF035FDD4F8482AB4F92838D2F8F3
:10B6F00088200295B4F92A18DFF86082CDE900317C
:10B7000004F6D406D21A8F49B4F92238043A3046E6
:10B710000AF01EFDF5F71BFF002301461A463846C6
:10B720000AF0BFFEF5F713FF00231A460146304624
:10B730000AF0B7FE384629460AF0A8FED4F84C1A9B
:10B74000D4F8483A91F81C14D3F888301AF801104C
:10B75000B4F9262802914FF00F09CDF8049004F5B2
:10B760008566B4F92A180091083B3046043204215A
:10B77000F7F740FBFF2204213046F7F7FDFB09F005
:10B7800043FA022201463046F7F73CFD6FF00042D3
:10B7900030460021F7F73EFC00213046F7F7F9FB71
:10B7A000D4F84C3A93F81C3458F8237009F02CFA6A
:10B7B0003946034603223046F7F73AFDF5F7C7FE50
:10B7C000002301461A463046F7F765FD84F83854E1
:10B7D000B4F92CB4B4F92E6409F0A0F908366FF06E
:10B7E0007F470BF1080B3346574901905A4604F541
:10B7F000A860009708F0A9FCD4F84C1AD4F8483A8D
:10B8000091F81C14D3F888301AF80110B4F93224D6
:10B81000CDE9019104F27456B4F92A180091083B5D
:10B82000304604320421F7F7E5FAFF2204213046BE
:10B83000F7F7A2FB09F0E8F9022201463046F7F7D4
:10B84000E1FC6FF0004230460021F7F7E3FB0021F6
:10B850003046F7F79EFBD4F84C3A93F81C3458F86E
:10B86000238009F0D1F94146034603223046F7F719
:10B87000DFFCF5F76CFE002301461A463046F7F769
:10B880000AFD84F88455B4F97865B4F97A8509F02D
:10B8900045F9083608F1080832462C494346CDE9F7
:10B8A000007004F28C6008F050FCB4F97E9509F049
:10B8B000ABF903689B689847064609F0A5F9036849
:10B8C000DB6898470A2304F68C185E4300EB80007F
:10B8D00009F108091E4901904B4604224046009692
:10B8E00002950AF035FCF5F732FE002301461A46B0
:10B8F00040460AF0D6FD04F5D8680026B4F99499BC
:10B90000B4F992A909F0D0F80368DB6898470546B6
:10B9100009F0CAF809F10809CDE9007005FB06A392
:10B9200040460C494A46013608F00FFC032E08F148
:10B930003408E3D14FF0000009B0BDE8F08F00BF3C
:10B940000A91020811910208199102082391020834
:10B950002C910208AA8302080CA0020828A0020861
:10B96000D4F8483AD3F888600327103E96FBF7F6E0
:10B97000043609FB06F6331D059309F095F80368B4
:10B98000DB689847D4F8483AD3F888300646103B2D
:10B9900093FBF7F3079309F087F80268D2689047A2
:10B9A000074609F0F5F80268D2689047069B03F154
:10B9B0000C02D4F84C3A93F81CC4404B043713F8EB
:10B9C0000C100291443507EB40070721079B0191BA
:10B9D0003244284605990097F7F70CFA2846384A6A
:10B9E0000221F7F7C9FA3649FF222846F7F7ACFAE1
:10B9F00009F05AF8012201462846F7F703FC002116
:10BA00002846F7F7C6FAD4F84C3A2E4A93F81C3475
:10BA100052F8236009F0BCF8314603460522284657
:10BA2000F7F706FCF5F793FD00231A460146284672
:10BA3000F7F731FC5FFA89F1D4F84C0AFAF72DFBDD
:10BA4000064609F031F86FF07F430093002331463A
:10BA50001A460190404608F078FB5AF8343CDE69FB
:10BA60005BF8D43C2846DB6A98475BF8D43C074631
:10BA7000DB6B284698475AF8343C0590DB6B404610
:10BA80009847059A131A03EBD37307EB63075BF828
:10BA9000D43C28461B6B98475AF8343C05461B6C2F
:10BAA00040469847043D2A1A002340463946B0478D
:10BAB00009F10109D0465D46D2E500BF0CA002089D
:10BAC0008080800028A002082DE9F04F89B004464C
:10BAD0000691054600F559784FF00009D4F8C838AA
:10BAE000D3F81034032B28BF0323994505F58C7A2E
:10BAF00008F1340BC0F05681012104F11C00F7F766
:10BB0000B1FBD4F8C438B4F92680D3F88820DFF824
:10BB100090920C3A02EBD272551009F075F8036856
:10BB2000DB689847012704F5EA6608F1040800EB92
:10BB30008000CDE9005043463046934902970422E5
:10BB40000AF006FBD4F8C428B4F95C37D2F8882090
:10BB50000297B4F95E17CDE9003104F5D365D21A26
:10BB60008A49B4F95637043A28460AF0F1FAF5F74B
:10BB7000EEFC002301461A4630460AF092FCF5F727
:10BB8000E6FC00231A46014628460AF08AFC39469C
:10BB900030460AF07BFCD4F8C818D4F8C43891F8C1
:10BBA0001C14D3F8883019F80110B4F95A270291FF
:10BBB0004FF00F08CDF8048004F58065B4F95E17E6
:10BBC0000091083B284604320421F7F713F9FF22BD
:10BBD00004212846F7F7D0F909F016F802220146A9
:10BBE0002846F7F70FFB6FF0004228460021F7F7D1
:10BBF00011FAD4F8C838664E93F81C34002B41F281
:10BC00008831284618BF4FF4F661F7F7C2F9D4F827
:10BC1000C83893F81C3456F823A008F0F5FF032227
:10BC2000034651462846F7F703FBF5F790FC00233F
:10BC300001461A462846F7F72EFB84F81074B4F92B
:10BC40000454B4F9067408F069FF083508376FF03A
:10BC50007F432A464F490190009304F5A3603B4679
:10BC600008F073FAD4F8C818D4F8C43891F81C1442
:10BC7000D3F8883019F80110B4F90A24CDE901810C
:10BC800004F24C55B4F95E170091083B04320421CC
:10BC90002846F7F7AFF8FF2204212846F7F76CF99A
:10BCA00008F0B2FF022201462846F7F7ABFA00215E
:10BCB0006FF000422846F7F7ADF9D4F8C878FEF7E0
:10BCC000E1FD97F81C34416D23B164235943FE23F1
:10BCD00091FBF3F12846F7F75CF9D4F8C83893F8EC
:10BCE0001C3456F8236008F08FFF314603460322C8
:10BCF0002846F7F79DFAF5F72AFC002301461A4675
:10BD000028460127F7F7C7FA84F85C75B4F950554F
:10BD1000B4F9526508F002FF083508366FF07F432A
:10BD20002A461D490190009304F26460334608F0EE
:10BD30000CFAB4F9566508F067FF03689B689847EA
:10BD400004F60805044608F05FFF0368DB689847BF
:10BD50000A235C43083600EB800033460F4901900C
:10BD600004222846029700940AF0F2F9F5F7EFFB57
:10BD7000002301461A4628460AF093FB4FF00000C4
:10BD800009B0BDE8F08F00BF6C830208349102084F
:10BD900028A0020819910208369102082C91020885
:10BDA0000CA00208D4F8C438D3F888600327103EEA
:10BDB00096FBF7F6043609FB06F6331D059308F0EB
:10BDC00073FE0368DB689847D4F8C438D3F888302A
:10BDD0000646103B93FBF7F3079308F065FE0268F5
:10BDE000D2689047074608F0D3FE0268D2689047B1
:10BDF000069B03F10C02D4F8C83893F81CC4454BD9
:10BE0000043713F80C1002911C3507EB400707218B
:10BE1000079B01913244284605990097F6F7EAFFFF
:10BE200028463D4A0221F7F7A7F83B49FF2228465A
:10BE3000F7F78AF808F038FE012201462846F7F79E
:10BE4000E1F900212846F7F7A4F8D4F8C838334AB6
:10BE500093F81C3452F8236008F09AFE31460346EA
:10BE600005222846F7F7E4F9F5F771FB00231A4697
:10BE700001462846F7F70FFA5AF8FC3C28469B6C17
:10BE80000121984728460021F7F7ECF95FFA89F17C
:10BE9000D4F8C808FAF701F9064608F005FE6FF075
:10BEA0007F430093002331461A460190404608F034
:10BEB0004CF95BF8343CDE695AF8FC3C2846DB6AF6
:10BEC00098475AF8FC3C0746DB6B284698475BF8D6
:10BED000343C0590DB6B40469847059A131A03EBF8
:10BEE000D37307EB63075AF8FC3C28461B6B984753
:10BEF0005BF8343C05461B6C40469847043D2A1AC3
:10BF0000002340463946B04709F10109D846554655
:10BF1000E4E500BF0CA002088080800028A0020891
:10BF20002DE9F04F89B004460F4608F06DFE036816
:10BF3000DFF884A2DB68DFF884829847D4F8DC2439
:10BF4000D4F8D83492F81C24D3F888301AF8022098
:10BF5000029204F14C0500EB80064FF00709083B04
:10BF6000CDE9006907F1080228460421F6F742FFEF
:10BF70004FF47F0204212846F6F7FEFF08F044FE46
:10BF8000022201462846F7F73DF9D4F8DC34854A09
:10BF900093F81C1493EDF17A02EB8102D2ED007A52
:10BFA000F8EEE77A284667EE877A04F52C7BFDEEFB
:10BFB000E77A17EE901AF6F7ECFFD4F8DC3493F832
:10BFC0001C3458F8237008F01FFE3946034603223C
:10BFD0002846F7F72DF9F5F7BAFA002301461A4675
:10BFE0002846F7F758F9D4F8D824B4F95630D2F8DF
:10BFF00088200C3A002502EBD2720833521084F8E4
:10C000005C500693059208F0FFFD0168C9688847F7
:10C010000127059A069B6449009200EB800001907D
:10C020000422584602970AF093F8F5F790FA2B4647
:10C0300001462A4658460AF034FAD4F8D824B4F90E
:10C04000B832D2F88820043305930C3AB4F956304C
:10C0500002EBD2723A4108330793069208F0D4FDFE
:10C060000168C968884704F55A7B069A079B4F49BF
:10C07000009200EB8000059A0190029758460AF062
:10C0800067F8F5F764FA2B4601462A4658460AF047
:10C0900008FA08F043FD04F5B27B6FF07F4301908E
:10C0A00000932A462B465846414908F04EF8D4F8EA
:10C0B000D834B4F9BA22D3F88800B4F9703103EB5C
:10C0C000D37343FA07F100EBD0702B46C1EB60014C
:10C0D0000832584608F07AFCD4F8DC14D4F8D83486
:10C0E00091F81C14B4F96E21D3F888301AF80110B5
:10C0F000009604F5CC7B083BCDE90191584604320B
:10C100000421F6F777FE4FF0FF1204215846F6F7A8
:10C1100033FF08F079FD022201465846F7F772F81E
:10C1200029465846F6F735FFD4F8DC3493F81C342A
:10C1300058F8236008F068FD31460346032258464C
:10C14000F7F776F8F5F703FA2A4601462B465846E4
:10C15000F7F7A1F8D4F8D83484F8A85104F5846826
:10C16000B4F9A261D3F8884008F04EFD0368DB689B
:10C1700098470836083C00EB80003346CDE9004084
:10C180000C4902970422404609F0E2FFF5F7DFF977
:10C190002B4601462A4640460AF083F9284609B054
:10C1A000BDE8F08F10A002084391020852910208E6
:10C1B0005F9102086D9102080CA0020828A00208F5
:10C1C00037B5054C90F81C5454F825400094FAF704
:10C1D0003BF903B030BD00BF10A0020807B5002333
:10C1E00001AA0193FAF72CFE03B000BD08B502497D
:10C1F000FFF7F4FF08BD00BF7A910208F7B50446C7
:10C2000000F1440500F563760027D4F84C3AD3F8E2
:10C210001034032B28BF03239F425CD34FF4D8650F
:10C2200040F25C7663596019DB68642134359847C5
:10C23000B542F7D1642104F61C0008F07EFB6421AE
:10C2400004F6D40008F079FB642104F68C1008F0A1
:10C2500074FB94F808399BB1642104F5856008F0FB
:10C260006CFB642104F5A86008F067FB642104F20C
:10C27000745008F062FB642104F28C6008F05DFBEE
:10C28000F5F74AFD41F248561D4930440AF007F8D7
:10C29000D4F84C0AFFF7AAFFFBF730FE0546F5F786
:10C2A00056F904F5256301460093164A23462846AD
:10C2B000FBF7EFFE94F8703013B994F88831CBB1E6
:10C2C000F5F72AFD00F5AA5008300AF0A8F84FF05B
:10C2D000000003B0F0BD2B686421DB682846984756
:10C2E00033683046DB6864219847013705F58C7563
:10C2F00034368AE7F5F710FD30440AF0ABF8E6E78C
:10C300007E91020891B30008F7B5044600F11C06BF
:10C3100000F559750027D4F8C838D3F81034032B2A
:10C3200028BF03239F4251D3642104F5EA6008F03B
:10C3300004FB642104F5D36008F0FFFA642104F6DD
:10C34000080008F0FAFA642104F5806008F0F5FAB4
:10C35000642104F5A36008F0F0FAD4F8C868FEF789
:10C3600091FA96F81C34416D04F24C5523B16423C4
:10C370005943FE2391FBF3F12846F6F70AFE6421A8
:10C38000284608F0DAFA642104F2646008F0D5FA6D
:10C39000F5F7C2FC00F5AA501449083009F07FFFF8
:10C3A000D4F8C808FFF722FFFBF7A8FD0546F5F70C
:10C3B000CEF804F6CC030146009328460C4A2346E7
:10C3C000FBF767FE4FF0000003B0F0BD3368642157
:10C3D000DB68304698472B682846DB68642198471D
:10C3E000013706F58C76343595E700BF8A9102084F
:10C3F0005FB500082DE9F04F64218BB0044618307A
:10C4000008F09BFA642104F14C0008F096FA6421CC
:10C4100004F5B27008F091FA642104F5CC7008F0CC
:10C420008CFA0026D4F8DC34D3F81034032B28BF60
:10C4300003239E4222D3662104F52C7008F07DFA76
:10C44000662104F55A7008F078FA662104F58460D4
:10C4500008F073FAD4F8DC04FFF7C8FEF5F75CFCCB
:10C4600000F5805300F5AA50D3F8483508301B6911
:10C4700098474FF000000BB0BDE8F08FF5F74CFC8B
:10C480004FF48C73734303F62C55054405930490C5
:10C49000F5F742FCD4F8D834D3F888304FF0030BCA
:10C4A0004FF03409103B93FBFBF3043309FB06F90F
:10C4B00041F2BC3A7343043309EB0A08804407464F
:10C4C0000693F5F729FCB0F9663C013B079308F0A9
:10C4D0009BFB0368DB689847D4F8D8340990D3F8FD
:10C4E0008830103B93FBFBF3089308F08DFB016849
:10C4F000C9688847099A374B6FF00301A1EB4202E4
:10C50000D4F8DC1491F81C14595C029107210191B4
:10C51000DDE9071340000A44009006992846F6F723
:10C5200069FC2D4A02212846F6F726FD08F06CFB2F
:10C53000012201462846F6F765FED4F8DC34274A86
:10C5400093F81C3452F82310069108F021FB5A4648
:10C55000034606992846F6F76BFEF1B2D4F8DC04E0
:10C56000F9F79BFD834608F013FB6FF07F430093C0
:10C57000002359461A460190404607F0E6FD07EBB6
:10C580000903069353F80A30DB691F46DDE90432DC
:10C5900003EB020B2846DBF82C3DDB6A9847DBF8FF
:10C5A0002C3D81461B6B284698470023021D09F14C
:10C5B00004014046B847DBF82C3D6421DB6828467F
:10C5C0009847069B53F80A306421DB684046984739
:10C5D000013627E70CA002088080800028A002080E
:10C5E000224B10B50446036000F68C10F5F776F880
:10C5F00004F6D400F5F772F804F61C00F5F76EF8AF
:10C6000004F5E560F5F716F804F2F460F5F712F8B2
:10C6100004F5D860F5F70EF804F28C60F5F70AF827
:10C6200004F27450F5F7EAF804F5A860F5F702F89B
:10C6300004F58560F5F7E2F804F57D70F4F7FAFF8C
:10C6400004F57070F4F7F6FF04F56370F4F7F2FF89
:10C6500004F51D70F5F7D2F804F5AE70F5F7CEF8D5
:10C6600004F14400F5F7CAF8204610BD00AE0208F8
:10C6700008B50248FFF7B4FF08BD00BF5889002085
:10C6800010B50446FFF7ACFF204640F6682105F0E0
:10C690009DFD204610BD00001C4B10B504460360F4
:10C6A00000F60800F5F71AF804F5EA60F5F716F851
:10C6B00004F5D360F5F712F804F26460F4F7BAFFFA
:10C6C00004F24C50F5F79AF804F5A360F4F7B2FFC2
:10C6D00004F58060F5F792F804F57370F4F7AAFF9B
:10C6E00004F56670F4F7A6FF04F55970F4F7A2FF9D
:10C6F00004F51370F5F782F804F59A70F5F77EF8F3
:10C7000004F11C00F5F77AF8204610BD24AE0208AB
:10C7100008B50248FFF7C0FF08BD00BF70800020C9
:10C7200010B50446FFF7B8FF204640F6E40105F0D7
:10C730004DFD204610BD0000104B10B504460360AF
:10C7400000F58460F4F7CAFF04F55A70F4F7C6FFE9
:10C7500004F52C70F4F7C2FF04F5CC70F5F74EF831
:10C7600004F5B270F4F766FF04F14C00F5F746F8F3
:10C7700004F11800F4F75EFF204610BD48AE020831
:10C7800008B50248FFF7D8FF08BD00BF8C7B00202A
:10C7900010B50446FFF7D0FF20464FF49C6105F02A
:10C7A00015FD204610BD000010B5044B044640F8AE
:10C7B000043BF8F75BFC204610BD00BFDCAD02086F
:10C7C00008B50248FFF7F0FF08BD00BFC493002082
:10C7D00010B50446FFF7E8FF20464FF4647105F0FA
:10C7E000F5FC204610BD10B500F53F7008F0B5F817
:10C7F000F5F792FA044600F66C3008F0AEF804F64D
:10C80000A830BDE8104009F00ABE10B54FF0FF3166
:10C8100000F53F7008F091F8F5F77EFA4FF0FF3120
:10C82000044600F66C3008F088F804F6A830BDE83D
:10C83000104009F00FBED0F86433C83370B5044619
:10C8400050F8230003680D461B699847201DC4F863
:10C850006453294604F084FDD4F86433C83354F893
:10C8600023000368BDE87040DB68184710B5D0F8B6
:10C870006C438C4212D0041DA14205D190F83C10AB
:10C88000FFF7D9FF002010BDD0F86423C83250F85C
:10C89000220003689B699847C0B2F4E70920F2E7D9
:10C8A00070B50446F0B100F53F700D784E7808F091
:10C8B00016F800B90EB1002070BD032D09D1D4F8CF
:10C8C00064130029F7D00139C9B22046FFF7B3FF3E
:10C8D000F1E7052DEFD1D4E9D831013B9942EAD2F5
:10C8E0000131F1E70220E7E72DE9F8433F4BDFF89C
:10C8F0001091044640F8043B08F03CF83C4B636060
:10C900003C4B6FF07F42C4E90C233B4B0026C4E94B
:10C910000E36C4E90966C4E91066E66204F148000F
:10C9200007F0ECFE04F17400F4F718FE04F1A40023
:10C93000F4F714FE04F1D400F4F710FE04F5827548
:10C9400004F5CA774FF0FF38284608F013F8C5F809
:10C950000090C5F8288085F82C6085F82D60C5E921
:10C9600008663035BD42EFD104F533762846F4F73A
:10C9700005FE05F134006835F4F700FEB542F5D147
:10C980002846F4F7EBFD04F53F7007F0F3FF1B4B6F
:10C99000C4F8FC3205F056FC002540220021C4F802
:10C9A0001C0304F5487018F024FFC4E9D855F5F7C6
:10C9B000B3F900F5AA500830C4F86803F5F7ACF9EC
:10C9C00000F5B5501830C4F86C0305F03BFCC4F812
:10C9D0007003F9F7B3FA84F88453C4E9DD05C4E9B8
:10C9E000DF55C4E9E2552046BDE8F883DCAD020816
:10C9F000D8AE020880808000404040006CBF020832
:10CA000064B6020810B50A4C2368BFF35B8FDB07DE
:10CA10000CD4204616F08BF840B10648FFF764FFAF
:10CA2000054817F039FE204616F08DF8014810BD74
:10CA3000C0930020C4930020C1C7000837B5D0F8C8
:10CA4000DC345C4A93F81C1493EDF17A02EB81021A
:10CA5000D2ED007AF8EEE77A044667EE877A4C303A
:10CA6000FDEEE77A17EE901AF6F793FAD4F8DC3475
:10CA700093F87033022B09D853B9002323610223A2
:10CA80002371FFF7BFFFFFF7AEFE01E0042BF4D1E7
:10CA90002379022B26D02169D4F8DC5469BB02210A
:10CAA0002846F9F76BFBD4F8DC3493F81C34EBB967
:10CAB000A0F57422A2F5107242F2107301210191C7
:10CAC00004F11001009128460221FAF76FFDC5B26A
:10CAD0000D2D5FD10023236102232371FFF792FF05
:10CAE000FFF781FE0025284603B030BDA0F5C02227
:10CAF000A2F5F27240F28913E0E72846F9F7F4FB59
:10CB000088B121690029EDD0D4F8DC04F9F7ECFBF9
:10CB10005528E7D02169D4F8DC04F9F7E5FB0028B3
:10CB2000E0D00D2538E02169D4F8DC04F9F7EBFBFF
:10CB30000028E6D0D4F8DC0490F87033012BE0D163
:10CB40000221F9F752FB237901469BB904F5CC7019
:10CB5000F6F71FFAD4F8DC04A26890F81C34002B16
:10CB60004FF002014CF2503318BF4FF4F663FAF75E
:10CB700099FAAFE7012BEDD1D4F8E431C11AD4F81A
:10CB8000DC04FAF7CFFDC5B235B9D4F8DC04FFF701
:10CB90002DFBDFE7002DA5D0D4F8DC04FEF7C9FC9F
:10CBA0000023236102232371FFF72CFFFFF71BFEF5
:10CBB00099E700BF10A00208F8B50446D0F8DC04DD
:10CBC00090F87033012B0D462CD12379022B29D1FB
:10CBD00004F584668E4207D004F52C73994203D085
:10CBE00004F55A7399421DD1FAF7DAFDC7B2D4F8A9
:10CBF000DC04FFF7FBFAAFB9C0B298B9AE4203D07C
:10CC000004F52C739D420DD10221D4F8DC04F9F710
:10CC10007FFA761B18BF0126A0602671FFF7F2FE8F
:10CC2000FFF7F3FD4FF00000F8BD08B540F606230E
:10CC30008380032383710023C363FFF7E3FEBDE812
:10CC40000840FFF7D0BD00002DE9F8430379062B1B
:10CC500004460D4640F0BA80F5F75EF800F5AA509C
:10CC60000830854245D1D4F84C3A93F87033012B03
:10CC700028D194F870306BB994F8883153B9F5F72E
:10CC80004BF800F5AA50083009F0E4FB4FF0000023
:10CC9000BDE8F88394F808391BB3D4F8C035002BED
:10CCA00003DDD4F87434002B1BDC5149514AD4F80D
:10CCB000440A0223FDF744FCD4F8440A42F21071FE
:10CCC000FDF740FD94F870301BB994F88831002BC3
:10CCD000D5D0F5F721F800F5AA50083009F09FFBF0
:10CCE000D4E70023A380A371FFF78CFEFFF78DFD2F
:10CCF000E8E704F14400A84206D194F8701081F0EE
:10CD00000101F6F7AFFADDE704F5AE70A84202D1F3
:10CD100094F88811F3E704F61C08A84504F6D40932
:10CD200004F5856704F2745616D14046012109F0D6
:10CD3000ADFB0021484609F0A9FB384607F00DFE7F
:10CD400004F5A86007F009FE304607F006FE04F27D
:10CD50008C6007F002FEB5E7A9451AD148460121CB
:10CD600009F094FB4046002109F090FB642138460D
:10CD700007F0E3FD642104F5A86007F0DEFD6421FF
:10CD8000304607F0DAFD642104F28C6007F0D5FD2F
:10CD900098E7AE4206D101213046F6F763FA00214A
:10CDA0003846AEE7AF4206D101213846F6F75AFAC7
:10CDB00000213046A5E704F68C10A84282D194F8F1
:10CDC000C01981F0010109F061FB7BE7D0F8443A1A
:10CDD0008B427FF45BAF5B7B13B98279012A03D06E
:10CDE0002046FFF722FF51E78380022383714DE73E
:10CDF000C38C0208949102082DE9F7431F460B7873
:10CE0000DDE90A8904460E461546072B00F28280AA
:10CE1000DFE803F004808038557782924749D0F8E4
:10CE20004C0AFFF7DBF9D4F84C0A2946F9F7A6F9C2
:10CE3000C8F80000D4F84C8A29464046F9F79EF914
:10CE4000D4F84C9A3E4A99F81C143E4B002908BF6E
:10CE5000134603FB0707FDF715FD816C99F81C04C9
:10CE6000FEF771FB01223C340346019200943A46DE
:10CE700029464046FAF79AFB0323C0B2337003B049
:10CE8000BDE8F0832946D0F84C0AF9F7D9F9C9F87A
:10CE90000000D4F84C7AD8F80080FDF7F3FC816CE0
:10CEA00097F81C04FEF74FFB3C34034600944246BF
:10CEB00029463846FAF7DCFB0423C0B2DEE7D0F897
:10CEC0004C8AD9F8002098F81C34002B40F28913C2
:10CED00008BF4FF47A7303FB0727FDF7D3FCC16C3F
:10CEE00098F81C04FEF72FFB01223C340346019204
:10CEF00000943A4629464046FAF758FB0523C0B24B
:10CF0000BCE7D0F84C0A2946F9F79AF90623C9F884
:10CF1000000033700020B2E70123019300F13C03CD
:10CF20000093D8F80020D0F84C0A00232946FAF7DD
:10CF3000C3FA0723C0B2A1E70A23EAE7CB910208AC
:10CF400040420F00E40106002DE9F74F1F460B7821
:10CF5000DDE90CABDDE90E8904460D461646092BCA
:10CF600000F2EE80DFE813F00A0033004D00A2006B
:10CF7000C100E300F00002010D0138019A49D0F828
:10CF80004C0AFFF72BF93146D4F84C0AF9F7F6F8BA
:10CF90000221C8F80000D4F84C0AF9F7EFF86063F2
:10CFA000D8F8002000234FF0010804F13C0184F878
:10CFB00038300091CDF80480D4F84C0A07FB0A22DF
:10CFC0003146FAF779FA85F80080C0B2B9E0426BD1
:10CFD000D0F84C7AA2EB0B0BFDF754FC816C97F860
:10CFE0001C04FEF7B0FA00223C3403460192009480
:10CFF0005A4602213846FAF7D9FA0223C0B22B70FA
:10D000009FE00221D0F84C0AF9F7B8F8636BD4F826
:10D010004C9AA3EB0B03A0EB0308B8F1000FB8BFC9
:10D02000C8F10008FDF72EFC99F81C24036D22B10D
:10D0300064225343FE2293FBF2F39845D4F84C9AB2
:10D0400004F13C0802DC99F8E5336BB1012384F864
:10D050003830CDE90083626B002302214846FAF79D
:10D060002BFA0823C0B2CAE731464846F9F786F8DA
:10D07000D4F84C4A5D4A94F81C145D4B002908BF53
:10D08000134607FB1307FDF7FDFB816C94F81C04A6
:10D09000FEF759FA01220346CDE9008231463A46AD
:10D0A0004846FAF783FA0323C0B2A8E73146D0F81E
:10D0B0004C0AF9F7C5F8C9F80000D8F80020D4F8F0
:10D0C0004C9A07FB0A27FDF7DDFB816C99F81C04DD
:10D0D000FEF739FA3C34034600943A463146484656
:10D0E000FAF7C6FA0423C0B289E7D0F84C8AD9F817
:10D0F000002098F81C34002B40F2891308BF4FF42D
:10D100007A7307FB1327FDF7BDFBC16C98F81C046D
:10D11000FEF719FA01223C340346019200943A4684
:10D1200031464046FAF742FA0523C0B267E7D0F825
:10D130004C0A3146F9F784F80623C9F800002B7031
:10D14000002003B0BDE8F08F0123D8F80020019340
:10D1500000F13C030093D0F84C0A002307FB0A229D
:10D160003146FAF7A9F90723C0B248E70123019332
:10D1700000F13C030093426BD0F84C0A00230221DB
:10D180006DE7476BD0F84C0A0221F8F7F7FF3F1A1A
:10D19000D4F84C9A002FB8BF7F42FDF773FB99F883
:10D1A0001C24036D22B164225343FE2293FBF2F34D
:10D1B0009F420FDC0123019304F13C030093D8F854
:10D1C0000020D4F84C0A00233146FAF775F9C0B2B2
:10D1D000092314E70D20FBE790F83830002B14BF2B
:10D1E0000D2000200A230AE7CB91020840420F00DD
:10D1F000E4010600F0B590F8507885B0DDE90A56F4
:10D2000037B1CDE90056FFF7F7FDC0B205B0F0BD6C
:10D21000CDE90256D0F874540195D0F8C045009479
:10D22000FFF792FEF1E7000070B504468AB000F106
:10D2300044060025D4F84C0AD0F81034032B28BF3C
:10D2400003239D4208D390F87033022B0FD883B983
:10D250002046FFF7EAFC0CE0E9B2F8F78FFF014641
:10D260003046F5F796FE013506F58C76E2E7042B9D
:10D27000EED1E16B69B9E16B49B3D4F84C0AF9F727
:10D2800033F8552829D0E16BD4F84C0AF9F72CF87B
:10D2900056E0D4F84C0AF9F727F80028EBD1E16BF7
:10D2A000D4F84C0AF9F72FF80028E4D0D4F84C6AE7
:10D2B00096F87053012D10D12379052B0DD8DFE896
:10D2C00013F010002B004600AF00BE00450123798B
:10D2D000002BEBD06379002BE8D04FF000000AB0B0
:10D2E00070BDA949002204F5D86006F0AEFFA6493A
:10D2F000002204F2F46006F0A8FFA349002204F51E
:10D30000E56006F0A2FF0023637194F87030002BF3
:10D3100008BF03252571E0E763790A2B02D10223B8
:10D32000A380DAE704F10803019304F118030093E2
:10D330004FF0FF330022611D2046FFF75BFFC0B2B4
:10D340000028CAD0D4F84C0AFEF7F3F804E1637958
:10D350000A2B09D10023637194F88831002B0CBF8C
:10D36000052303232371B8E7062B43D1A168226963
:10D370008B1803EBD3735B10A36194F85038521AE7
:10D380002262002B3ED0FDF77DFA96F81C34456DE5
:10D3900023B164235D43FE2395FBF3F5236A1D440B
:10D3A000A279A3692562022A09BFE26AE3629B1897
:10D3B00003EBD37304BF5B10A3610D22002106A809
:10D3C00018F017FA2B460D2206A9D4F84C0AFEF7DE
:10D3D000F7FED4F84C3A93F81C246C4B53F82230E7
:10D3E00004F25C71CDE900034022694B04F5D8607A
:10D3F00006F06DFF04F11003019304F1180300938C
:10D40000012397E7FDF73EFA96F81C24436D22B1FD
:10D4100064225343FE2293FBF2F3256AED1ABFE721
:10D4200063790A2B01D104237AE704F10C030193F9
:10D4300004F11C0300934FF0FF3301227BE7637973
:10D440000A2B01D105238DE7062B69D1E1686269BA
:10D450008B1803EBD3735B10E36194F85038521AC6
:10D460006262002B64D0FDF70DFA96F81C34456D0E
:10D4700023B164235D43FE2395FBF3F5636A1D44EA
:10D48000A279E3696562022A09BF226B23639B18B4
:10D4900003EBD37304BF5B10E3610D22002102A8EC
:10D4A00018F0A7F92B460D2202A9D4F84C0A374EE2
:10D4B000FEF786FED4F84C3A93F81C3456F8233025
:10D4C0004022CDE9000304F29C71324B04F2F46077
:10D4D00006F0FDFE94F8703013B3D4E90853ED1A4A
:10D4E000002DB8BF6D420D220021A56206A818F0DC
:10D4F00080F92B460D2206A9D4F84C0AFEF760FEEF
:10D50000D4F84C3A93F81C3456F823304022CDE935
:10D51000000304F2DC71204B04F5E56006F0D7FE51
:10D5200004F11403019304F11C030093012384E725
:10D53000FDF7A8F996F81C24436D22B164225343E9
:10D54000FE2293FBF2F3656AED1A99E794F8C0396D
:10D5500013B1A379022B03D12046FFF766FBBCE68B
:10D56000002B7FF4BAAE02230C4A0D49D4F8440ACA
:10D57000FCF7E6FFD4F8440A42F21071FDF7E2F836
:10D580000123A371A9E600BFAA83020828A002080C
:10D59000D0910208DA910208E4910208EE910208A3
:10D5A0001892020838B53E4B036040F6062300256A
:10D5B0008380032304468371C0E90255C0E9045502
:10D5C000C0E90655C0E90855C0E90A55C0E90C553F
:10D5D00080F83850C56380F840504430F4F73EF886
:10D5E00004F5AE70F4F73AF804F51D70F4F736F868
:10D5F00004F56370F3F7C2FF04F57070F3F7BEFF34
:10D6000004F57D70F3F7BAFF04F58560F4F726F8AA
:10D6100004F5A860F3F7B2FF04F27450F4F71EF8B3
:10D6200004F28C60F3F7AAFF04F5D860F3F7A6FFC5
:10D6300004F2F460F3F7A2FF04F5E560F3F79EFF50
:10D64000C022294604F25C7018F0D3F804F61C00DE
:10D65000F3F7C0FF04F6D400F3F7BCFF04F68C1018
:10D66000F3F7B8FFF4F758FB00F5BB501030C4F8DF
:10D67000440A04F0E7FDC4F8480AF8F75FFC84F8B0
:10D680005C5AC4F84C0AC4F8505AC4F8545AC4F846
:10D69000585AC4F8605AC4F8645A204638BD00BFCE
:10D6A00000AE020810B50A4C2368BFF35B8FDB079E
:10D6B0000CD4204615F03BFA40B10648FFF772FF44
:10D6C000054816F0E9FF204615F03DFA014810BD67
:10D6D000548900205889002071C6000808B540F21E
:10D6E0000A33838000234361FFF78CF9BDE80840CB
:10D6F000FFF779B82DE9F743044600F11C06002531
:10D70000D4F8C808D0F81034032B28BF03239D4257
:10D7100008D390F87033022B0FD883B92046FFF757
:10D72000DDFF0CE0E9B2F8F729FD01463046F5F7D8
:10D7300030FC013506F58C76E2E7042BEED1616909
:10D74000B9B96169002941D0D4F8C808F8F7CCFD0F
:10D7500055283ED06169D4F8C808F8F7C5FD0028FF
:10D7600037D0D4F8C808FDF7E4FE2046FFF7B6FF2F
:10D770002FE0D4F8C808F8F7B7FD0028E1D16169B7
:10D78000D4F8C808F8F7BFFD0028DAD0D4F8C85894
:10D7900095F87033012B1CD12379092B19D801A2DC
:10D7A00052F823F0DDD70008D3D70008D3D70008FC
:10D7B0006DD80008A5D80008EBD80008D3D700081A
:10D7C00039D9000809DA00086BD700082379002B43
:10D7D000DCD04FF0000003B0BDE8F08394F848209F
:10D7E00022B994F86031C3F10203DBB2A37194F85B
:10D7F00084379449002B0CBF01234FF0FF33E371B2
:10D800002846FEF7EBFCA179D4F8C808F8F7B6FC77
:10D81000D4F8C868A779206139463046F8F7AEFCDD
:10D82000D4F8C888884A98F81C14884B002908BF87
:10D83000134694F9072003FB0205FDF723F8816CDA
:10D8400098F81C04FDF77FFE0122019204F11402F6
:10D850000346009239462A463046F9F7A7FE0323CD
:10D86000C5B22371002D7FF47CAFB2E7A1792846C1
:10D87000F8F7E6FCA060D4F8C858A6792769FDF748
:10D8800001F8816C95F81C04FDF75DFE04F11402AB
:10D890000346009228463A463146F9F7E9FE04234A
:10D8A000C5B2DEE795F81C24A368A779002A94F98D
:10D8B000072040F2891608BF4FF47A7616FB02362D
:10D8C000FCF7E0FFC16C95F81C04FDF73CFE01225B
:10D8D000019204F11402034600922846324639466A
:10D8E000F9F764FE0523C5B2BBE7A1792846F8F72E
:10D8F000A7FC6379A060022B09BFE368E060C01851
:10D9000000EBD07004BF4010A060D4F8C858A679CE
:10D910002769FCF7B7FF816C95F81C04FDF713FE2F
:10D9200004F114020346009228463A463146F9F7BC
:10D930009FFE0723C5B294E794F83C38A779D3B18A
:10D94000022F1AD094F80580B8F1020F26D10221D7
:10D950002846F8F713FCD4F84C240123019304F172
:10D96000140300930244002328460221F9F7A4FD82
:10D970000823C5B275E7022FE9D1A168D4F84C2479
:10D980000123019304F1140300930A4400230221AC
:10D990002846F9F791FDC5B2092362E7B8F1000FF7
:10D9A0007FF417AF39462846F8F7E8FBD4F89835E6
:10D9B00094F90720D4F8C89803EBD3735B1002FBEB
:10D9C0001306FCF75FFF816C99F81C04FDF7BBFDA3
:10D9D00004F1140203460092394632462846CDF837
:10D9E0000480F9F7E3FD0223194A1A49C5B2D4F8B5
:10D9F000C008FCF7A5FDD4F8C00842F21071FCF78E
:10DA0000A1FE012363712DE7D4F8982594F907103E
:10DA1000A77902EBD2725310A26801FB0326FCF730
:10DA200031FF816C95F81C04FDF78DFD00220192F9
:10DA300004F1140203460092394632462846F9F7AB
:10DA4000B5FDA8E7CB91020840420F00E4010600B3
:10DA5000EE9102081892020803790A2B2DE9F0478B
:10DA600004460D4640F09080F4F756F900F5AA50B0
:10DA7000083085420FD1D4F8C83893F87033012BA1
:10DA800005D10023A380FEF7BDFFFEF7BEFE4FF0D9
:10DA90000000BDE8F08704F11C09A94504F59A7857
:10DAA00004F5137A04F5D36613D101214846F5F73E
:10DAB000D9FB00214046F5F7D5FB00215046F5F78C
:10DAC000D1FB04F6080008F0AAFC304608F0A7FCD9
:10DAD000DDE7A84506D101214046F5F7C3FB00214B
:10DAE0004846E8E7AA4504F5EA6718D150460121FF
:10DAF000F5F7B8FB48460021F5F7B4FB0021404696
:10DB0000F5F7B0FB04F6080008F0A4FC304608F076
:10DB1000A1FC236839469B6920469847B7E7AF4286
:10DB200008D10121384608F0B1FC0021304608F048
:10DB3000ADFCACE7AE4206D10121304608F0A6FCB0
:10DB400000213846F3E704F24C56AE4204F58067F4
:10DB500008D101213046F5F785FB00213846F5F75D
:10DB600081FB94E7AF4206D101213846F5F77AFBF5
:10DB700000213046F3E704F60800A84287D194F864
:10DB80003C1881F00101D2E7D0F8C0388B427FF415
:10DB90007EAF5B7B33B94379012B03D14FF4007324
:10DBA000838074E72046FFF799FD70E738B52D4B69
:10DBB00003602D4B00250446C0E90135C0E903553B
:10DBC000456105761C30F3F749FD04F59A70F3F7CB
:10DBD00045FD04F51370F3F741FD04F55970F3F7B3
:10DBE000CDFC04F56670F3F7C9FC04F57370F3F728
:10DBF000C5FC04F58060F3F731FD04F5A360F3F78D
:10DC0000BDFC04F24C50F3F729FD04F26460F3F715
:10DC1000B5FC04F5D360F3F7DDFC04F5EA60F3F737
:10DC2000D9FC04F60800F3F7D5FCF4F775F800F515
:10DC3000BB501030C4F8C00804F004FBC4F8C4089A
:10DC4000F8F77CF984F8D858C4F8C808C4F8CC5858
:10DC5000C4F8D058C4F8D458C4F8DC58C4F8E05814
:10DC6000204638BD24AE02080A03060010B50A4C4F
:10DC70002368BFF35B8FDB070CD4204614F057FFFB
:10DC800040B10648FFF792FF054816F005FD204613
:10DC900014F059FF014810BD6C80002070800020F6
:10DCA00011C7000870B5204E3568BFF35B8F15F0C3
:10DCB000010537D1304614F03AFF98B31B4C1C4B8A
:10DCC00023600223237104F1180006232373A56047
:10DCD00025612575F3F752FC04F14C00F3F7BEFC07
:10DCE00004F5B270F3F74AFC04F5CC70F3F7B6FC18
:10DCF00004F52C70F3F76EFC04F55A70F3F76AFC28
:10DD000004F58460F3F766FC04F09CFAC4F8D804C8
:10DD1000F8F714F9C4F8DC04064816F0BDFC3046E8
:10DD200014F011FF014870BD887B00208C7B00201F
:10DD300048AE020881C700082DE9F3474FF0280AD2
:10DD400090460322D0F87033CDE900A20446071DA7
:10DD500000250A46D3F888300E463846002103F0E5
:10DD6000D4F8C4F8605306F09FFE374A374B009052
:10DD70002946384603F027FAD4F8609309F10103E5
:10DD8000C4F86033FFF78EFC09F1C809A8F1280830
:10DD900044F82900D4F8609306F086FE49462C4AE0
:10DDA0002A4B0090384603F00EFAD4F8609309F13C
:10DDB0000103C4F86033FFF759FF09F1C80944F8BB
:10DDC0002900D4F8609306F06FFE4946214A224BA1
:10DDD0000090384603F0F7F9D4F8609309F1010395
:10DDE000C4F86033FFF75EFF09F1C809D4F8602377
:10DDF00044F82900D4F87033CDE900A22946324610
:10DE0000D3F88830384603F080F8F3F7A0FB2B46B0
:10DE100001462A46384603F0C6FA04F547775644C9
:10DE2000D4F86033AB4205D80020C4F8640302B0D4
:10DE3000BDE8F08757F8040F036842469B683146F7
:10DE400098470135ECE700BF2D92020826920208A0
:10DE500034920208AE8F020839920208E8B10379C1
:10DE600000F5805033B9D0F8E03A0B44C0F8E03AFE
:10DE70000020704790F828372BB1D0F814380B44A5
:10DE8000C0F81438F4E790F87838002BF0D0D0F8C8
:10DE900064390B44C0F86439EAE702207047000097
:10DEA00038B5044618B304F55D6500F6B430FCF7E8
:10DEB00054FA04F580540F49284604F01BF96421F4
:10DEC000284604F047F8D4F8BC0603686621DB68EE
:10DED0009847D4F8C00603686621DB689847D4F8F1
:10DEE000C40603686621DB689847002038BD02201D
:10DEF000FCE700BF409202082DE9F0410446F9F723
:10DF0000FDFF04F5D7510431FAF7E4F8F3F704FF05
:10DF100000F5A750143006F020FD04F6B430FCF7ED
:10DF20001CFA04F55D6003F0C9FE236913B92C489F
:10DF300010F0FEFF00254FF48C78342741F2BC36F8
:10DF4000F3F7EAFE08FB05F303F62C5203441044F2
:10DF5000D3F82C3D1B699847F3F7DEFE07FB05F36A
:10DF60009A19034401359B5910441B699847062DA3
:10DF7000E6D104F58055D5F8BC0603681B699847BF
:10DF8000D5F8C00603681B699847D5F8C40603682E
:10DF90001B69984704F5B7501C3006F0DEFC04F509
:10DFA000B650083006F0D9FC04F5C2500C3006F02B
:10DFB000D4FC04F5C050183006F0CFFC04F5CB506B
:10DFC000083006F0CAFC04F5D15006F0C6FCF3F7A1
:10DFD000A3FE0021F3F7BCFE4FF00000BDE8F08186
:10DFE000E0C801202DE9FF4704468846164603464F
:10DFF00000F1140200F5F0612120C3F83424C3F8C5
:10E0000038043C338B4202F12102F6D1F3F79FFA38
:10E0100004F5805504F6B4378D4B00930146224633
:10E0200038468C4BFCF7A1F8D5F8D83AD3F888904D
:10E0300006F0EAFD0368DB689847A6F10803A3EB46
:10E04000400304F23441CDE901932022CDF8008051
:10E0500000233846FCF774F9D5F8D83AD3F888701D
:10E0600006F0D2FD0368DB689847A6F13002A2EB08
:10E0700040023B460021009204F55D60424603F0F9
:10E0800023FE06F0C1FD0368DB689847D5F8D83A4F
:10E09000D3F8883006EB080104F5B7575C3B00263F
:10E0A0001C374FF005083039282203EBD3735B107F
:10E0B000CDE901860092A1EB400238460421F4F735
:10E0C00099FE4FF4800204213846F4F755FF06F01C
:10E0D00025FD012201463846F5F794F831463846C9
:10E0E000F4F757FF06F090FD5B49034603223846DC
:10E0F000F5F79EF8F3F72BFA3346014632463846D9
:10E10000F5F7C9F8B5F90077B5F902A706F040FDB3
:10E110006FF07F49019006370AF1060A04F5B65000
:10E1200053463A464D49CDF80090083006F00DF8B8
:10E13000B5F90417CDE9018604F5C257B5F90A37D8
:10E1400000930C37B5F90837B5F902273846043182
:10E15000F4F750FE4FF4800204213846F4F70CFF28
:10E1600006F0DCFC012201463846F5F74BF8314653
:10E170003846F4F70EFF06F047FD37490346032201
:10E180003846F5F755F8F3F7E2F9334601463246DB
:10E190003846F5F780F8B5F95078B5F9528806F0A9
:10E1A000F7FC0637CDE9009008F1060804F5C050E9
:10E1B00043463A462A49183005F0C7FFB5F95A38A0
:10E1C000B5F9542800934FF00108CDE9013804F562
:10E1D000CB570837B5F9523822490432384607F090
:10E1E000B7FF06F09BFC0146384608F0AEF8F3F79F
:10E1F000AEF9334601463246384608F052F9384601
:10E2000008F028F9B5F95A38B5F970290093CDE925
:10E21000013804F5D154B5F9523813490432204677
:10E2200007F096FF06F07AFC0146204608F08DF8CC
:10E23000F3F78DF9334601463246204608F031F9AE
:10E24000204608F007F9304604B0BDE8F08700BF6B
:10E25000A1DE0008F9EC0008F690020871810208BE
:10E26000609202089D980208089402082DE9F04F78
:10E270008BB00446F9F742FE0546F3F768F904F55A
:10E28000D753043301468F4A009328462346F9F7B3
:10E2900000FFF3F741FD0546F3F756FE05F5A750DD
:10E2A00042F21071143004F55D6506F046FB2169F9
:10E2B000284603F01FFF18B98349284603F01AFFC8
:10E2C0002846642103F046FE002704F58055D5F862
:10E2D000DC3AD3F81034032B28BF03239F424DD3DD
:10E2E000F3F71AFD0121F3F733FDD5F8BC067749A2
:10E2F00007F0D5FFD5F8BC0603686621DB689847B0
:10E30000D5F8C006724907F0CAFFD5F8C006036801
:10E310006621DB689847D5F8C4066E4907F0BFFF51
:10E32000D5F8C40603686621DB68984704F5B75042
:10E3300064211C3006F001FB04F5B650642108305E
:10E3400006F0FBFA04F5C25064210C3006F0F5FA31
:10E3500004F5C0506421183006F0EFFA04F5CB50F4
:10E360006421083006F0E9FA642104F5D15006F082
:10E37000E4FA4FF000000BB0BDE8F08FF3F7CCFCEF
:10E380004FF48C7606FB070606F62C530593814660
:10E39000F3F7C2FC342303FB070303F59D531C333F
:10E3A0000693D5F8D83AD3F88830A3F1100B03239D
:10E3B0009BFBF3FB0BF104037B4304331E46B5F9CF
:10E3C00006371A1D0992804606F01EFC0368DB68BA
:10E3D000984743000793D5F8DC3A08935FFA87FA29
:10E3E00018465146F7F763FEDDE90832002864D08D
:10E3F000394B9B78029308230193079B0598009360
:10E4000031465B46F4F7F6FC344A05980221F4F7EE
:10E41000B3FD06F0F9FB012201460598F4F7F2FE80
:10E42000D5F8DC3A93F81C242D4B53F822B006F0B3
:10E43000AFFB0322034659460598F4F7F9FE51460F
:10E44000D5F8DC0AF7F729FE824606F0A1FB6FF04B
:10E450007F43009300231A4651460190069805F029
:10E4600074FE342303FB078841F2BC3A059858F840
:10E470000A30DB691E464FF48C7303FB07990137A2
:10E48000D9F82C3DDB6A9847D9F82C3D83461B6BA5
:10E49000059898470023021D0BF104010698B04728
:10E4A000D9F82C3D0598DB686421984758F80A3064
:10E4B0000698DB686421984709E793F81C340649FD
:10E4C000CB5C97E75DDE000866920208398102089E
:10E4D0009B920208198C02080CA002088080800020
:10E4E00028A002080E4B70B503600E4BC0F8A83888
:10E4F000044600F6A80006F04FFA04F55D7504F135
:10E500003406B54204D0343D2846F3F793F8F8E7D3
:10E51000054B2360204606F03FFA204670BD00BF41
:10E520005CB5020814BF020874C00208244B70B521
:10E530000446036000F5D150F3F7D0F804F5CB5052
:10E540000830F3F7CBF804F5C2500C30F3F756F966
:10E5500004F5C0501830F3F76DF804F5B7501C30CF
:10E56000F3F74CF904F5B6500830F3F763F804F507
:10E570005D60FFF7B7FF04F6E440F3F7AFF804F689
:10E580002C40F3F7ABF80F4BC4F8F83B04F6F83027
:10E5900006F002FA0C4BC4F8C43B04F6C43006F093
:10E5A000FBF904F6B43504F23446B54205D03C3DDF
:10E5B00005F10800F3F73EF8F7E7204670BD00BF0D
:10E5C0006CAE020814BF020874C0020808B5024805
:10E5D000FFF7ACFF08BD00BF5897002010B50446F8
:10E5E000FFF7A4FF204641F6FC2103F0EFFD204693
:10E5F00010BD10B50446FFF775FF204640F6E80150
:10E6000003F0E4FD204610BD10B500F58054D4F8A9
:10E610001438002B26DD0A2BD4F8DC0A1ADD9121F0
:10E62000F7F786FED4F81438C0B20A3BC4F81438A1
:10E63000D4F86439002B34DD0A2BD4F8DC0A28DD49
:10E640009A21F7F775FED4F86439C0B20A3BC4F8D2
:10E65000643910BD9321F7F76BFED4F81438C0B2BB
:10E66000013BE3E713D00A33D4F8DC0A07DA92213E
:10E67000F7F75EFED4F81438C0B20A33D6E7942117
:10E68000F7F756FED4F81438C0B20133CEE7184677
:10E69000CEE79C21F7F74CFED4F86439C0B2013BB9
:10E6A000D5E7D6D00A33D4F8DC0A07DA9B21F7F78E
:10E6B0003FFED4F86439C0B20A33C8E79D21F7F7AA
:10E6C00037FED4F86439C0B20133C0E72DE9F04712
:10E6D0000546C0B0F3F720FB05F58054F3F7BCFB0B
:10E6E000F3F71AFBF3F7DAFB05F5B757D4F8DC3A82
:10E6F0001C37D3F8D4133846F4F74BFC05F5C25653
:10E70000D4F8DC3A0C36D3F808143046F4F741FC60
:10E71000D4F8DC3A93F80C3405F5CB58002B08F10B
:10E7200008080CBF6FF07F414FF47F41404607F06F
:10E73000F9FDD4F8DC3A93F80D3405F5D159002BE6
:10E740000CBF6FF07F414FF47F41484607F0EAFD70
:10E750002B79002B00F0B5802846FFF755FFD4F841
:10E76000DC3A93F87023511E012901D9042A55D1AE
:10E7700093F8E333002B4CD06B79002B55D1E9682B
:10E78000002959D1D4F8A826D4F8AC369B1A3422E3
:10E7900002FB03538021D3F8243E7B4A684616F0DF
:10E7A00059FFD4F8DC0A05F10C026946F8F748FB7A
:10E7B000C0B2A8BBD4F87436D5F81090D4F8AC66C3
:10E7C00003EBD37305F55D675B10B9F1000F64D1FE
:10E7D000B3426BDCDFF8C881D8F81820D8F80C30C9
:10E7E0009A4263D0802249460DEB020017F001F8EF
:10E7F000802142460DEB010010F054FD38BB4FF470
:10E800008073AB806149384603F0DAFA604A01232D
:10E8100032E0FCF737F88368032BADD000232B716F
:10E820004FF0000040B0BDE8F087D4F8DC3A93F830
:10E830007033012BF4D1F1E7D4F8DC0AF7F754FD7B
:10E8400000289FD054289DD05528E7D1E8E720A87C
:10E850008DF8FF90F1F7CEFC522819D94FF4807350
:10E86000AB80D8F80C10404610F07BFB4949384685
:10E8700003F0A6FA484A01234849D4F8B806FBF742
:10E880005FFED4F8B80642F21071FBF75BFFC7E7F2
:10E8900020A9384603F094FAC2E7D4F8A816721AF1
:10E8A000934203DC0131384603F0C2FA711C38464A
:10E8B00003F0B3FBD4F8AC36B342B1D101236B7192
:10E8C000AEE7D4F8DC3A93F87033022B03D1284634
:10E8D000FFF79AFEA4E7D4F8AC36D4F8BC061BB90F
:10E8E000D4F8B036002B4BDC07F0B4FD94F80C37AD
:10E8F0006BB14FF0000A0421384684F80CA74FF49E
:10E900008002F4F739FB51463846F4F7ABFC94F833
:10E910005C3863B100270421304684F85C784FF4FA
:10E920008002F4F729FB39463046F4F79BFC404659
:10E9300007F090FD484607F08DFDD4F8C00607F0BB
:10E940006EFDF3F7E9F9064600F66C3006F005F8BF
:10E9500006F6A83007F063FDD4F8E03A002B3FF448
:10E960005FAF2A69002A3FF45BAFD4F8AC1605F517
:10E970005D60194403F051FB0023C4F8E03A4FE70F
:10E9800007F04DFDB2E700BF718702082E93020821
:10E9900052930208A0920208C29202081E93020833
:10E9A000E0C8012038B50369044600F55D6543B150
:10E9B000284603F083F9206908B103F005FC002321
:10E9C00023610021284603F095FBF3F7A5F9BDE884
:10E9D0003840F3F7B9BA00002DE9F04F00F5805642
:10E9E0009BB0D6F8BC368B4204460D4659D103790C
:10E9F000002B54D1D6F8DC3A93F8E333002B49D0FE
:10EA0000D6F8DC3A93F87053012D48D1D6F8B036D9
:10EA1000002B44DD04F5B7584FF0000908F11C083D
:10EA200004F5C257C4F80C90A580FF22042140468B
:10EA30000C3786F80C5786F85C58F4F79DFAFF22DD
:10EA400004213846F4F798FA29464046F4F70AFCC0
:10EA500049463846F4F706FC04F5CB50083007F079
:10EA6000DEFC04F5D15007F0DAFCD6F8C00607F05A
:10EA7000F1FCF3F751F94FF0FF31044600F66C302A
:10EA800005F05BFF04F6A83007F0E4FC00201BB0A3
:10EA9000BDE8F08FFBF7F6FE8368032BB0D00920AA
:10EAA000F5E7D6F8C4368B4202D100230371F6E7AE
:10EAB000D6F8C006884211D004F5B7531C3304F5CC
:10EAC000C250AB4200F10C0040F0C7800021F4F7C7
:10EAD000C9FB01212846F4F7C5FBD7E703685B6C47
:10EAE000984780460028E7D0F2F731FD0546F2F757
:10EAF0002EFD854204D1002105F1280007F073F8AE
:10EB000004F55D690021484603F0F4FA5E4810F010
:10EB10000FFA2046FFF746FF12F014FF5B495C48EE
:10EB200000220FF0C5FE80B300273B4604F114021B
:10EB300000211F2B40F28C80F2F709FD0546F2F709
:10EB400006FD854204D1002105F1280007F013F8E5
:10EB5000484603F0B3F8D6F8BC0603681B6998472B
:10EB6000D6F8C00603681B699847D6F8C406036840
:10EB700004F6B4341B69984739462046FBF71EFC5F
:10EB800064212046FBF768FC80E742490DA810F09D
:10EB9000F8FA07460028C7D10DF1080A51460DA81A
:10EBA00010F050FB0546A0BB9DF81E308BB30DF155
:10EBB0001D0313F8012F82B30135152DF9D103235D
:10EBC000ED1A05F1170BD34465BB9DF81030DB0639
:10EBD000E4D4002DE2D03C21029B0193794301F261
:10EBE0003C450DF11E03214400932544D1F83824FF
:10EBF000294BD1F834142846013705F068FB202F43
:10EC0000CCD1264BD4F87C2BD4F8781B284605F0C1
:10EC10005EFB0DA810F0FEFA87E7032D34BF00233A
:10EC20000323CDE71BF8013D2E2B0DD19BF80200ED
:10EC300016F042FC632807D19BF8010016F03CFC5B
:10EC4000672803D06E2801D0013DBDE74546BCE7EB
:10EC500003EB4310013311546BE7A84202D10021AA
:10EC6000184634E704F5CB5308339D4205D1A02163
:10EC7000D6F8DC0AF7F75CFB08E704F5D154A542A7
:10EC80007FF404AFA121F3E7E0C8012048CD0120C3
:10EC900010CB0120E7830208498302085883020849
:10ECA00030B50D4689B00446FFF77CFE286868B988
:10ECB00001A812F0BFFD0298202838BF202020387C
:10ECC000286018B920610021296008E0094903F093
:10ECD00079FA014620610028F5D00023037004F57D
:10ECE0005D6003F007FAF3F717F8F3F72DF92069E1
:10ECF00009B030BDE42B03082DE9F0470C46E8B01D
:10ED00000546002800F0158100F6B430FBF725FB1E
:10ED100003AB14220021184616F06BFD3C2204FBC5
:10ED200002510346D1F83424511E133211F8014F19
:10ED300000F8014B0CB19142F8D10021D9740DF1CA
:10ED40001F0212F80109202802D89A425170F8D106
:10ED5000DFF8E8910122194648460FF0E5FD05F578
:10ED600080570446002840F0E080D9F80C300DF1BF
:10ED7000040A0133514628460193FFF791FF2E699B
:10ED80000DF1A008002E43D0DDF804A0C8F8004023
:10ED900043465246314648460FF0D4FE2A69D8F819
:10EDA0000030D45405F55D6428B9D8F800300AF174
:10EDB000FF3A9A4524D02846FFF7F4FD5E492046E5
:10EDC00003F098F95D4810F0B3F8642105F55D6033
:10EDD00003F0C0F8D7F8BC0603686621DB689847E3
:10EDE000D7F8C00603686621DB689847D7F8C406E1
:10EDF00003686621DB689847002068B0BDE8F087AB
:10EE00002969204603F076F90028DBD14C49D6E782
:10EE10004C4A4D49D7F8B8060123FBF791FBD7F8C8
:10EE2000B806012442F210710473FBF78BFCD7F88B
:10EE3000D80A00F5C15004300DF1080A06F011FEA1
:10EE4000322006F053FECAF8006053464FF4807239
:10EE5000414648460FF076FE10B9DAF800300BB99B
:10EE6000002411E0424612F8011B0A2905D10134A1
:10EE7000002601308342F6D1E7E70D29F9D00136AB
:10EE8000502EF6D9002CE0D0D7F8B806FBF798FC46
:10EE900005F55D66B4B1294810F04AF80021304606
:10EEA00003F028F92021294A23460DEB010016F032
:10EEB000D1FB08A9304602F083FF2549304602F015
:10EEC0007FFF82E721461D4810F04BF8214630466F
:10EED00003F010F98022214608A816F08AFCA0460B
:10EEE000D7F874369C42BFF670AF144A802108A848
:10EEF00010F0D8F938B9114810F01AF81549304611
:10EF000003F0F8F861E708A88DF89F80F1F772F92F
:10EF1000522804D9094810F00BF80949EFE708A96D
:10EF2000304602F04DFF0134DAE70B4905F55D602C
:10EF3000E6E7022061E700BF9F930208E0C80120D6
:10EF400066920208B2930208F99302080A94020832
:10EF50001F9402083594020847940208F8B500256A
:10EF60006B4B03600446C0E90255858005614FF490
:10EF700084622946143016F03CFC04F23C4604F648
:10EF8000BC3746E9025530463C36F2F7F7FABE4246
:10EF9000F7D1C4F8B45BC4F8B85BC4F8BC5BC4F880
:10EFA000C05B04F6C43005F0A9FBC4F8F05BC4F8FC
:10EFB000F45B04F6F830F2F7D1FAC4F8285C04F6F2
:10EFC0002C40F2F707FB04F6E440F2F703FB03F0F2
:10EFD00039F904F55D67C4F89C0DC4F8A05DC4F868
:10EFE000A45DC4F8A85D84F8AC5DC4F8B05DC4F855
:10EFF000B45DC4F8B85DC4F8BC5DC4F8C05D84F805
:10F00000C45DC4F8C85DC4F8CC5D384605F076FB35
:10F0100004F58A563F4BC4F8FC5DC4F8005EC4F8A2
:10F02000D03D04F60465043628463435F2F7A6FAD6
:10F03000B542F9D104F580554FF4A66200210026AF
:10F0400005F5A27016F0D5FBC5F8746607F6A800A2
:10F05000F2F784FAC5F8A866C5F8AC66C5F8B066DC
:10F0600003F0F0F8C5F8B406F2F756FE00F5BB5011
:10F070001030C5F8B806F2F74FFE00F5AA50083078
:10F08000C5F8BC06F2F748FE00F5B050C5F8C0065A
:10F09000F2F742FE00F5B5501830C5F8C40604F585
:10F0A000B6500830F2F76AFA04F5B7501C30F2F7A0
:10F0B000D5FA04F5C050C5F814681830F2F75EFAB6
:10F0C00004F5C2500C30F2F7C9FA04F5CB50C5F87C
:10F0D00064690830F2F77EFA04F5D150F2F77AFA53
:10F0E00003F0B0F8C5F8D80AF6F728FF85F8F06AFB
:10F0F000C5F8DC0AC5F8E06AC5F8E46AC5F8E86A4C
:10F10000C5F8EC6AC5F8F46AC5F8F86A2046F8BD97
:10F110006CAE02085CB5020810B50A4C2368BFF358
:10F120005B8FDB070CD4204613F001FD40B106488D
:10F13000FFF714FF054815F0AFFA204613F003FD62
:10F14000014810BD5497002058970020CDE50008D5
:10F1500048B309B90020704790F83830042BF9D82B
:10F16000DFE803F003090F151B00036AC26B01FB04
:10F1700002330362EEE7436AC26B01FB0233436270
:10F18000E8E7C36AC26B01FB0233C362E2E7436B89
:10F19000C26B01FB02334363DCE7036BC26B01FB11
:10F1A00002330363D6E702207047F8B50446F8F748
:10F1B000A5FE04F67C11F8F78DFFF8F79FFE04F624
:10F1C0009411F8F740FF04F1440005F0C6FBD4F8B1
:10F1D000E03004F1E0001B699847A36F04F1780068
:10F1E0001B699847D4F8F83104F5FC701B699847FF
:10F1F000D4F8AC3004F1AC001B69984740F2F465D8
:10F2000040F61C16635960191B69B8359847B5421A
:10F21000F8D104F5517005F0A0FB04F5447005F039
:10F220009CFB04F5926005F098FB04F25C4005F04D
:10F2300094FB04F2DC5005F090FB04F5B56005F09A
:10F240008CFB00244FF48C77342641F2BC35F2F766
:10F2500063FD07FB04F303F62C5203441044D3F878
:10F260002C3D1B699847F2F757FD06FB04F35A192A
:10F27000034401345B5910441B699847062CE6D1BE
:10F280004FF00000F8BD00002DE9F04F8BB00446B0
:10F2900000F144060F4605F041FC6FF07F430093F8
:10F2A00000231A4657490190304604F04EFF30467D
:10F2B000022104F0AFFFD4F87439DFF85091D3F88D
:10F2C0008850B4F9503003EBD37305EBD575591062
:10F2D000C1EB65013A1D0023304605F077FB05F0D0
:10F2E00093FC0368DB689847274600EB800604F12F
:10F2F000780804F1E0054FF0000A0421D4F87809F9
:10F30000D4F8743990F81C04D3F88830B4F94E203E
:10F3100019F8000002900C3B07205B08CDE9006063
:10F3200004322846F3F766FDFF2204212846F3F74E
:10F3300023FE05F069FC5FFA8AFB0222014628469B
:10F34000F3F760FF5946D4F87809F6F717FF01463E
:10F350002846F3F71EFED4F878392B4A93F81C346C
:10F3600052F82310059105F04FFC0599034605223C
:10F370002846F3F75DFFF2F7EAF800231A46014644
:10F380002846F3F788FFD7F8E03028469B6C012128
:10F3900098475946D4F87809F6F77FFE834605F07A
:10F3A000BDFB6FF07F43009300231A46594601903E
:10F3B000404604F0CAFED8F80030DB690593D7F860
:10F3C000E0302846DB6A9847D7F8E03083461B6B6D
:10F3D00028469847059D00F1080200230BF108011B
:10F3E0004046A847BAF1000F12D1B4F9E81007F56A
:10F3F000FC7508F13408053107F58C774FF0010AE8
:10F400007CE700BF8391020828A002080CA0020834
:10F4100004F5FC73CDE9063A04F61C1804F6371B14
:10F4200004F2F4650027D4F87839069893F81C3470
:10F43000002B14BF59464146D4F874390991D3F8CA
:10F4400088304FF0030A93FBFAF37B4304330593B0
:10F45000D4F8F8319B6B9847D4F874290890D2F807
:10F46000882092FBFAFA05F0CFFB0268D268904739
:10F47000079B0293089B059A099900EB8000AAF16B
:10F48000080A0833CDE900A0284606F061FEF2F72D
:10F490005EF8002301461A46284607F002F80137B5
:10F4A0002846032106F086FF032F08F109080BF117
:10F4B0000C0B05F1B805B6D1D4F8783993F81C34A3
:10F4C000002B40F01581D4F86039E36304F2AC708E
:10F4D000012106F0DBFFD4F87819D4F8743991F8DB
:10F4E0001C14B4F9FE26D3F8883019F801100291E3
:10F4F00004F551754FF00F08083BCDE90068284628
:10F5000008320421F3F776FCFF2204212846F3F7A2
:10F5100033FD05F079FB022201462846F3F772FE1F
:10F520006FF0004228460121F3F774FD01212846BF
:10F53000F3F72FFDD4F878396F4A93F81C3452F85A
:10F54000237005F061FB3946034603222846F3F792
:10F550006FFEF1F7FCFF002301461A4601272846FB
:10F56000F3F799FE84F85473B4F948A3B4F94AB395
:10F5700005F0D4FA6FF07F450AF1080A0BF1080B89
:10F5800001905B46524604F544705C49009504F0D6
:10F59000DCFDD4F87819D4F8743991F81C14B4F956
:10F5A0004E23D3F8883019F80110009604F5926ABA
:10F5B000083BCDE90181504608320421F3F71AFCDB
:10F5C000FF2204215046F3F7D7FC05F01DFB022271
:10F5D00001465046F3F716FE00215046F3F7D9FCDA
:10F5E000D4F87839444A93F81C3452F823B005F023
:10F5F0000BFB5946034603225046F3F719FEF1F779
:10F60000A6FF00231A4601465046F3F744FE84F84D
:10F61000A0740221D4F87809F6F73FFDB4F99634C6
:10F62000B4F994B408338246059305F077FA0BF1E8
:10F63000080BCDE90050059B5A46514604F25C4048
:10F6400004F083FDD4F87819D4F8743991F81C14B7
:10F65000B4F99A24D3F8883019F80110009604F20E
:10F66000DC5A083BCDE90181504608320421F3F70A
:10F67000C1FBFF2204215046F3F77EFC05F0C4FADB
:10F68000022201465046F3F7BDFD00215046F3F734
:10F6900080FCD4F87839184A93F81C3452F8236067
:10F6A00005F0B2FA3146034603225046F3F7C0FD97
:10F6B000F1F74DFF002301461A465046F3F7EBFDE4
:10F6C00084F8EC75B4F9E065B4F9E27505F026FA52
:10F6D00008360837CDE90050094904F5B5603B46C6
:10F6E000324604F032FD4FF000000BB0BDE8F08F61
:10F6F000D4F86C39E9E600BF28A002085A94020841
:10F70000619402082DE9F04F0021044689B0D0F839
:10F710007809F6F733FD0121A061D4F87809F6F7EE
:10F720002DFDA669E06105463046F0F713FFC4E9F8
:10F7300002012846F0F70EFFC4E90401206A301ADE
:10F74000F0F708FF0646606A281A0F46F0F702FF36
:10F7500002460B46F0F768FF324680463B46894634
:10F7600030463946F0F760FF02460B4640464946B0
:10F77000F0F7A4FD41EC100B13F0EAF951EC100B7B
:10F78000F1F72AFA04F551770146A0623846F3F7FB
:10F7900000FC04F2DC56002121633046F3F7F9FB4C
:10F7A000642104F1440005F0C8F8D4F8E030642185
:10F7B000DB6804F1E0009847A36F6521DB6804F182
:10F7C00078009847D4F8F8316421DB6804F5FC70C0
:10F7D0009847D4F8AC306521DB6804F1AC00984759
:10F7E00040F2F46540F61C1863596019DB68652126
:10F7F000B83598474545F7D16421384605F09DF85E
:10F80000642104F5447005F098F8642104F59260D1
:10F8100005F093F8642104F25C4005F08EF8642151
:10F82000304605F08AF8642104F5B56005F085F8E6
:10F830004FF00008F2F770FAC8F1000606F48C7574
:10F8400005F62C5505448246F2F766FAD4F8742979
:10F85000D2F88830D2F88C10079103EBD3735B1089
:10F8600041F2BC3908FB03F306F0340602334E4480
:10F8700006448346059305F0C7F90368DB6898479B
:10F88000D4F874290690D2F8887005F0BDF90268A2
:10F89000D2689047069B574A079903EB430CD4F86C
:10F8A000783993F81C34083FD35C029307EBD77781
:10F8B00000EB40007F1002310E230438A1EB0C0254
:10F8C0000193059900903B462846F3F793FA4A4A7C
:10F8D00002212846F3F750FB05F096F90122014674
:10F8E0002846F3F78FFCD4F8783993F81C24434B5F
:10F8F00053F8227005F04CF9032203463946284696
:10F90000F3F796FC4146D4F87809F6F7C6FB0746AC
:10F9100005F0CAF86FF07F43009300231A4639467A
:10F920000190304604F011FC342303FB08BB284649
:10F930005BF80930DB6905934FF48C7303FB08AA6D
:10F94000DAF82C3DDB6A9847DAF82C3D07901B6B00
:10F9500028469847DAF82C3D06901B6C28469847B5
:10F960005BF8093007461B6C30469847069A0799A2
:10F970003F1A07EBD77702EB67020023059F04319C
:10F980003046B847DAF82C3D6421DB6828469847B2
:10F990005BF8093008F10107DB68642130469847BD
:10F9A000022F4FF001087FF445AF00256563E56243
:10F9B000F8F7A4FA0646F1F7CAFD04F67C130146EF
:10F9C0000F4A009330462346F8F763FBF8F796FAA0
:10F9D0000646F1F7BCFD04F69413CDE90073014629
:10F9E000084A30462346F8F70AFB284609B0BDE826
:10F9F000F08F00BF0CA002088080800028A00208C1
:10FA000051F10008C7FD00081E4B10B50446036005
:10FA100000F66400F1F762FE04F2AC70F1F75EFEEE
:10FA200004F2F460F1F75AFE04F2DC50F1F7E6FE5E
:10FA300004F5B560F1F7FEFD04F59260F1F7DEFE26
:10FA400004F25C40F1F7F6FD04F55170F1F7D6FED3
:10FA500004F54470F1F7EEFD04F5FC70F1F7CEFE0D
:10FA600004F1E000F1F7CAFE04F1AC00F1F7E2FDA9
:10FA700004F17800F1F7DEFD04F14400F1F7DAFD5E
:10FA8000204610BD90AE020808B50248FFF7BCFF43
:10FA900008BD00BF58B2002010B50446FFF7B4FF00
:10FAA00020464FF41B6102F091FB204610BD000080
:10FAB0002DE9F84F6D4B036000220023C0E90223BB
:10FAC000C0E9042300260A230446C363C0E906668E
:10FAD000C0E90866C0E90A66C0E90C6680F83860CB
:10FAE00080F840604430F1F749FD04F17800F1F707
:10FAF00045FD04F1AC00F1F741FD04F1E000F1F740
:10FB0000ADFD04F5FC70F1F7A9FD04F54470F1F7C3
:10FB100035FD04F55170F1F7A1FD04F25C40F1F7F9
:10FB20002DFD04F59260F1F799FD04F5B560F1F74C
:10FB300025FD04F2DC50F1F791FDDFF840B1DFF86C
:10FB4000409104F2F46504F61C1A284604F012FFF2
:10FB50006FF07F432B630127C5F800B085F8346050
:10FB600085F83560C5E90866C5E90A6605F138001B
:10FB70004FF0FF3804F0FEFEC5F83890EE66A5F8A9
:10FB8000706085F8727085F8736085F8747085F818
:10FB9000756085F87660C5E91666C5E9198605F1D0
:10FBA000780004F0E7FEC5F87890C5F8AC60A5F8D9
:10FBB000B06085F8B27085F8B36085F8B47085F8E8
:10FBC000B56085F8B660C5E92666C5E92986B83509
:10FBD0005545BAD1264B03F11806186859682A46CC
:10FBE00003C20833B3421546F7D11A889B78AB702D
:10FBF000204B2A8003F1240104F6371253F8040B3A
:10FC000042F8040B8B42F9D11B4B93E8070004F632
:10FC10005C150C3385E8070093E8070004F66815C7
:10FC200085E8070002F00EFBC4F87409F6F786F9C0
:10FC3000002384F8883984F8A039C4F87809C4F816
:10FC40007C39C4F88039C4F88439C4F88C39C4F8D4
:10FC50009039C4F89439C4F89839C4F89C39C4F878
:10FC6000A439C4F8A8392046BDE8F88F90AE020840
:10FC7000408002085B800208808002082427030875
:10FC8000BCBE020810B50A4C2368BFF35B8FDB07CC
:10FC90000CD4204612F04BFF40B10648FFF708FF96
:10FCA000054814F0F9FC204612F04DFF014810BD44
:10FCB00054B2002058B2002089FA000890F8381099
:10FCC0008A1EF8B551420446514100F55170F3F7D0
:10FCD000C9FA94F83810C81E4142414104F59260B7
:10FCE000F3F7C0FA94F838100D1F6942694104F225
:10FCF000DC50F3F7B7FA94F83810B1FA81F14909FA
:10FD000004F1E000F3F7AEFA94F838104E1E714299
:10FD1000714104F5FC70F3F7A5FA04F2F46604F6F9
:10FD20005C1504F66817D4F87839E16B93F81C3445
:10FD300063B92B68CB1A594259413046043506F055
:10FD4000A5FBBD4206F1B806EDD1F8BDEB68F1E7C1
:10FD500038B500F55173994207D1022380F8383045
:10FD6000FFF7ACFF4FF0000038BD00F592639942F9
:10FD700001D10323F2E700F2DC53994201D10423BD
:10FD8000ECE700F2F46200F65C1300F668159142AD
:10FD900006D1D0F8784994F81C4484B91C68C4632F
:10FDA0000433AB4202F1B802F1D100F1E003994211
:10FDB00007D000F5FC739942D2D10123CEE7DC686D
:10FDC000EDE70023CAE738B5044660B30B78012B92
:10FDD00005D009252046FFF771FF284638BD4D782C
:10FDE000F6F7ACF890F87033012B02D175B9002505
:10FDF000F0E7F6F7A3F890F870330A2BF6D0F6F791
:10FE00009DF890F87033002BF0D0E2E70021D4F891
:10FE10007809F6F7B3F901212062D4F87809F6F7EA
:10FE2000ADF96062E3E70925D7E72DE9F0472DED4D
:10FE3000028B0E4688B007469246D0E9000153EC8B
:10FE4000102B8DED062B8DED041B8DED020BF0F7C5
:10FE500033FADDE90423CDE90001D6E90001F0F72A
:10FE60002BFADDE900238046894610461946F0F753
:10FE7000DBFB424604460D464B4640464946F0F7FA
:10FE8000D3FB02460B4620462946F0F717FA41EC11
:10FE9000100B12F05DFE9DED001B55EC104B49EC74
:10FEA000108B12F053FE22462B46DDE9060159EC79
:10FEB000108BF0F7E3FC02460B4640464946BAF188
:10FEC000000F2CD0F0F7F8F941EC180BB0EE480A0F
:10FED000F0EE680A12F070FE224651EC100B2B4631
:10FEE000F0F7A2FBDDE90223F0F7E8F9B0EE480AEB
:10FEF000F0EE680AC7E9000112F0A2FE224651ECBA
:10FF0000100B2B46F0F790FBDDE90423F0F7D6F950
:10FF1000C6E9000108B0BDEC028BBDE8F087F0F740
:10FF2000CDF9D1E72DE9F04F2DED028B59EC108B77
:10FF300087B00C46054642464B46D0E900018DEDA0
:10FF4000042B5BEC11ABF0F7B7F95246CDE9000199
:10FF50005B46D4E90001F0F7AFF9DDE90023CDE914
:10FF6000020110461946F0F75FFBDDE90223064661
:10FF70000F4610461946F0F757FB02460B4630462F
:10FF80003946F0F79BF941EC100B12F0E1FD9DEDC5
:10FF9000001B57EC106B9DED020B12F0D7FDDDE955
:10FFA0000423B0EE408AF0EE608A30463946F0F71E
:10FFB00085F9B0EE480AF0EE680A06460F4612F0E0
:10FFC000FBFD304653EC102B3946F0F72DFB424633
:10FFD0004B46F0F773F9F0F7D7FDF0F7BBFAB0EE48
:10FFE000480AF0EE680AC5E9000112F029FE304621
:10FFF00053EC102B3946F0F717FB52465B46F0F7EF
:020000040801F1
:100000005DF9F0F7C1FDF0F7A5FAC4E9000107B00A
:10001000BDEC028BBDE8F08F2DE9F04F2DED048B88
:100020008DB00446F7F76AFF436FE26BD4F87809A6
:10003000142B38BF1423534302213C2253430A227A
:10004000B3FBF2FAF6F79AF8014604F59260F2F77C
:10005000A0FF216AD4F82C31994204D1626AD4F805
:1000600044329A423ED004F1E000F2F792FF616A16
:1000700004F5FC70F2F78DFF236AA069C01AF0F74F
:1000800069FA636A0646E069C01A0F46F0F762FA39
:100090003246804689463B4630463946F0F7C4FA38
:1000A000424606460F464B4640464946F0F7BCFAE4
:1000B00002460B4630463946F0F700F941EC100B8A
:1000C00012F046FD51EC100BF0F786FD0146A062E0
:1000D00004F55170F2F75DFF0021216304F2DC505A
:1000E000F2F757FF626B0026002A00F0AE80009600
:1000F000D4F8780953460221F6F768FF6663C5B263
:10010000E06A002800F09080D4E90223CDE90823BA
:10011000D4E90423CDE90A23F0F71CFA41EC190BCA
:10012000606AF0F717FA41EC180B206AF0F712FA40
:10013000B0EE492AF0EE692AB0EE481AF0EE681ADD
:1001400041EC100B0AA908A8FFF7ECFED4F878B927
:100150000023E36202215846DDE90867DDE90A89E8
:10016000F6F70CF8494604904046F0F70DFD394685
:1001700005463046F0F708FD0122CDE900A2014610
:100180002A46049B5846F6F7E5FFC5B2002D4BD131
:10019000C4E90267C4E90489206AF0F7DBF9024682
:1001A0000B4630463946F0F787F80646606A0F4638
:1001B000F0F7D0F902460B4640464946F0F77CF886
:1001C0003246804689463B4630463946F0F72CFA9F
:1001D000424606460F464B4640464946F0F724FA4B
:1001E00002460B4630463946F0F768F841EC100BF2
:1001F00012F0AEFC51EC100BF0F7EEFC0146A062E1
:1002000004F55170F2F7C5FED4E90201F0F7BCFC29
:10021000A061D4E90401F0F7B7FC2563E061294649
:1002200004F2DC50F2F7B5FE276BD4F82866B7422B
:1002300005D0D4F828B0BBF1000F08D126632846BA
:100240000DB0BDEC048BBDE8F08F154658E7A069F2
:10025000F0F780F9CDE90801E069F0F77BF9CDE925
:100260000A0187EAE770A0EBE770F0F773F941EC59
:10027000190B606AF0F76EF941EC180B206AF0F781
:1002800069F9B0EE492AF0EE692AB0EE481AF0EEAC
:10029000681A6FEA07084FEAD87841EC100B42461B
:1002A0000AA908A8FFF7C1FD9DED087B51EC170BCB
:1002B0008DED047BF0F768FC9DED0A7B804651ECE8
:1002C000170B8DED067BF0F75FFC8146D4E9020148
:1002D000F0F75AFC8045A6EB070605D1D4E90401E6
:1002E000F0F752FC48451FD0F60FCDE900A60123D8
:1002F0000293D4F878095B464A464146F6F7DCFF9C
:10030000C5B26DB99DED047B84ED027B9DED067B4E
:1003100084ED047B216B04F2DC50F2F73AFE8EE7A9
:10032000D4F8283623638AE73946F4E74FF0000013
:10033000704710B50446F7F7E1FD04F6FC11F7F736
:1003400082FED4F8EC09F2F739FC04F5FA60FAF70A
:1003500004F804F1580000F099FDD4F8F809FAF710
:10036000DFFA4FF0000010BDF8B5164B03600446ED
:1003700000F5FA6500F51060F1F7B0F904F64800F1
:10038000F1F7ACF9104BC4F8143804F6140004F07B
:1003900003FB0E4BC4F8E03704F5FC6004F0FCFAF4
:1003A0000B4E04F5A067BD4206D03C3D284640F800
:1003B000086F04F0F1FAF6E704F15800F4F756FE7E
:1003C0002046F8BDB4AE020814BF020874C002088B
:1003D0001CC0020808B50248FFF7C6FF08BD00BFF1
:1003E0000CBC002010B50446FFF7BEFF204640F6C7
:1003F000142101F0EBFE204610BD00002DE9F04F66
:10040000142204468BB000210DEB020015F0F1F927
:10041000D4F8903004F5FA65002B42D1D4F8F839BD
:10042000A268187A04F5A061002836D0012836D0D9
:10043000AD4BAE4E022808BF33462846F9F79CFE66
:10044000D4F8F839AA49DA68AA4BAB4E002A08BF9B
:100450000B462846E26804F23C51F9F78DFED4F8C9
:10046000F839A64A1B69002B18BF3246134604F51B
:10047000AF6122692846F9F77FFED4F8F8399F4A20
:100480005B69002B18BF32461346626904F2B4510F
:100490002846F9F771FE042120E1994BCDE7994BED
:1004A000CBE7012B40F03481DFF85C92DFF85CA2EF
:1004B000D9F80080D4F818B0D4F8F839DAF8007018
:1004C00000970026CDE9018614220DEB02019B69FD
:1004D000D4F8F409F6F734F85A46034604F5A06157
:1004E0002846F9F749FED4F81CB0D4F8F83900973B
:1004F000CDE9018614220DEB0201DB69D4F8F40981
:10050000F6F71EF85A46034604F23C512846F9F71E
:1005100033FED4F820B0D4F8F8390097CDE901863D
:1005200014220DEB02011B6AD4F8F409F6F708F85F
:100530005A46034604F5AF612846F9F71DFED4F884
:1005400024B0D4F8F8390097CDE9018614220DEBD8
:1005500002015B6AD4F8F409F5F7F2FF5A46034644
:1005600004F2B4512846F9F707FED9F80480D4F80C
:1005700028B0D4F8F839DAF804700097CDE901868C
:1005800014220DEB02019B6AD4F8F409F5F7D8FFA9
:100590005A46034604F5BE612846F9F7EDFDD4F846
:1005A0002CB0D4F8F8390097CDE9018614220DEB70
:1005B0000201DB6AD4F8F409F5F7C2FF5A46034694
:1005C00004F22C612846F9F7D7FDD4F830B0D4F8FE
:1005D000F8390097CDE9018614220DEB02011B6B5F
:1005E000D4F8F409F5F7ACFF5A46034604F5CD619B
:1005F0002846F9F7C1FDD4F834B0D4F8F83900979B
:10060000CDE9018614220DEB02015B6BD4F8F409ED
:10061000F5F796FF5A46034604F2A4612846F9F717
:10062000ABFDD9F80880D4F838B0D4F8F839DAF846
:1006300008700097CDE9018614220DEB02019B6B37
:10064000D4F8F409F5F77CFF5A46034604F5DC615B
:100650002846F9F791FDD4F83C90D4F8F839009782
:10066000CDE9018614220DEB0201DB6BD4F8F4090D
:10067000F5F766FF4A46034604F21C712846F9F76F
:100680007BFDD4F84090D4F8F8390097CDE9018685
:1006900014220DEB02011B6CD4F8F409F5F750FF9E
:1006A0004A46034604F5EB612846F9F765FDD4F8A0
:1006B0004490D4F8F8390097CDE9018614220DEB67
:1006C00002015B6CD4F8F409F5F73AFF04F2947177
:1006D00003464A462846F9F74FFD0C212846F9F70C
:1006E0006DFE0BB0BDE8F08F85940208929402086D
:1006F000A89402089F940208AF940208B7940208D5
:10070000779402086C94020828A0020810A002083E
:10071000022B40F09A80D4F8F409D4F8F83990F814
:100720001C24D4F848809B6C04F5A067002A7ED175
:1007300064214B43464E56F8222001920121142297
:100740004FF064090291CDF800900DEB0201F5F72E
:10075000F7FE4246034639462846F9F70DFDD4F820
:10076000F409D4F8F83990F81C24D4F84C80DB6CE8
:1007700004F23C57002A61D109FB03F356F822200A
:100780000192012114226426029100960DEB0201D0
:10079000F5F7D6FE4246034639462846F9F7ECFC03
:1007A000D4F8F409D4F8F83990F81C24D4F850900F
:1007B0001B6D04F5AF681AB17343FE2193FBF1F38F
:1007C000244F254E0021029157F8221056F822207E
:1007D0000092142201910DEB0201F5F7B1FE4A4699
:1007E000034641462846F9F7C7FCD4F8F409D4F883
:1007F000F83990F81C24D4F854905B6D04F2B45886
:1008000022B164214B43FE2193FBF1F300210291BD
:1008100057F8221056F822200092142201910DEB75
:100820000201F5F78DFE4A460346414630E64FF495
:100830007A714B43FE21B3FBF1F37BE74FF47A71FE
:100840004B43FE21B3FBF1F398E7002146E700BFDD
:100850001CA0020828A0020810A002082DE9F341FC
:1008600000F1580604460F46154601F0EBFC28231C
:100870000322CDE900320021D0F888303A463046D4
:1008800000F043FB04F010F900231946264A0090BB
:10089000304600F098FC04F007F9244A0090002349
:1008A0000121304600F08FFC04F0FEF8204A009051
:1008B00000230221304600F086FCF0F748FE0023BA
:1008C00001461A46304600F06EFD04F55D7223467F
:1008D00004F534712120C3F80025C3F804053C3326
:1008E0008B4202F12102F6D1F0F731FE002604F529
:1008F000FA680146224640460E4B0096F9F735FC51
:10090000B4F96620D4F8F039AD1A0095D3F88830E0
:100910003A4431464046F9F769FC2046FFF76EFD40
:10092000304602B0BDE8F081C09402085E81020842
:10093000A0810208450A010837B54FF4FA61044660
:10094000583000F094FAF1F7E7F900F5BC5003F0E5
:10095000AAFF20B9642104F5FA60F9F77DFD20466D
:10096000FFF74CFDF7F7CAFA0546F0F7F0FD04F67D
:10097000FC1301932823014600932846034A23468B
:10098000F7F73DFB4FF0000003B030BDD10B01087D
:1009900038B500F15803994204460D4607D1FFF7D8
:1009A0002DFD642104F5FA60F9F756FD16E0D0F844
:1009B000EC398B423ED11A7C82B1D0F89020012ACA
:1009C0000FD1D3F81C11DB68D0F8F8290533DBB25E
:1009D00002EB830251602046FFF710FD4FF000004C
:1009E00038BD022AF7D1D868D4F8F419D4F8F859E8
:1009F000D3F81C3191F81C14012800F111020FD812
:100A000039B1FE214B4303F5FA734FF47A71B3FB0E
:100A1000F1F3012B05EB8202B8BF01235360DAE743
:100A200021B1FE214B43642193FBF1F3D1B205EBDD
:100A30008102F3E7F1F770F900F5BB501030854201
:100A4000CCD1AEE7F0B50D4685B00446002800F0E5
:100A5000B680D0F89010002930D1032D0CD8DFE8F3
:100A600005F002111D25D0F8F82993680133DBB297
:100A7000042B28BF002393602046FFF7BFFC002013
:100A800005B0F0BDD0F8F839D0F8F009D968B1FA5E
:100A900081F14909D96001F082FCEDE7D0F8F8292D
:100AA0001369B3FA83F35B091361E5E7D0F8F8291A
:100AB0005369B3FA83F35B095361DDE701293DD143
:100AC000032D2AD83F4B1A683F4B1E78002AD3D0FB
:100AD000D4F8F8196B1D01EB830004EB83010123AB
:100AE000CDE9026342F21076CDE9003643684968E9
:100AF000D4F8EC09F1F7BAFED4F8EC79F0F727FD59
:100B0000002301461A463846F1F747FED4F8EC09AF
:100B10003146C560F1F76EFEAEE72B1F032B04D8FC
:100B2000284B5A68284B5E78D0E7A5F10803032BC1
:100B3000A2D8244B9A68244B9E78C7E702299BD100
:100B4000AB1E012B05F1110020D8D4F8F43993F82D
:100B50001C641C4B53F826201B4B995DD4F8F839C4
:100B600003EB80035B6826B164267343FE2693FB88
:100B7000F6F3002A80D0012742F21076CDE9021761
:100B8000CDE9007604EB80004168B1E7012D3FF626
:100B900073AFD4F8F43993F81C640C4B53F8262047
:100BA000D4F8F83903EB80035B6836B14FF47A76FA
:100BB0007343FE26B3FBF6F3DBE73146D9E70220A9
:100BC0005EE700BF28A002080CA002081CA00208D3
:100BD000F8B50446E8B100F1580500F554700E78F8
:100BE0004F7803F07CFE00B90FB10020F8BD032E52
:100BF00009D1D4F890100139284600F0B1FB204605
:100C0000FFF7FCFBF1E7052EF9D1D4F89010013184
:100C1000F2E70220EAE700007E4B7F492DE9F0472A
:100C20005422044640F8043B14F05DFF04F15800E0
:100C300003F0A0FE794BA365794BDFF8F0916FF0DC
:100C40007F42C4E92123774B0027C4E92337C4E955
:100C50001E77C4E92577C4F8807004F19C0003F086
:100C60004DFD04F1C800F0F779FC04F1F800F0F74D
:100C700075FC04F59470F0F771FC04F5AC7604F59E
:100C8000F4754FF0FF38304603F074FEC6F800905C
:100C9000C6F8288086F82C7086F82D70C6E908778B
:100CA0003036B542EFD1DFF8888104F54879002667
:100CB0002846012703F05EFEC5F800802E8685F8E1
:100CC000327085F83360C5E90866C5E90A6605F142
:100CD000340003F04FFEC5F83480A5F8646085F851
:100CE000667085F86760C5E91566C5E917666835F9
:100CF0004D45DDD12846F0F731FC04F5547003F082
:100D000039FE494BC4F8503301F09CFA4FF4C672D7
:100D1000C4F87003002104F55D7014F06AFD04F559
:100D2000A06904F5FA6A4E460025C6E9005506F1A9
:100D3000080003F01FFEC6F80880358786F83A7071
:100D400086F83B50C6E90A55C6E90C553C3656456F
:100D5000EBD1C4F8D057C4F8D457C4F8D857C4F866
:100D6000DC5704F5FC6003F0C9FCC4F80C58C4F867
:100D7000105804F61400F0F7F1FBC4F8445804F6D8
:100D80004800F0F727FC04F51060F0F723FC01F0B1
:100D900059FA0C23C4F81038C4F8B809C4F8BC597F
:100DA000C4F8C059C4F8C45984F8C859C4F8CC5917
:100DB000C4F8D059C4F8D459C4F8D859C4F8DC5987
:100DC00084F8E059C4F8E459C4F8E859C4F80C9818
:100DD000F0F7A2FF00F5D0501430C4F8EC0901F090
:100DE00031FAC4F8F009F5F7A9F8C4F8F409F9F7ED
:100DF00049FD84F8085AC4F8F809C4F8FC59C4F845
:100E0000005AC4F8045AC4F80C5AC4F8105A2046C0
:100E1000BDE8F087B4AE020898800208D8AE020898
:100E200080808000404040006CBF020864B6020829
:100E30001CC0020810B50A4C2368BFF35B8FDB07A8
:100E40000CD4204611F073FE40B10648FFF7E4FED3
:100E5000054813F021FC204611F075FE014810BD35
:100E600008BC00200CBC0020D5030108704738B531
:100E70000C460131054603F060FDC0B228B9214699
:100E800005F1440003F059FDC0B238BD10B5044669
:100E900003F063FDC0B220B904F1440003F05DFD2E
:100EA000C0B210BD01291FB504462CD1B0F9041001
:100EB000036C511AC26B91FBF3F19142816328BF1D
:100EC00002F1FF314FF0010228BF81630292406BB3
:100ED0000190B4F90E005943013811440090023BCF
:100EE00004F5327002F054FF23682046DB6C0021C9
:100EF0009847206A38B1D4E90912234604B0BDE806
:100F0000104004F010BB04B010BD2DE9F04F8DB0BF
:100F10000446443007901698009004F14400CDE94F
:100F20000812059303F025FC4FF0010384F85430B8
:100F3000236804F144019B682046984723680121F7
:100F40009B6C20469847059A0494013A2281169A90
:100F5000013A6281059AA281169AE281179A032AC0
:100F600028BF03220692E263DDE905210023B2FBDC
:100F7000F1F26360226425469A46049A049B02F5C6
:100F8000807905F5E2720A92069A524503F17008DB
:100F900005F5C8761B6F40F201819B6807994046B2
:100FA000984701230293E36A0193B4F90E3000934A
:100FB000236C00220AFB03F1404602F0E9FE012106
:100FC000404602F015FF216B404602F03FFF049BB4
:100FD0001B6F0021DB6840469847049BD3F8003123
:100FE00048469B699847B0B1049BB4F950B0D3F818
:100FF0000031DA69DB6B48461746E26BBBFBF2FB5C
:1010000098470AFB0BF8ABEB000100231A4608EBEC
:1010100051014846B847D5F8903130469B6998470A
:1010200060B3D5F8C43105F5E2709B6998470B9021
:1010300020BBD5F89031E16BDA69DB6BB4F90C8039
:10104000B8FBF1F8304617469847D5F890310A902A
:101050001B6CB4F90E90304698470A990B9AA9EB8D
:1010600000090AFB08FB09EBD979A8EB010113463B
:101070000BEB51014FEA69023046B847D5F8903181
:1010800030469B69984790B3D5F8C43105F5E270B6
:101090009B69984758B3D5F89031B4F90C90DA6948
:1010A000DB6B30461746E26BB9FBF2F99847D5F88F
:1010B00090310A901B6CB4F90E8030469847D5F8F1
:1010C000C431A8EB00081B6C05F5E27098470A993B
:1010D000A8EB00080AFB09FB08EBD878A9EB010193
:1010E00000234FEA68020BEB51013046B847D5F8B0
:1010F000C43105F5E2709B699847E8B1D5F8C43171
:10110000B4F90C80DA69DB6B05F5E2701746E26B27
:10111000B8FBF2F89847D5F8903183469B6B304680
:1011200098470AFB08F9A8EB0B01421C002309EBC6
:10113000510105F5E270B847049B0AF1010A30330A
:10114000BAF1030F049305F168057FF416AF04F5B7
:10115000327601250799304603F0B2FB236C0295E5
:10116000626B0192B4F90E20013A0092023B2A46CA
:101170002946304602F00CFE2946304603F0DDFBDE
:10118000169B0093DDE90812059B04F53E7002F002
:1011900071FE84F808530DB0BDE8F08F1B6940461E
:1011A0009847049BD3F8003148461B699847D5F807
:1011B000903130461B699847D5F8C43105F5E27087
:1011C0001B699847B8E72DE9F04F85B00229DDF893
:1011D00038B0064688469246994600F2BE80002AFC
:1011E00000F0BB8068254D43471905F5C874D7F852
:1011F000903104449B6800F14401B9F1000F37D1EC
:10120000204698476FF07F435146CDF804B00093D5
:101210004A464B46204602F098FFD7F89031B6F97F
:101220000CB0DA690292DB6BF26BBBFBF2FB20467F
:101230009847D7F89021B6F90E50126C8246204696
:1012400090472A1A08FB0BF802EBD272ABEB0A01AB
:101250004B4608EB5101029D52102046A847D7F893
:101260009031DB680321204605B0BDE8F04F1847F8
:10127000039105F5E27520469847AB190293D7F81C
:10128000C431DDE902019B6898476FF07F431D463A
:10129000009300231A465146CDF804B0204602F0D0
:1012A00054FF00231A4649460298CDF804B0009531
:1012B00002F04BFFD7F89031B6F90C10DA69DB6B0E
:1012C00015462046F26BB1FBF2F1039108FB01FBDE
:1012D0009847D7F89021B6F90E90126C82462046B6
:1012E0009047D7F8C421A9EB0009126C02989047E7
:1012F0000399A9EB0002A1EB0A0102EBD272521092
:1013000000230BEB51012046A847D7F8C4310298BF
:10131000D3F81C90DB6BB6F90C10F66BB1FBF6F64C
:101320009847D7F8903182469B6B2046984708FB38
:1013300006F8A6EB0A06421C002308EB56010298A9
:10134000C847D7F890310321DB6820469847D7F883
:10135000C4310298DB68032186E705B0BDE8F08F51
:101360001FB5836B8B4204461BD0C36B8B4218D9CD
:101370000122036C81630292406B0190B4F9520028
:10138000594301380090114404F53270023B02F0D9
:10139000FFFC2368DB6C0021204604B0BDE8104050
:1013A000184704B010BDC0E9081283627047704747
:1013B00070470000F0B590F93440059EB3EB041F70
:1013C00015464FEA041228DB02F140049C4224DD5A
:1013D0009C1A241100EB84044FF0000C1F34624669
:1013E0004FF0FF3714F8013F43B190F933306344B5
:1013F0001B017A1C08BF9F1B0F339A1B0CF1010CB9
:10140000BCF1040FEED1AA42A8BF2A46002A04DD8F
:10141000064C27EAE7739A4200DAF0BD90F93250A1
:1014200054F8255041F823500133F4E734B502084D
:1014300010B5034B03600446F0F738F8204610BDA2
:1014400030AF020808B50248FFF7F2FF08BD00BF41
:1014500024C6002010B50446FFF7EAFF20465C21B1
:1014600000F0B4FE204610BD10B504460321406DC7
:1014700001F0ADFA636D0020C3F8800010BD0000DC
:1014800010B5034B0360044603F086FA204610BDF6
:1014900058AF020810B50446FFF7F2FF2046382186
:1014A00000F094FE204610BD10B5034B03600446C7
:1014B00003F072FA204610BDB0AF020810B5044622
:1014C000FFF7F2FF20464FF4A27100F07FFE2046A6
:1014D00010BD90F93320110104321201028190F9FC
:1014E00034208180110104321201C1804281002127
:1014F00003F00CBAF7B5B3F5C07F089A25DA002BD4
:10150000B8BF0F331B110C2404FB0300124E6FF005
:101510000304534204FB02111F30C2F1C00210F851
:10152000015F01F140042DB9103393422146F6D1F9
:1015300003B0F0BD03F10F07002FF5DDA142F3D09A
:1015400056F8257041F8047BF8E71B110193019BC5
:10155000013B0193ECE700BF34B5020870B5254E9E
:101560003568BFF35B8F15F0010540D1304611F0AF
:10157000DEFA00283BD0204C204B2046102240F8B9
:10158000043B02212B4604F016F92A4629462B4635
:1015900004F1140004F00FF9194BE562C4E90D34AD
:1015A0004FF4C063A4F84430032384F84630154B4D
:1015B000A364154B23604FF48073A4F84C30C4E946
:1015C000095584F8305084F83C50256484F84E5016
:1015D000F6F794FC206500F035FE606504F010FC21
:1015E000A0650A4813F058F8304611F0ACFA0248EA
:1015F00070BD00BF20C6002024C60020B898020895
:10160000CF550108F995020830AF020845140108CA
:1016100090F83130194449B2002930B41CDB042958
:10162000A8BF00210D4A0E4B80F8311002EB0112C9
:1016300090F9301003EB0113002112F9014B13F85C
:10164000015B04440131102984F82050F5D103686E
:1016500030BCDB6C002118470321E3E700B002082F
:1016600040B002082DE9F0411F4603680E46DB6CCE
:1016700000210446154698478FB194F8333033441F
:1016800084F8333094F834302B445DB2236884F806
:1016900034502046DB6CBDE8F0410021184784F847
:1016A0003360F3E7F0B500F11F050024AC460023DA
:1016B0001CF8016F5EB190F9347090F933E0274463
:1016C000CE1802FB076690F8327006F80E700133F0
:1016D000042BEDD10134042C05F10405E6D1F0BD55
:1016E0002DE9F041034600F11F060025B64600240F
:1016F0001EF8010F50B193F934C093F93380AC4414
:101700000F1902FB0C7717F8087047B90134042C45
:10171000EED10135042D06F10406E7D10020BDE825
:10172000F0810000062380F83330002380F8343045
:1017300080F83130084B80F8322049B203EB0113B6
:1017400080F8301003F11002203053F8041B40F8E9
:10175000041B9342F9D1704740B0020810B504460B
:1017600003F008F92046074B40F8203B10220021E7
:1017700014F03FF8204601220021FFF7D3FF204656
:1017800010BD00BF58AF0208062380F83330002395
:1017900080F8343091F9303080F8303091F93130C0
:1017A00080F8313091F9323080F832301022203117
:1017B000203014F005B810B40446182308460C2253
:1017C00004F120015DF8044BFFF78ABF10B4044612
:1017D000182308460C2204F120015DF8044BFFF7A2
:1017E00061BF000010B54FF4907204460021203014
:1017F00013F0FFFF234604F58A71072283F82020A7
:1018000083F82B200C339942F8D14FF00733C4F8FA
:101810003431C4F83831C4F83C31024B0022C4E9F9
:10182000012310BDC000800110B5044603F0A2F8EA
:101830002046084B40F8203B4FF49072002113F0F3
:10184000D8FF00232046C4F84031FFF7CBFF2046E5
:1018500010BD00BFB0AF0208013A002A00DA70479D
:101860008B5C8354F8E72DE9F04100F12001044638
:101870004FF0FF36002500F121070123B8191A4661
:1018800010F801CF0132BCF1000F0CBF002303F0B0
:1018900001030B2AF4D12BB1324604F12C00FFF7DF
:1018A000DBFF01350C3640F213139E42E5D17DB1CA
:1018B000D4F84031013D6433C82202FB0533C4F83B
:1018C000403123682046DB6CBDE8F0410021184719
:1018D000BDE8F0812DE9F04FADF5277D55AF044609
:1018E0003846FFF7A1FF39A8FFF738FF47A8FFF7F1
:1018F00035FF636DD3F88820D3F88C30103B3C3A29
:1019000003EBD3735D10560803F008F96FF07F48BE
:101910002B46B9490190CDF800803246012512A826
:1019200002F03CFC0095782340F24222B349A06DBE
:1019300004F0F0FA04F0BFF812F0C0FE2946384671
:1019400002F0FBFF022139A802F0F7FF032147A8AC
:1019500002F0F3FF20231C2200210BA80A9313F0AE
:1019600048FF03F051F91023CDE90080D0220AA9E5
:101970001FA802F013FC03211FA802F0DEFF04F0F1
:101980009AF8002304900593984694F84C90B9F186
:10199000000F6CD14FF47A73D7F84051B5FBF3F5D3
:1019A000C5F10A05012D47A939A8B8BF0125FFF7E0
:1019B000EBFE12F0B1FE824612F0AEFE052690FB61
:1019C000F6F303EB8303C21A07219AFBF1F1C1EB93
:1019D000C1010132AAEB0101D2B2C9B247A8FFF797
:1019E000A1FE0E2147A84B463246FFF73BFE39A920
:1019F0003846FFF7E0FE002856D0814A656D5168F1
:101A000010681289CDF8229006AB03C306A81A808D
:101A1000ADF82690EEF7EEFBD5F888300C2202FBED
:101A200010335E08D5F88C30103B03EBD3735D1098
:101A300003F074F86FF07F4332460190009306A9DB
:101A40002B462CA802F0AAFB0A212CA802F075FF55
:101A5000606D00F5C150043004F003F840F6B83072
:101A600004F044F8674B2C932CA802F095FF654CCA
:101A70001F941FA802F090FF12A8129402F08CFF8E
:101A8000614C479447A802F087FF39A8399402F0C7
:101A900083FF5E4B3B60384602F07EFF4FF0000054
:101AA0000DF5277DBDE8F08F012384F84D306423C8
:101AB000029394F84DB0BBF1000F03D13846FFF705
:101AC000D2FE62E7606D00F5C3504FF0FF31143075
:101AD00003F06EFF206D0021F6F728FB064620B1CB
:101AE000206D0021F6F71CFB0646206D0121F6F75C
:101AF0001DFB18B1206D0121F6F712FB861B05A90D
:101B0000206DF6F722FB8146A0B9002E4DD1206D45
:101B10000321F6F70BFB00284FD1206D0521F6F7C6
:101B200005FB002855D0206D0521F6F7F9FA0028AD
:101B300049D14EE0B8F1000FE9D10028D4BF4FF0F1
:101B4000FF3A4FF0010A4FFA8AF30393039939A839
:101B500001230022FFF786FD39A93846FFF72BFE47
:101B6000F8B101230022CAF1000139A8FFF77AFD7C
:101B7000002ECCD0012E14BF4FF0FF3A4FF0010AD7
:101B80004FFA8AF9494639A8FFF742FD39A9384684
:101B9000FFF711FE68B1CAF1000139A8FFF738FD5F
:101BA000B5E7B9EB0A09D1D1E2E7B8F1000FAED140
:101BB000E0E7B6EB0A06E5D1A9E7206D0321F6F7C9
:101BC000AFFA0028A9D0B8F1000F02D10123454691
:101BD0000293206D0221F6F7A9FAC8B9206D0421FD
:101BE000F6F7A4FA20B1206D0421F6F799FAA8B906
:101BF000B8F1000F19D136E000960208B0B0020823
:101C0000EC8002081CC0020858AF0208B0AF0208FE
:101C1000206D0221F6F784FA0028DFD0B8F1000F1A
:101C20001ED10A2112A802F088FED7F84031009395
:101C30002022214B0AA91FA802F049FB606D00F584
:101C4000C350143003F0C5FE606D00F5C150043080
:101C500003F007FF029904A803F04AFFD84628E7DB
:101C600012A802F07AFE2DBB0123294639A81A4694
:101C7000FFF7F8FC39A93846FFF79DFD60B1012355
:101C80004FF0FF32294639A8FFF7ECFC39A9384656
:101C9000FFF79CFD84F84D50D7F840514FF47A730C
:101CA000B5FBF3F5C5F10A05012DB8BF01254FF0CD
:101CB000000BBAE7013DFAE70696020808B502F004
:101CC0004CFE4FF0000008BD2DE9F04F85B00446F2
:101CD0000E9D009502F04DFD02F0E6FE0368DB6804
:101CE0009847B5FBF0F5102D28BF1025C4F8A4586F
:101CF00004F55D7600254FF0340A6FF07F4BD4F881
:101D0000A438AB4205F101081CDC04F6A805214605
:101D1000284602F0D5FDB4F90C4002F0C5FE036878
:101D2000DB689847FF230122CDE9013200220090B1
:101D300023462846114602F02BF84FF0000005B06C
:101D4000BDE8F08F0AFB08F304EB0309E3582146D2
:101D50009B684846984702F0A7FE0368DB689847EF
:101D6000074602F0A1FE05FB07F3CDE900B03146BE
:101D70000022484602F0E9F953364546BFE7000025
:101D800070B50E4D0020013B83420AD800230B544E
:101D90000A49135C0D2B0ED841FA03F3DB070AD472
:101DA00070BD145C0D2C03D845FA04F6F607EDD58A
:101DB0000C540130E8E70130EBE700BFFEDBFFFF2A
:101DC000F8B5C56A04460A467DBBD0F8E018D0F8DD
:101DD000A438994212DA532303FB010101F55D7126
:101DE000FFF7CEFFD4F8E0380133C4F8E0382368B9
:101DF0002046DB6C002198470020F8BD416D064667
:101E0000013B2846834206F1340609DC342000FBFE
:101E100003430020A3F86400596520465323DFE7FD
:101E2000776D376201303586ECE70D20E5E700007D
:101E30002DE9F843D0F8A428D0F8E0389B1A99424D
:101E4000A8BF19460029044642DDD0F8D8288B1ACD
:101E50007AD0E06A002879D0002B226B3BDD3C4E23
:101E60001078A0B1013B10780D28154602F101024F
:101E7000F9D846FA00F0C007F5D428780A282A468F
:101E800005F10105F9D00D28F7D0002BE8D104F5B4
:101E90005D782263C4F8D818C14604250027D4F819
:101EA000A468BE424DDD13461A4613F8010B0A28FA
:101EB000FAD00D28F8D0002843D0494653232046B5
:101EC000FFF75EFF0137024409F153090025E6E7F9
:101ED00000231946BDE702D10246D8E7013A15783A
:101EE0000A2D18D00D2D16D09042F7D3904218BF6E
:101EF0000132CCE7013315780A2D01D00D2D01D127
:101F000090420BD115780A2D03D00D2D01D09042AF
:101F100006D3002BEAD09042ECD3E7E7013AEAE798
:101F2000013AEFE703FB07F1013708F80120BE4251
:101F3000F8DC23680021DB6C204698472846BDE882
:101F4000F88353230022F2E71D46F7E70546F5E73D
:101F5000FEDBFFFF2DE9F04F0F4685B0D0F8D81813
:101F60000446FFF765FF04F134050026D4F8A438D1
:101F7000B3424ADCD4F8D828D4F8DC3834259B1A8C
:101F800003FB055005FB034320445B6BDB6A98476A
:101F9000D4F8D828D4F8DC389B1A804603FB0550C7
:101FA00005FB034320445B6B1B6B9847D4F8D82890
:101FB000D4F8DC68B4F90CB0B61A814606FB0550BB
:101FC00005FB06462044736B1B6C9847E36A009040
:101FD000002B14BF4FF47F03FF2304F6A80A01224D
:101FE000CDE9013241465B464A46504601F0D0FEFB
:101FF0000021504602F0A1FC3946204602F09DFC2B
:102000004FF0000005B0BDE8F08F2B682846DB6874
:102010000121984701363435A8E72DE9FF47C36A07
:102020000446002B61D1D0F8A438002903F1FF3316
:102030005EDB8B425CDBD4F8D838C4F8DC188B420A
:1020400000DC11B92046FFF7F3FED4F8A438D4F829
:10205000D828D4F8DC181A448A4204DC013BC91A97
:102060002046FFF7E5FED4F8D828D4F8DC3834252C
:102070009B1A03FB055005FB034320445B6BDB6AA3
:102080009847D4F8D828D4F8DC389B1A804603FB4C
:10209000055005FB034320445B6B1B6B9847D4F84A
:1020A000D838D4F8DC68B4F90CA0F61A814606FBDF
:1020B000055005FB06462044736B1B6C9847E36A8A
:1020C0000090002B14BF4FF47F03FF23012204F67E
:1020D000A807CDE90132384653464A46414601F049
:1020E00057FE002004B0BDE8F087D0F8E0389CE748
:1020F0000320F7E700232DE9F04105460C46C0F820
:10210000E038C162C0F8D8380163002942D1FF210C
:1021100000F6A80001F083FE05F55D7605F13407B1
:10212000A046D5F8A438A34237DC2B680021DB6C2D
:1021300028469847012626E0D5F8E0380133C5F84F
:10214000E038224613780D2B114602F10102F9D82E
:1021500040FA03F3DB07F5D40B4611F8012B0A2AEA
:10216000FAD00D2AF8D01C1B522C8CBF002606F08A
:1021700001061C462378002BDED14FF47F0105F6C3
:10218000A80001F04CFE00212846FFF746FF30462C
:10219000BDE8F08106480126ECE786F8008031466C
:1021A0003846002202F051F8013453363437B8E78C
:1021B000FEDBFFFF08B50FF065FA00B900BE08BDF1
:1021C000FFF7F8BF0FF05EBA0FF0F6BA0FF0F4BAEF
:1021D000104B10B50446036000F5C65003F09AFAA0
:1021E00004F5C350143003F0DBFB04F5C150083094
:1021F00003F0D6FB04F5C150043003F005FC204683
:10220000054B40F8543F02F0C7FB2046EFF74EF96C
:10221000204610BDB8B5020874C0020808B50248CF
:10222000FFF7D6FF08BD00BF84C6002010B50446E6
:10223000FFF7CEFF204641F6C401FFF7C7FF204657
:1022400010BD00002DE9F041DFF80881D8F800400A
:10225000BFF35B8F14F001046AD1404610F067FCB5
:10226000002865D0344F354B3846102240F8043BE7
:102270000221234603F09FFA22462346214607F116
:10228000140003F098FA2E4BFC62C7E90D374FF4A7
:102290008063A7F84430012387F8463007F15406DD
:1022A000284BBB6407F58055274B3B6039463046C9
:1022B000C7E90944C7E9134487F8304087F83C4030
:1022C0003C6402F009FA4FF48072214605F21A705C
:1022D000C7E92244C7F88040A7F8844087F88640C1
:1022E00085F81047A5F81247C5F81447C5F81847F0
:1022F00013F07FFA05F6240085F81A48C5F81C4843
:10230000C5F8204803F074FB05F6280003F03DFBF8
:1023100005F6740003F039FB07F5C65003F0F0F939
:102320000A4B0B481E6012F0B7F9404610F00BFC48
:102330000148BDE8F08100BF84C60020B8980208BB
:10234000CF55010811960208B8B5020848DF0020F1
:102350001D22010880C6002038B504460846E16405
:102360000969C4F888104369C4F88C30036889B2DD
:102370005B6C15469847B0F5346F06DD00BE2565E9
:102380002046BDE8384003F047B8E06CB4F88C1044
:1023900003685B6C9847B0F5346FEFDCEFE770B51E
:1023A00000F5C355143504460E4628464FF0FF315C
:1023B00003F0FEFAE06C03685B6998470028F9D0E7
:1023C000E06C03683146DB6B984784F884602846EC
:1023D000BDE8704003F0FDBA30F8312000EBC103D6
:1023E00042B9988840B95A883AB9D888B0FA80F08A
:1023F000400970470020704710467047F8B5044602
:102400000025A0F1080729462046FFF7E5FF013522
:10241000B8B12E4600E00136202E12D031462046BB
:10242000FFF7DAFF0028F6D154F8362047F83520B8
:1024300004EBC60107EBC5034A685A6044F836004E
:102440004860202DDFD1F8BD2DE9F04F044600F59E
:10245000C1508DB03221043003F0DEFAC0B2002842
:102460003FD104F5C35314334FF0FF31184607939F
:1024700003F09EFAC0B2002833D104F5B8571A37DA
:1024800004F5C05A0AF11A0A3B4606901A882AB97E
:102490009A881AB95A880AB9DA8812B1069A0132AA
:1024A000069208335345F1D100230493049B069A06
:1024B000934213D03B461A88002A40F0E2809A8863
:1024C000002A40F0DE805A88002A40F0DA80DA885C
:1024D000002A40F0D68008335345ECD1079803F02A
:1024E00078FA206D002842D004F580550BAAD5F863
:1024F0001C380A93D5F820380B9303680AA95B6946
:10250000984795F81A380646002B00F01C810028E1
:1025100040F0FA8004F5C15708374FF0FF313846D4
:1025200003F046FAD5F820380193D5F81C3800930B
:1025300086F0010104F15400DDE90A23C9B201F07B
:10254000E1FE384603F045FA04F5C6540121204661
:1025500003F0E8F8C0B250B90A9BC5F81C380B9BD1
:1025600085F81A68C5F82038204603F000F94FF0C6
:1025700000000DB0BDE8F08F05F0010386F81037BC
:102580005B4203F434638C33D4F88020234400216D
:102590000131B1F5347F43F8042FF9D14FF0FF3109
:1025A000404603F005FA96F810174FF4346303FB26
:1025B000014194F88630012B029B009301F19001B8
:1025C00004F1540018D1059B039A5B1B02F061F8DB
:1025D000404603F0FEF9089B5BB1E06C96F81017DB
:1025E000039A4FF4346303FB014103689031DB68C5
:1025F00098474FF080590CE0039A2B4602F01AF8E6
:10260000E6E74FF0E023C3F8049DBFF34F8FBFF31D
:102610006F8FE06C03685B6998470028F1D0D4F8AD
:102620004C9096F810B7D9F800204FF43461136934
:102630000993526C01FB0B4B4846039990470BF1F1
:10264000900B0246099B5946484698470135059B21
:10265000AB4291DA4FF08055E06C03685B699847B4
:1026600030B1E06C03689B699847049B01331CE719
:102670004FF0E023C3F8045DBFF34F8FBFF36F8FBC
:10268000EAE704F5C15808F108084FF0FF31404669
:1026900003F08EF93A460023118800295BD1918816
:1026A000002958D15188002955D1D188002952D10B
:1026B0000133202B02F10802EED104F5805640468A
:1026C000B6F812370293B6F81837B6F81497B6F87A
:1026D0001657059303F07DF9E06C03681B6C98476F
:1026E0000890E06C059A03680092D3F81CB0029938
:1026F0004B462A46D847029B09F10109A9EB030979
:102700001FFA89F30393A2E704F5C15708374FF086
:10271000FF31384603F04CF9D5F81C280A99D5F852
:102720002038DDF82CC08A42CDE9002304F15400A2
:1027300001D163450DD00A466346022101F0E2FD56
:10274000384603F046F995F81A38B3423FF4FCAE28
:10275000E0E60321F2E704F5805202EBC3033846BA
:10276000D3F81A17C2F81217D3F81E17C2F81617A3
:102770000022C3F81A27C3F81E27FFF73FFE9CE785
:102780002DE9F04F85B00025064604460295AA467D
:1027900029463046FFF720FE0135002849D1A046E2
:1027A0002F46202F45D039463046FFF715FE00282A
:1027B00047D1B8F80A30B4F80290B4F800E0B8F89D
:1027C000080000939945494628BF19468645734637
:1027D00038BF0346994234D9B8F80E30B4F806B081
:1027E000B4F804C0B8F80C1001939B455A4628BFB2
:1027F0001A468C451346624638BF0A4603921A466B
:10280000039B9A421DD9009B864588BF20808C453A
:1028100088BFA180994538BF6380019B9B4538BF25
:10282000E38006EBC70346F837A0C3F804A00123F2
:102830000293202D04F10804AAD1029805B0BDE846
:10284000F08F013708F10808ABE72DE9F84300F5F0
:10285000C15605460836894630464FF0FF311F46BF
:10286000BDF92080144603F0A3F8D5F888309F42C4
:10287000A4BF03F1FF331FB2D5F88C309845A8BF31
:1028800003F1FF3329EAE971A8BF0FFA83F8B942CF
:1028900061DC24EAE47242455DDC95F88630012B68
:1028A00005D04346B8461F4613460A46194605F565
:1028B000805405F5B85592B289B21FFA88F8BFB2B4
:1028C0001A35A4F81227A4F81617A4F81487A4F848
:1028D000187728460023B0F800C0BCF1000F0ED1D5
:1028E000B0F804C0BCF1000F09D1B0F802C0BCF1CF
:1028F000000F04D1B0F806C0BCF1000F2DD0013399
:10290000202B00F10800E6D1B4F81A37934201D920
:10291000A4F81A27B4F81E378B42B4F81C3788BFC6
:10292000A4F81E174345B4F8203738BFA4F81C8715
:10293000BB4238BFA4F820772846FFF721FF0446A2
:102940000028F9D12846FFF759FD304603F041F839
:102950002046BDE8F8830324F7E704EBC303D4F86B
:102960001227C3F81A27D4F81627C3F81E27E3E75F
:1029700073B500F5C355143504460E4628464FF08E
:10298000FF3103F015F8E06C03685B699847002895
:10299000F9D0E06C94F885100368012E1B6A04D10D
:1029A0000139032994BFC9B20321984784F886608E
:1029B000284603F00EF8B4F98C3000930022B4F9E5
:1029C000883011462046FFF740FF02B070BD73B556
:1029D00000F5C356143604460D4630464FF0FF311D
:1029E00002F0E6FFE06C03685B6998470028F9D0C5
:1029F000E06C036829461B6A9847E26C1369C4F8C7
:102A000088305269C4F88C2084F8855000920022E6
:102A1000114604F1540001F0ACFE304602F0D9FF3B
:102A2000B4F98C30009300221146B4F98830204666
:102A3000FFF70BFF94F8861011B12046FFF798FFBF
:102A4000206D30B103689B69294602B0BDE8704033
:102A5000184702B070BD13B50446C06C28B30368B4
:102A60009B68984794F884102046FFF798FC94F8E8
:102A700086102046FFF77CFF94F885102046FFF76C
:102A8000A6FFD4F88C300093002204F15400D4F84F
:102A90008830114601F06DFE206D10B9002002B0A3
:102AA00010BD03689B689847F8E70220F7E74FF0EE
:102AB00005007047704710B520210446FFF786FBDC
:102AC000204610BD036870B51B6906460D461446C6
:102AD000984730B17379022B04D0032B0BD0012B14
:102AE00010D070BD2A68F3889B1A2B602268338946
:102AF0009B1A2360F5E7F388296822685B1A236034
:102B00002A60EEE7338921682A685B1A2B6022600D
:102B1000E7E72DE9F043036889B0DB6804460F4618
:102B2000164698470546002844D0E06810220368FE
:102B300001926A4400924FF00008D3F820908DF87B
:102B40000F8001230DF10F023821C847C0B2A8BB86
:102B50009DF812309DF814109DF81620032B28BF05
:102B6000434623749DF813301B0203F4706319432A
:102B70009DF81530618218021B0963839DF8193096
:102B800000F4706002431B029DF81A00E28203F415
:102B900070630343A3829DF81B309DF81C004FEA2D
:102BA000032C0CF4706C40EA0C001B092083A383F7
:102BB00039603260284609B0BDE8F083E0680368F8
:102BC0009B6998474546F5E713B5C0688DF8041032
:102BD00003688DF805205C6A01AA02233821A0470A
:102BE00002B010BD1FB5C0688DF80F100123016839
:102BF000CDE900230DF10F020C6A3821A04704B083
:102C000010BD37B50446C068036802219B6B984726
:102C1000E06803680221DB6B9847E06803681B6982
:102C20009847C2B2DAB9282280212046FFF7CCFFAC
:102C3000C2B2A2B986212046FFF7C6FFC2B205463E
:102C40006AB98DF807000DF10702A8212046FFF7A9
:102C5000C9FF9DF80730112BC2B203D004221046E1
:102C600003B030BD002AFAD10DF10702A32120469E
:102C70008DF80750FFF7B6FF9DF80730362BC2B22C
:102C8000EDD0642BEBD0062B18BF0422E7E737B555
:102C900000230DF10702022105468DF80730FFF7EA
:102CA000A1FFC4B21CB1E86803689B6998479DF80E
:102CB0000700022807D8002C18BF0020003818BFD2
:102CC000012003B030BD0020F8E713B50268019180
:102CD000B0F914100091946BB0F910300022114635
:102CE000A04702B010BD406848437047417903686F
:102CF000B1FA81F15B6949091847417903680039E4
:102D00005B6918BF012118470120704710B5920078
:102D100008460B461C1D5B1A9A4200F1030002D8BC
:102D20004FF0000010BD14F8043C00F8033C14F808
:102D3000033C00F8023C14F8023C00F8013C234636
:102D4000E8E792B202EB4200013AF0B580B213B26A
:102D50004E1C441EC51E1A04A4B2ADB202D54FF0DB
:102D60000000F0BD11F8137016F8132042EA072294
:102D7000D70002380F5580B2D408120A24F0030499
:102D800022F007020C54013B4A552846E1E730B5D2
:102D9000520800234D1C9A4202D14FF0000030BD72
:102DA00011F8134015F81300E40000F0070004F0D8
:102DB00038042043C8540133EDE7C06903689B6AB7
:102DC0001847F7B5002904461D4616DB03699942EA
:102DD00013DA002A11DB43699A420EDA92B2561CCA
:102DE000076889B2B6B24B1C00969BB2FE69B04729
:102DF000236829465B6A204698474FF0000003B0DD
:102E0000F0BD704710B52C210446FFF7DFF92046CE
:102E100010BD10B504460DF01FFF0228204603D157
:102E2000BDE8104002F062BEBDE8104003F0EEBB0A
:102E300010B50446C06903689B6A984718B9E069F1
:102E40000368DB6A9847206AFFF750FF4FF00000E5
:102E500010BD70B50446406A0D461646FFF746FFA2
:102E6000206AFFF74AFFE0690368324629461B6A79
:102E7000BDE8704018477FB505461C462B6999424E
:102E800010461FDA6B699A421CDA2044834292B2E0
:102E9000BCBF9B1A1CB2501EA6B210FA84F48BB2AF
:102EA000A4B229680094CC6928461946A047089B1B
:102EB000286A1B0A8DF80F30FFF71FFF36B9286A02
:102EC000FFF714FF4FF0000004B070BDE86903681D
:102ED00001225B690DF10F01013E9847B6B2EDE7A3
:102EE0007FB5044608462569A9421EDA61698A420F
:102EF0001BDA81B218448542BCBF6D1A2BB2481E42
:102F000092B29DB210FA83F320680092C6699BB218
:102F10002046B047089B206A1B0A8DF80F30FFF748
:102F2000ECFE35B9206AFFF7E1FE4FF0000004B077
:102F300070BDE069036801225B690DF10F01013D7D
:102F40009847ADB2EDE7F0B504461046226985B06A
:102F50009142BDF928500E461F4625DA6369984212
:102F600022DA3E44B24289B2BCBF521A17B282B2D0
:102F700028448342BCBF9B1A1DB2501E28442668B9
:102F80004B1E80B200903B449BB2F6692046B0478E
:102F90000B9B206A1B0A8DF80F30FFF7AEFE002D49
:102FA00014DC206AFFF7A2FE4FF0000005B0F0BD70
:102FB000E069036801225B690DF10F019847013E4A
:102FC00036B2002EF4DC013D2DB2E8E73E46F8E7CC
:102FD00013B50446006A8DF80710FFF78EFEE0690E
:102FE000036801225B690DF107019847206AFFF72A
:102FF0007DFE02B010BD38B504460D46406AFFF7AD
:1030000075FE29462046FFF7E3FF38BD38B5044674
:103010000D46406AFFF771FE29462046FFF7D8FFAC
:1030200038BD10B50446806A80B1FFF75FFE052009
:10303000FFF7EFFEA06AFFF760FE1420FFF7E9FE3E
:10304000A06AFFF753FE9620FFF7E3FE012120461A
:10305000FFF7DCFF6420FFF7DCFE2046C021FFF70E
:10306000D5FF20461721FFF7C6FF20461521FFF7A1
:10307000C2FF2046C121FFF7C9FF20464121FFF7CB
:10308000BAFF2046C521FFF7C1FF20460021FFF708
:10309000B2FF20461221FFF7AEFF20468021FFF746
:1030A000AAFF20463A21FFF7B1FF20466621FFF72D
:1030B000A2FF2046B121FFF7A9FF2046A021FFF77C
:1030C0009AFF2046F721FFF7A1FF2046A921FFF72D
:1030D00092FF20465121FFF78EFF20462C21FFF75B
:1030E0008AFF20468221FFF786FF20463621FFF720
:1030F0008DFF20462821FFF77EFF2046E021FFF7C5
:1031000085FF20460021FFF776FF20460321FFF7C9
:1031100072FF20460921FFF76EFF20460821FFF7C6
:103120006AFF20461621FFF766FF20460A21FFF7B7
:1031300062FF20463F21FFF75EFF20467821FFF720
:103140005AFF20464C21FFF756FF20460921FFF782
:1031500052FF20460A21FFF74EFF20460821FFF7C5
:103160004AFF20461621FFF746FF20461A21FFF7A7
:1031700042FF20460F21FFF73EFF2046E121FFF7E7
:1031800045FF20460021FFF736FF20461621FFF7B6
:1031900032FF20461921FFF72EFF20460321FFF7BB
:1031A0002AFF20460F21FFF726FF20460521FFF7C3
:1031B00022FF20463221FFF71EFF20464521FFF760
:1031C0001AFF20464621FFF716FF20460421FFF78D
:1031D00012FF20460E21FFF70EFF20460D21FFF7BC
:1031E0000AFF20463521FFF706FF20463721FFF76B
:1031F00002FF20460F21FFF7FEFE2046B021FFF719
:1032000005FF20468021FFF7F6FE2046B421FFF798
:10321000FDFE20460221FFF7EEFE2046B621FFF715
:10322000F5FE20460221FFF7E6FE20460221FFF7C9
:10323000E2FE2046E921FFF7E9FE20460021FFF7E4
:10324000DAFE11212046FFF7E1FE7820FFF7E1FDCD
:1032500020462921FFF7DAFE4FF0000010BD2DE9CE
:10326000F04104460F462A2115461E46BDF8188037
:10327000FFF7CCFE390A2046FFF7BDFEF9B2204623
:10328000FFF7B9FE310A2046FFF7B5FEF1B220463E
:10329000FFF7B1FE20462B21FFF7B8FE290A204692
:1032A000FFF7A9FEE9B22046FFF7A5FE4FEA182175
:1032B0002046FFF7A0FE5FFA88F12046FFF79BFE4D
:1032C0002C212046FFF7A2FE606AFFF70FFD4FF0AA
:1032D0000000BDE8F08110B5044601763621FFF705
:1032E00095FE237E032B13D8DFE803F01715020A9F
:1032F000E8212046FFF77FFEA3682361E36806E02C
:1033000088212046FFF777FEE3682361A3686361A5
:103310004FF0000010BD4821F3E72821E9E708B588
:103320002031C9B2FFF772FE4FF0000008BD38B57A
:1033300004460D46406AFFF7D9FCE9B22046FFF784
:1033400047FEC5F307212046FFF742FE2046C5F39E
:103350000741FFF73DFE4FF0000038BDF8B50546C8
:103360000C46406AFFF7C2FCC4F34513C3EB0323CA
:103370003F22B3FBF2F704F01F03E40A1F222846A2
:10338000C4EB0424B4FBF2F1C9B2C3EB0323B3FBD7
:10339000F2F6FFF71DFEF9B22846FFF719FE2846A0
:1033A000F1B2FFF715FE4FF00000F8BDF0B5B0F92F
:1033B0000640059F9C428E463CDCB0F90A509D4277
:1033C00038DB066AB6B31B1BB0F90C40B0F90850E5
:1033D0006343B0F90440ED1BE41B44BF1B1B0024F6
:1033E0009542A8BF02F1FF3590F82D20A2B12A1B0B
:1033F00013444FF0FF32D0F824C0BCF1000F17D1B6
:10340000A54217DB56F82370816AB94218BF4EF8FF
:10341000247013440134F3E70122ECE7F75C816A7E
:103420005CF82770B94218BF4EF824701344013479
:10343000A542F3DAF0BD704710B5034B03600446B4
:1034400001F0AAFA204610BD64B6020810B5044681
:10345000FFF7F2FF20463021FEF7B8FE204610BDF0
:1034600038B504460D4601F0A1FA226AAB689A42CB
:1034700011D1B4F90C202B889A420CD1B4F90E204A
:103480006B889A4207D1626AEB689A4203D1A26ABA
:103490002B699A421ED023680021DB6C2046984796
:1034A0002A88A188A281013A6B88E3810A4422819B
:1034B000E288013B134463812B7984F82C30AB689C
:1034C0002362EB6863622B69A36223680021DB6CD3
:1034D000204698472046BDE8384001F070BA704752
:1034E00010B5034B0360044601F056FA204610BDA8
:1034F000BCBE020810B50446FFF7F2FF204640218B
:10350000FEF764FE204610BD10B103681B69184722
:10351000704710B10368DB681847704710B1036843
:103520009B681847704710B4046B8C4206D1446BFB
:10353000944203D190F83D409C4209D080F83D3040
:1035400003685DF8044BDB6CC0E90C1200211847DE
:103550005DF8044B704790F83E208A4205D003681E
:1035600080F83E10DB6C00211847704749B10139E3
:10357000012011F8013F03B970470A2B08BF013041
:10358000F7E70120704738B590F83B308B4204468E
:103590000D462CD001F00AFA23680021DB6C20468E
:1035A000984784F83B50606AFFF7B3FF94F83B50AC
:1035B00094F83A20216A00FB025202F0FF0284F8DC
:1035C0003C202046FFF7D2FFE38812FB00F2521B9B
:1035D00092B2013BE2811A44236862812046DB6C8F
:1035E000002198472046BDE8384001F0E8B938BDD1
:1035F00039B90846704701300B5C0BB10A2BFAD180
:1036000070470020F8E72DE9F74F9046B0F9062003
:103610009A4204460F4600F3A280B0F90A1099427C
:10362000C0F29D80016A002900F09980406A00285C
:1036300000F0958094F83C100C9EB4F904509B1A4D
:10364000AD1BB3FBF1F201FB1233009294F83A1078
:10365000B3FBF1F6FFF758FF8246606AFFF759FFA8
:10366000E36A009A934283464BD1D4F8289094F8A9
:103670003E30606A012B5AD1218F0091FFF74EFF37
:1036800094F83A200099B4F90C304A4300FB123008
:1036900000EBD07005EB6005606AFFF73AFFB042BF
:1036A00055D909F1FF3906FB0AFABAFBFBFA19F8FA
:1036B000011F002953D00A2951D0606A03685B6951
:1036C00098474FF0000B00EB0A025E46606A0192D9
:1036D000FFF71AFF0090606AFFF71BFF009BB3FB28
:1036E000F0F35B45019A46D84FF0000B606AFFF794
:1036F00015FF5845DBD994F83A3006F001012B4408
:103700004BE0236AE262994652B9C4F828904946D0
:103710002046FFF76DFF2087A9E70A2905D09946C3
:1037200013F8011B0029F8D1EFE7013AEBE7022B70
:10373000B2D1218F0091FFF7F1FE94F83A20009961
:10374000B4F90C304A4300FB12331D44A4E794F84B
:103750003D3023B999F800300BB10A2B02D103B0E8
:10376000BDE8F08F002DF8DBA845F5DD636B47F869
:1037700025300135EEE712F8013B4FEACB018B40D3
:103780001E430BF1010BA1E7002D05DB454503DAD4
:1037900049B1226B47F8252001359D42F4D17608C6
:1037A0000BF1010BA2E794F83D20002AF4D1626BE3
:1037B000F0E710B5044699B90A46104610BD1946FF
:1037C000013308780A28FAD02046FFF711FF824219
:1037D00038BF024601440B78002BEED00B46EEE7D3
:1037E0000022F8E72DE9F8430446DDE9088589461B
:1037F00017461E4601F0DAF8236800212046DB6CEC
:103800009847012384F83D302B68C4F830804FF08E
:103810000008A780E6806562DB68C4F82090C4F8E1
:1038200034802846984794F83A2094F83B3000FBBF
:10383000023384F83C302B6828469B6898474946F9
:1038400005462046FFF7B5FF94F83A3015FB00F522
:1038500015FB03F5ADB2A58149462046FFF786FE6C
:1038600094F83C1094F83B3011FB00F1C91A4FF06A
:10387000FF33E36289B22368E181013F013E3144B5
:103880003D4461812046DB6C2581414698472046B6
:10389000BDE8F84301F093B8436A8B4270B5044623
:1038A0000D4644D001F082F8236800212046DB6CED
:1038B00098472B686562DB682846984794F83A2059
:1038C00094F83B3000FB023384F83C302B682846E8
:1038D0009B689847266A054631462046FFF769FFF0
:1038E00094F83A3015FB00F212FB03F292B2A28177
:1038F00031462046FFF73AFE94F83C3094F83B10EE
:1039000013FB00F35B1AA18801390A442281E28883
:103910009BB2013AE3811344638123682046DB6C48
:10392000002198472046BDE8704001F048B870BDBE
:1039300070B504460D46164601F038F8236AAB42CE
:1039400001D1002E3ED023680021DB6C2046984731
:103950004FF0FF332562E362606A94F83A50FFF754
:10396000D8FD94F83B3000FB053384F83C30606AA6
:10397000FFF7D4FD266A054631462046FFF719FFBA
:1039800094F83A3015FB00F212FB03F292B2A281D6
:1039900031462046FFF7EAFD94F83C3094F83B109E
:1039A00013FB00F35B1AE1889BB20139E3810B44FE
:1039B0006381A388013B1A4423682281DB6C0021C8
:1039C000204698472046BDE8704000F0F8BF2DE93A
:1039D000F041B0F906E0069D9E451E4645DCB0F973
:1039E0000AC09C4541DBB0F90840641B002C3CDD5B
:1039F000B0F904305B1B90F8285065B39442ACBF1B
:103A000002F1FF35254623EAE37845451DDAC76A0A
:103A1000BE44B64521DCACEB070CB4451DDB2546A6
:103A2000C76A661BB74220DD002B04DB9A42C4BF85
:103A3000066A41F82360002D04DBAA42C4BF066A6F
:103A400041F82560013D0133EAE7476A41F82870F3
:103A500008F10108D9E72546D9E79542A8BF02F148
:103A6000FF3523EAE3739D4201DABDE8F081026A83
:103A700041F823200133F6E72DE9F041B0F904E0E5
:103A8000069D9E451DDCB0F908C09C4519DBB0F9C8
:103A90000A40641B9442ACBF02F1FF362646002E5A
:103AA0000FDDB0F9067090F828807F1B27EAE775D4
:103AB000B8F1000F03D19E4501D09C4508D1AE421C
:103AC00001DABDE8F081036A41F825300135F6E7F7
:103AD000002FA4BF036A41F825309442BCBF036A9B
:103AE00041F82630EDE72DE9F74FB0F90660DDF833
:103AF00030A0B0F90A8001929E42B64603DC4345ED
:103B000003DD9E4200E0434544DBB0F90850B0F9C4
:103B10000440A5EB040CA8EB0607BCF1000FB8BFEE
:103B2000CCF1000C002FB8BF7F424645ACBF4FF030
:103B3000FF360126A542D4BF4FF0FF394FF00109EF
:103B40003246A4EB0A04A5EB0A05ACEB0706C7F165
:103B5000000AAC4201D1C6451AD09E450CD1C7F12E
:103B6000000EAC4219D1002D14DB019B9D42BCBF5D
:103B7000036A41F825300DE0BAEB460F4FEA460BD9
:103B8000BCBF4C44F61BDC45C4BF66449644E0E72A
:103B90009E45E4D003B0BDE8F08F002C05DB019B0F
:103BA0009C42BCBF036A41F82430BEEB460F4FEA8B
:103BB0004603BCBF4C44F61B9C45D2DDAC42E9D168
:103BC000D1E72DE9F74FB0F90450DDF830C09D4240
:103BD000CDE9001251DCB0F908409C424DDBB0F950
:103BE0000A70B0F90620BE1A002EB8BF7642A4EBC8
:103BF000050E9742D4BF4FF0FF384FF00108A542A1
:103C0000ACBF4FF0FF394FF00109A2EB0C02A7EB5C
:103C10000C07A6EB0E01AC46A5EB040ABA4201D193
:103C2000644528D09C4519D1A5EB0409002A06DB80
:103C3000019B9A42BEBF009D036A45F82230B9EB52
:103C4000410F4FEA4103BCBF4244A1EB0E019E422B
:103C500013DCBA42EAD16445E8D10EE0BAEB410F79
:103C60004FEA410BBCBF4244A1EB0E015E45C4BF0D
:103C70008919CC44D2E79C42D6D003B0BDE8F08F7E
:103C800010B5034B0360044600F086FE204610BDCD
:103C9000C4BF020810B50446FFF7F2FF20462421F6
:103CA000FEF794FA204610BD10B5034B036004469E
:103CB00000F072FE204610BD6CBF020810B504462D
:103CC000FFF7F2FF20462021FEF780FA204610BDC4
:103CD00030B5B0F90440039D9C4217DCB0F90840B0
:103CE0009C4213DBB0F90A40641BA242D8BF02F128
:103CF000FF34002C0ADDB0F906305B1B23EAE373C6
:103D000001EB83019C4201F1040100DA30BD11F89E
:103D1000042C520801F8042C11F8032C520801F865
:103D2000032C11F8022C520801F8022C0133E9E7A8
:103D300030B5B0F90640039D9C4217DCB0F90A404B
:103D40009C4213DBB0F90840641B002C0EDDB0F977
:103D500004305B1B23EAE373A242D8BF02F1FF34B5
:103D600001EB8301A34201F1040100DD30BD11F834
:103D7000042C520801F8042C11F8032C520801F805
:103D8000032C11F8022C520801F8022C0133E9E748
:103D90002DE9F0470446DDE9089A154698469DF856
:103DA00028700E4600F002FE23682046DB6C0021DE
:103DB000984708F1FF33A6801E4409F1FF33E580E0
:103DC0001D44236884F8287087F001072046C4E961
:103DD00008AA26816581A4F80C80A4F80E90E762F9
:103DE000DB6C002198472046BDE8F04700F0E7BDB6
:103DF00038B5C36A8B4204460D460FD000F0D6FD9D
:103E0000E5620DB9236A636223682046DB6C0021FA
:103E100098472046BDE8384000F0D1BD38BD38B5E0
:103E2000036A8B4204460D460FD000F0BFFDE36AE3
:103E3000256203B9656223682046DB6C0021984740
:103E40002046BDE8384000F0BABD38BD38B5436AF9
:103E50008B4204460D460CD000F0A8FD2368656235
:103E60002046DB6C002198472046BDE8384000F032
:103E7000A6BD38BD2DE9F041044615461F46DDF8C4
:103E800018800E4600F092FD23682046DB6C00216E
:103E900098477B1EA6801E4408F1FF33E5801D4431
:103EA0002368268120466581A781A4F80E80DB6CFB
:103EB000002198472046BDE8F04100F080BD2DE983
:103EC000F84304461546DDE9086988461F4600F0B8
:103ED0006DFD23682046DB6C00219847B845B8B2D9
:103EE0001FFA88F2B3BF0130C0F101001318801A25
:103EF000B4BF83B29BB2A381B542B3B2A9B2B5BF7E
:103F00000133C3F101035B1A5B189BB2E3812368A1
:103F1000C4F820902046DB6CA4F80480E58027815B
:103F20006681002198472046BDE8F84300F047BD70
:103F300010B103681B691847704710B10368DB684C
:103F40001847704710B103689B68184770472DE900
:103F5000F74F9046B0F904209A4204460F4641DCE0
:103F6000B0F9081099423DDB066A002E3AD0406A4B
:103F7000002837D09B1A1FFA83FA1B0432D40C9BFB
:103F8000E588ED1AFFF7DEFF0346606ABAFBF3F33C
:103F90000268F15C526990478146606AFFF7D2FF80
:103FA000BAFBF0F303FB10AA606AFFF7C1FF0646F5
:103FB000606AFFF7C2FF4FF0010B0AF007030BFA2C
:103FC00003FB0023B6FBF0F62DB2B6B21A464FEA59
:103FD000DA0A606ACDE90023FFF7AFFF009A019B80
:103FE000904202DC03B0BDE8F08F002D0BDDA84548
:103FF00009DD09EB030111F80A1011EA0B0F06D0D5
:10400000A16A47F82510013201353344E1E794F8FD
:1040100033100029F7D1E16AF3E72DE9F74F17468E
:10402000B0F906209A4204460E4621DCB0F90A1087
:1040300099421DDBD0F82090B9F1000F18D0406AEA
:10404000B0B10C99B4F904809B1AA8EB010894F85C
:104050003220B3FBF2F5FFF76BFF4543606AFFF7D1
:104060006CFF09F1FF39B5FBF0F519F8011F11B923
:1040700003B0BDE8F08F606A03685B6998474FF052
:10408000000B4219DA46606A0192FFF751FF009077
:10409000606AFFF752FF009BB3FBF0F35B45019AA8
:1040A0000CD84FF0000B606AFFF74CFF5845DCD985
:1040B00094F832300AF00101434414E012F8013B55
:1040C0004FEACB018B404AEA030A0BF1010BDAE716
:1040D000B8F1000F05DBB84503DA59B1A26A46F81A
:1040E000282008F101089845F2D14FEA5A0A0BF14D
:1040F000010BD8E794F83320002AF2D1E26AEEE708
:1041000038B50446406AFFF71DFF85B2206A10B13A
:10411000ECF770F880B294F8323013FB05F313FB20
:1041200000F3A381606AFFF708FF94F83230A28998
:1041300013FB00F0A3881344013B2381E38880B282
:10414000013BE0811844608138BD2DE9F843044605
:104150001646DDE908980F461D4600F027FC236847
:1041600000212046DB6C9847E5800123002584F878
:10417000333020462762A680C4F82890E562C4F850
:104180002480FFF7BDFF23682046DB6C2946984753
:104190002046BDE8F84300F012BC0000F7B5044625
:1041A0001F460D46164600F0E5FB0B4B23604FF40F
:1041B000803323630020099BC4E90800C4E90A0096
:1041C0000193089B009320463B4632462946FFF761
:1041D000BCFF204603B0F0BD1CC0020838B5436ADE
:1041E0008B4204460D4614D000F0E0FB236800210A
:1041F000DB6C2046984720466562FFF781FF236805
:104200002046DB6C002198472046BDE8384000F08E
:10421000D6BB38BD38B504460D46A9B100F0C6FB83
:1042200023680021DB6C20469847204684F83250F2
:10423000FFF766FF23682046DB6C00219847204685
:10424000BDE8384000F0BBBB38BD70B504460D4634
:10425000164600F0ABFB236AAB4200D17EB1236867
:104260000021DB6C204698472562002520462586E4
:10427000FFF746FF23682946DB6C20469847204617
:10428000BDE8704000F09BBB2DE9F041DDF81880DF
:10429000044615461F460E46B9B1B2B10368002167
:1042A000DB6C9847D8F8003029463A46304611F082
:1042B00079FA204626622586FFF722FF23682046EA
:1042C000DB6CBDE8F04100211847BDE8F08108B47F
:1042D000FFB5164609AA044652F8047B03920D4620
:1042E00000F064FB03AB009332463B462946204670
:1042F000FFF7CAFF204600F062FB04B0BDE8F040C3
:1043000001B070472DE9F04F85B09A460E9B02939D
:104310000F9BB0F904500393029BB0F90660571B42
:104320005D1B039B0129AAEB06080C469146A3EBF3
:10433000060605D98C1E032C37D905B0BDE8F08FD1
:10434000D0F82490B9F1000FF7D099F810304BB3A2
:10435000D9F800304846DB6A9847B84222DCD9F8E1
:10436000003048465B6B9847B8421BDBD9F80030F9
:1043700048461B6B9847404514DCD9F80030484646
:104380009B6B984740450DDBD9F80030CDE90E56C0
:104390009D6A3A46434621464846AC4605B0BDE8CC
:1043A000F04F6047D9F81890CCE7446A002CC4D08D
:1043B000237C002B34D023682046DB6A9847A84230
:1043C00030DD23682046DB6A9847A8426BDD23680E
:1043D0002046DB6A9847B84222DC236820465B6BA4
:1043E0009847B8421CDB236820461B6B9847404522
:1043F00016DC236820469B6B9847404510DB2368FA
:104400002046DB6A9847A84240F383802368CDE9C1
:1044100000563A46D3F828B0042143462046D847F0
:10442000A469C3E7236820465B6B9847A842C8DBB2
:10443000236820461B6B9847B042C2DC23682046A5
:104440009B6B9847B042BCDB23682046DB6A9847E9
:10445000B842B6DC236820465B6B9847B842B0DBB5
:10446000236820461B6B98474045AADC23682046FA
:104470009B6B98474045A4DB2368D3F828E0029B58
:1044800099450AD1039B9A4507D1CDE90E5643467B
:104490003A4603212046F44680E7CDE90E564346CE
:1044A0003A460221F6E7236820465B6B9847A8420C
:1044B0008DDB236820461B6B9847B04287DC23685E
:1044C00020469B6B9847B04281DB23682046DB6A1D
:1044D0009847B8420ADD2368CDE900563A46D3F83A
:1044E00028B0052143462046D84770E72368204678
:1044F0005B6B9847B842EEDB236820461B6B9847FE
:104500004045E8DC236820469B6B98474045E2DB4A
:104510005DE7236820465B6B9847A842FFF676AFBD
:10452000236820461B6B9847B0423FF76FAF236864
:1045300020469B6B9847B042FFF668AF70E72DE9C5
:10454000F04198460368BDF91850DB6A04460E46F0
:1045500017469847236806441B6B204698472368F4
:104560000744DB6A20469847236880441B6B20463B
:10457000984723680544DB6A20469847B04204DD2B
:1045800023682046DB6A98470646236820461B6B53
:104590009847B84204DD236820461B6B98470746BE
:1045A000236820465B6B9847404504DA2368204621
:1045B0005B6B98478046236820469B6B9847A842D0
:1045C00004DA236820469B6B98470546A06A00F1F1
:1045D00054039C4209D12DB206950FFA88F33AB2E2
:1045E00031B2BDE8F041FEF730B9E069A0420BD02E
:1045F00003682DB206951C6D3AB20FFA88F331B2FA
:10460000A446BDE8F0416047BDE8F08110B5034B1A
:104610000360044600F0C0F9204610BD74C00208D3
:1046200010B50446FFF7F2FF20462C21FDF7CEFD22
:10463000204610BD2DE9F3471F46B0F90630DDF8DE
:104640002890BB420446884616460EDCB0F90A3074
:10465000BB420ADBB0F90830056A4A44013A9A4283
:1046600002DDA3EB09035E1C15B902B0BDE8F087BB
:10467000B4F904202968B4F90630A9EB02020092CB
:10468000D1F824A02846FB1A32464146D0476D692E
:10469000EAE72DE9F7431E46B0F90430B342044679
:1046A0008846914605DCB0F90830B34201DB056A63
:1046B00015B903B0BDE8F083B4F906200A9829685B
:1046C000B4F90430821A00920F6A2846F31A4A4657
:1046D0004146B8476D69EBE738B504460D4600F032
:1046E00049F9054B23600023C4E90833E36903B9A2
:1046F000E461A562204638BD74C0020810B50446C6
:1047000000F038F9064B23600023C4E90833A362A4
:10471000E3691BB19B6AA362204610BD00BEFBE7A4
:1047200074C0020838B5836A8B42044602D0056A19
:10473000816215B94FF0000038BD2B6828469B6890
:10474000214698476D69F4E738B5C3698B42044642
:104750000D4604D1996AFFF7E5FF002038BD0368D4
:104760009B69984718B9A96AE5612046F3E70D20CF
:10477000F4E72DE9F041044615461F46DDF81880A0
:104780000E4600F013F923682046DB6C00219847A1
:104790007B1EA6801E4408F1FF33E5801D4423687C
:1047A000268120466581A781A4F80E80DB6C00215C
:1047B00098472046BDE8F04100F001B970B50546C4
:1047C00016460C46002938D08B69002B35D14B6931
:1047D000002B32D1036A8B422FD0806A00F5C15082
:1047E0004FF0FF31083001F0E3F82B6A668283B99D
:1047F000C5E90844237C23B12B6801219B6C284622
:104800009847A86A00F5C150083001F0E2F800208E
:1048100070BD5A8AB24203D963619C612C62E9E798
:104820001A465B693BB1598AB142F9D963619C610F
:104830005461A261DEE76C62FAE70220E8E770B536
:1048400005460C4669B38B6923B94B6913B9036AF2
:104850008B4226D1A86A00F5C1504FF0FF310830D5
:1048600001F0A6F82B6AA3420FD163692B6293B1C2
:1048700000229A61A86A002600F5C150C4E90566C5
:10488000083001F0A6F8304670BD6A6AA369A242FA
:1048900003D100225A616B62ECE762695A6193614D
:1048A000E8E70220F0E7826A5432904204D0C269FD
:1048B000824203D000F013B80120704700207047F7
:1048C00038B5C3698B4204460D4604D003689B6922
:1048D000984710B9E561002038BD0D20FCE703685A
:1048E00010B59B690446984728B1E0690368BDE8A4
:1048F00010405B69184710BD436923B980690038CF
:1049000018BF01207047012070477047036837B512
:104910005B6904460D46984700B965B1E069B4F992
:104920000A20036800921D6DB4F90620B4F908301E
:10493000B4F90410A84703B030BD10B5044601B166
:104940004182236820460121DB6C9847628AE06936
:104950002146BDE81040FFF731BF10B5036804469B
:104960000021DB6C9847E0692146BDE81040FFF765
:1049700066BF0000064A02600022C0E90122C0E9C9
:104980000522C26002744282024A1268C261704704
:10499000D0C0020848DF002010B5034B0360044676
:1049A000FFF7DBFF204610BDD0C00208C369986A3C
:1049B00000F5C1504FF0FF31083000F0F9BFC36976
:1049C000986A00F5C150083001F003B82DE9F041B4
:1049D00004460F4616469846FFF7E8FFC0B270B986
:1049E000B8F1000F0DD1B4F90430BB420CD1B4F9C9
:1049F0000630B34208D12046FFF7E1FFC0B2BDE860
:104A0000F08157EA0603F6D023682046DB6C0021CC
:104A10009847BDB2B0B2B8F1000F12D0A3882B44B2
:104A2000A380E3880344E38023891D4463892581AF
:104A3000034418B223686081DB6C0021204698474C
:104A4000D9E7A389A780013D1D44E389E6800138A9
:104A50001844258100B2EDE700797047407970472E
:104A6000C088704780687047024B242000FB0130EB
:104A7000704700BF44C102087047704710B50C2151
:104A80000446FDF7A3FB204610BD0000034A026068
:104A9000034A4260034A8260704700BF28C102088F
:104AA0000A12240044C1020810B50A4C2368BFF35F
:104AB0005B8FDB070CD420460EF039F840B1064876
:104AC000FFF7E4FF05480FF0E7FD20460EF03BF846
:104AD000014810BD4CDF002050DF00207B4A010858
:104AE000014800EB4110704768E5020870477047C5
:104AF00010B50C210446FDF769FB204610BD0000EF
:104B0000034A0260034A4260034A8260704700BF62
:104B10004CE502080C10200068E5020810B50A4CAC
:104B20002368BFF35B8FDB070CD420460DF0FFFF3B
:104B300040B10648FFF7E4FF05480FF0ADFD204601
:104B40000EF001F8014810BD5CDF002060DF00209E
:104B5000EF4A0108014800EBC10070478C050308CB
:104B60007047704710B50C210446FDF72FFB204617
:104B700010BD0000034A0260034A4260034A82609B
:104B8000704700BF70050308060808008C0503087D
:104B900010B50A4C2368BFF35B8FDB070CD42046AB
:104BA0000DF0C5FF40B10648FFF7E4FF05480FF0E0
:104BB00073FD20460DF0C7FF014810BD6CDF0020DB
:104BC00070DF0020634B0108024B0C2000FB01301A
:104BD000704700BFB00D03087047704710B50C2137
:104BE0000446FDF7F3FA204610BD0000034A0260B8
:104BF000034A4260034A8260704700BF940D030875
:104C0000080C0C00B00D030810B50A4C2368BFF364
:104C10005B8FDB070CD420460DF089FF40B10648BE
:104C2000FFF7E4FF05480FF037FD20460DF08BFF3E
:104C3000014810BD7CDF002080DF0020DB4B010835
:104C4000014800EBC1007047D41903087047704752
:104C500010B50C210446FDF7B9FA204610BD00003E
:104C6000034A0260034A4260034A8260704700BF01
:104C7000B819030808080800D419030810B50A4C2D
:104C80002368BFF35B8FDB070CD420460DF04FFF8A
:104C900040B10648FFF7E4FF05480FF0FDFC204651
:104CA0000DF051FF014810BD8CDF002090DF002087
:104CB0004F4C01084FF0050070474FF0050070475A
:104CC000704708B58189806801F0BEFF431E5842D5
:104CD000584108BD0A468189806801F0BBBF10B504
:104CE00010210446FDF772FA204610BD4FF0050072
:104CF000704781807047C18070474FF00500704752
:104D000083681A68136843F0010313604FF00000D2
:104D100070474FF005007047836893F83D002038D6
:104D200018BF0120704738B5044600F10C054FF05C
:104D3000FF31284600F0F6FCA06803681A6822F0EC
:104D400001021A601C6814F00104FBD11A6842F4D5
:104D500000421A601A6822F400421A6002F032F926
:104D6000284600F004FD204638BD000010B5044B75
:104D7000044640F80C3B00F0CDFC204610BD00BFBF
:104D80000022030810B50446FFF7F0FF204610216B
:104D9000FDF71CFA204610BD03299ABF014B585C51
:104DA0002E207047F4210308F8B500F10C070546E2
:104DB0000C4638464FF0FF31164600F0B3FC610058
:104DC000AB88A86889B2324602F042FE04463846F3
:104DD00000F0CDFC21462846FFF7DEFFF8BD2DE9A7
:104DE000F04F00F10C0785B005460E4614464FF013
:104DF000FF313846DDE90E899A4600F093FC002C1D
:104E00003ED0B8F1000F1DD00AF1FF33012B19D8A5
:104E1000AB8802931FFA89F3CDE90083710089B250
:104E20002278A8681FFA8AF302F004FD014628469A
:104E3000FFF7B2FFC4B2384600F099FC204605B037
:104E4000BDE8F08F2B682246D3F824B03146534694
:104E50002846D847C4B2B8F1000FECD0002CEAD1F4
:104E6000434609EB0802934207D12B6842469C6AED
:104E700031464B462846A047DCE703F8014BF2E7F2
:104E80000224D8E72DE9F34105460C46984616461C
:104E9000E2B100F10C074FF0FF31384600F042FC60
:104EA000AB880093610089B21FFA88F33246A86884
:104EB00002F030F90446384600F059FC21462846F5
:104EC000FFF76AFFC0B202B0BDE8F0810220FAE746
:104ED0002DE9F34105460C4698461646E2B100F12D
:104EE0000C074FF0FF31384600F01CFCAB880093F4
:104EF000610089B21FFA88F33246A86802F0E4F92B
:104F00000446384600F033FC21462846FFF744FFAC
:104F1000C0B202B0BDE8F0810220FAE72DE9F0410D
:104F20001F4683685B6B0446164613B3490000F1C5
:104F30000C088DB240464FF0FF3100F0F3FB2368C0
:104F400020465B6B984780B92946BBB23246A068C1
:104F500002F032FB0546404600F009FC2946204697
:104F6000FFF71AFFC0B2BDE8F081012000F0BCFDE0
:104F7000E5E70520F7E72DE9F0411F4683689B6BC5
:104F80000446164613B3490000F10C088DB24046A2
:104F90004FF0FF3100F0C6FB236820465B6B98475B
:104FA00080B92946BBB23246A06802F0A5FB05468F
:104FB000404600F0DCFB29462046FFF7EDFEC0B27C
:104FC000BDE8F081012000F08FFDE5E70520F7E75F
:104FD0004FF00500704783880B804FF0000070474A
:104FE0004FF000007047836881801B68DA6A514384
:104FF0004FF6FF72B1FBF2F1C2681AB959634FF074
:1050000000007047042A01D19963F8E7082A0CBF11
:10501000D9631964F3E77047836870B51B68044669
:105020009E6A0D4603F008FEA3681B68DB6A013622
:105030000133B0FBF3F0B0FBF6F028604FF0000056
:1050400070BD38B504460D46E1B103F0F5FDA26828
:10505000B0FBF5F10D0C6B1C8B42106896BFB1FBD9
:10506000F3F3002303F1FF338562C362D360236847
:10507000A188DB6920469847A3681B6801225A6112
:10508000002038BD0320FCE708B5D0E9020105F097
:1050900061FE002818BF162008BD08B5D0E902013E
:1050A00005F094FE4FF0000008BD10B51021044635
:1050B000FDF78CF8204610BD81807047C180704795
:1050C00070474FF0000070474FF00500704783684D
:1050D00093F85100033818BF01207047032910D8F6
:1050E00083681B681A6822F040021A601A6822F06E
:1050F0000302114319601A6842F040021A6000204E
:1051000070470320704783681B681A6802F0020327
:10511000D20703D5002B0CBF012303230B704FF0E4
:105120000000704738B50D46044603F09BFDB0FB08
:10513000F5F1022920D9042920D9082920D91029DC
:1051400020D9202920D9402920D9802920D9B1F57A
:10515000807F1FD83823A2681268116821F04001AF
:105160001160116821F038010B431360136843F09C
:1051700040031360002038BD0023ECE70823EAE772
:105180001023E8E71823E6E72023E4E72823E2E7F3
:105190003023E0E72B20EEE738B505460C4603F058
:1051A00061FDAB681B680246186810F0380002D138
:1051B0005208226038BD082802D192080020F8E782
:1051C000102801D1D208F9E7182801D11209F5E712
:1051D000202801D15209F1E7282801D19209EDE7F1
:1051E000302801D1D209E9E7382801D1120AE5E7D0
:1051F00000222B20DDE710B50C210446FCF7E6FF6A
:10520000204610BD03299ABF014B585C2E207047E1
:105210007022030813B5044669B162B1A0880090FA
:105220009BB2A06804F00AFD01462046FFF7EAFFA2
:10523000C0B202B010BD0220FBE710B5044651B168
:105240008388806892B204F049FC01462046FFF74B
:10525000D9FFC0B210BD0220FCE710B504460846D5
:1052600049B1E388A06892B204F0E4FD014620460B
:10527000FFF7C8FFC0B210BD38B50546104651B1A2
:1052800042B19BB2A86804F0D9FE01462846FFF758
:10529000B9FFC0B238BD0846FCE710B50446084661
:1052A00041B1A06892B204F069FE01462046FFF7C2
:1052B000A9FFC0B210BD10B50446084641B1A068B0
:1052C00092B204F041FF01462046FFF79BFFC0B2B7
:1052D00010BD10B50446806804F0AAFF01462046C0
:1052E000FFF790FF10BD4FF0050070472DE9F34127
:1052F00006468846154600242B68A7B2BB4209D84B
:105300000020A4B22F6014B1232808BF002002B0EF
:10531000BDE8F08133680DF107011B6930469847FD
:10532000C0B2631C0028ECD19DF8072008F80720C4
:105330001C46E1E7D0F8843093F84100A0F1200347
:10534000584258417047704708B5D0F8840005F0BE
:105350003BFF003818BF0120400108BD08B551B11E
:10536000D0F8840092B205F0EFFE022805D00028A4
:1053700018BF212008BD0220FCE72420FAE710B561
:105380008C210446FCF722FF204610BD031D10B5FA
:1053900080220446FF21184610F02BFA8022014695
:1053A000D4F8840006F03CFA20B9D4F884309B8D00
:1053B000A4F888304FF0000010BDFFF7E7BFD0F829
:1053C00084301B681A68120770B5B0F8885004461C
:1053D0000E4602D41B689B0702D52046FFF7D6FF76
:1053E000D4F88430B4F88820DB6B1B685B689A4281
:1053F00010D0C5F1800514FA85F52B793370B4F817
:105400008830013B9BB21BB1A4F88830002070BDEE
:105410008023F9E72320FAE7C36A73B505460BB981
:10542000048BBCB12C1D2046174AA96C00F0D3F99F
:10543000204600F0D3F92B8BC4B25BB105F1140602
:105440003046124AA96C00F0C6F9304600F0C6F9A1
:1054500004B9C4B2EB6A2BB105F1280000F066FB79
:1054600004B9C4B295F846300093B5F84420A96C4D
:1054700007482B4600F028F90CB9C4B204B100BEAD
:10548000204602B070BD00BF1C9602085396020869
:105490002D5601087FB50646041D00F12805284653
:1054A00000F060FB90B1F26A52006946204600F0BD
:1054B0001EFAC2B252BB9DF80030012B0ED0022B57
:1054C00018D033B10422104604B070BD4FF0FF3243
:1054D000EBE7336803991B69304603E0019B0399AE
:1054E0002BB102989847C2B2002AD8D0EBE73368B4
:1054F0009B69F1E7716A06F1140000F0F8F9C2B295
:1055000022B9336830465B699847ECE700BEDAE7BA
:1055100008B5043022B1002200F0BAF9C0B208BDCB
:1055200000F086F9FAE7F0B585B004460E46174656
:105530001D460BF08BFB0BF05FFA844203D0E36A4D
:1055400043B9238B33B99EB9236829469B6920460A
:10555000984710E006B98DB1012300226946204624
:10556000CDE901678DF800300395FFF7D1FF02E028
:1055700029463846B047C0B205B0F0BD0220FBE76F
:105580002DE9FF4104460F469846154600F11406E2
:10559000CAB10022304600F07BF9C0B280B90223C4
:1055A00005EA0802694620468DF80030FFF7B0FF93
:1055B000C0B228B100223946304600F098F91F20C9
:1055C00004B0BDE8F081304600F032F9E5E71FB5E0
:1055D000044680B100238DF8003090F83C20036C25
:1055E00003936946FFF794FFC3B20BB1236C0133F9
:1055F000236404B010BD00BEFBE7000010B54FF0FF
:10560000FF310446074800F08DF8074A136834B1AB
:105610000133BDE810400348136000F0A8B8013B17
:10562000F7E700BFA0DF00209CDF002038B504466C
:10563000002839D00120FFF7E1FF012000F054FAE3
:1056400023682046DB689847C0B268BBFFF7D6FFE7
:10565000164D296879B9E36A8BB9238BABB92368F6
:105660002046DB699847C0B20028F8D0BDE8384032
:1056700000200AF065BF012000F036FAE9E704F1E6
:10568000280000F078FAC5B21DB92046FFF702FFE6
:10569000C5B2E36A33B1002104F1280000F0A3FA97
:1056A00015B9C5B2002DE1D000BEDFE79CDF0020B8
:1056B000014800F025B800BFA0DF0020014800F03D
:1056C00029B800BFA0DF00207FB503AE01969DF88A
:1056D0002060009600241D4603940AF003FF012871
:1056E00006D1039829460BF077F9204604B070BD27
:1056F0000E20FBE7EFF30580003818BF012070474C
:1057000010B5044601200AF01FFA206000B900BE5F
:10571000204610BD10B50446006808B90AF0F2FC36
:10572000204610BD37B505460C46FFF7E3FF03469C
:105730002868B3B101AA00210AF04BFC012802D06D
:105740001A2003B030BD019B4BB14FF0E0234FF066
:105750008052C3F8042DBFF34F8FBFF36F8F00202B
:10576000EFE721460AF057FB0128E9D1F7E713B527
:105770000446FFF7BFFF03462068ABB101A90AF05A
:105780005AFA012802D01B2002B010BD019B4BB178
:105790004FF0E0234FF08052C3F8042DBFF34F8F3A
:1057A000BFF36F8F0020EFE71A4619460AF0E7F8BB
:1057B0000128E8D1F6E730B50025C0E902350560DB
:1057C0008180C28030BD10B50446006808B10AF07F
:1057D00099FC204610BDC0E902127047026810B55E
:1057E00004460AB10F2010BDC18880880AF0A3F8D2
:1057F00020600028F6D0A1680B780BB90020F2E7F2
:105800000AF056FCFAE710B50446006840B1FFF70D
:1058100071FF30B120680AF03CFC003818BF01204D
:1058200010BD20680AF022FCB0FA80F04009F7E7CA
:105830000368F7B505460C4616463BB331B3FFF790
:1058400059FF2F680546B0B1002301AA214638460A
:105850000AF094F9012819D1019B4BB14FF0E023D4
:105860004FF08052C3F8042DBFF34F8FBFF36F8FFB
:10587000002003B0F0BD304600F03CF92B46024654
:10588000214638460AF07BF80128F1D01320F0E7D2
:10589000036873B505460C46164633B329B3FFF7C4
:1058A00029FF2D68B0B1012301AA214628460AF03C
:1058B00065F9012819D1019B4BB14FF0E0234FF05E
:1058C0008052C3F8042DBFF34F8FBFF36F8F0020BA
:1058D00002B070BD304600F00DF9012302462146AA
:1058E00028460AF04CF80128F1D01320F0E70368AD
:1058F0002DE9F34105460F4616467BB371B3FFF71A
:10590000F9FEF8B12846FFF77EFF20B111242046AA
:1059100002B0BDE8F081286801AA39460AF059FBB7
:10592000012801D01224F2E7019B4BB14FF0E02394
:105930004FF08052C3F8042DBFF34F8FBFF36F8F2A
:105940000024E4E7711CD5F8008005D0304600F053
:10595000D1F8024612240AE03246FBE70224D6E7D9
:10596000731CD3D1D5F8008011244FF0FF32394693
:1059700040460AF0B1F90028F2D0721C02D1112C75
:10598000F0D012240128DBD0C1E710B5014604464F
:1059900004200AF0A6F8A06400B900BE204610BD9D
:1059A00010B50446806C08B90AF0ACFB204610BD67
:1059B00070B505460E46FFF79DFE044608B11A2055
:1059C00070BDA86C31460AF0E6FA0128F7D12046EE
:1059D000F6E738B50546FFF78DFE044608B11B20F3
:1059E00038BDA86C0AF091F80128F8D12046F7E7F5
:1059F00010B5032204460021012009F09CFF20601D
:105A000000B900BE204610BD10B50446006808B9B4
:105A10000AF078FB204610BD37B505460C46FFF767
:105A200069FE03462868B3B101AA00210AF0D1FA41
:105A3000012802D01D2003B030BD019B4BB14FF0B7
:105A4000E0234FF08052C3F8042DBFF34F8FBFF314
:105A50006F8F0020EFE721460AF0DDF90128E9D138
:105A6000F7E7002313B51A4619460446006809F003
:105A700086FFFFF73FFE03462068ABB101A90AF09D
:105A8000DAF8012802D01E2002B010BD019B4BB1F4
:105A90004FF0E0234FF08052C3F8042DBFF34F8F37
:105AA000BFF36F8F0020EFE71A46194609F067FF32
:105AB0000128E8D1F6E708B5FFF71CFE18B1BDE8EC
:105AC00008400AF005BEBDE808400AF0FBBDFFF73C
:105AD000F2BF38B505460C46FFF7EDFF401B844288
:105AE0008CBF0020012038BD0AF052BF0AF050BF21
:105AF0000AF004BF704710B540B10BF0E1FB28B1CC
:105B0000C3681BB1BDE810400069184710BD13B54C
:105B10000446006838B100230122E36005210092A9
:105B20001A460BF053FA204602B010BD37B505688F
:105B3000044615B1152003B030BD4068FFF7DAFF09
:105B4000227A074B0093B2FA82F2014623465209A9
:105B500028460BF00DFA20600028EBD02846EAE733
:105B6000F75A0108006808B520B10BF093FB003824
:105B700018BF012008BDF0B5036885B004460E4685
:105B800083B1FFF7B7FD27680446E0B10AF0A0FD36
:105B9000002302460093062103AB38460BF016FAA9
:105BA000012802D0162005B0F0BD039B4BB14FF089
:105BB000E0234FF08052C3F8042DBFF34F8FBFF3A3
:105BC0006F8F0020EFE70AF07DFD05463046FFF7B6
:105BD00091FF234600902A46012138460BF0F6F942
:105BE0000128DFD1EDE77FB5036804460D466BB1B0
:105BF000FFF780FD26680446C8B10022009203AB7F
:105C0000082130460BF0E2F9012802D0182004B038
:105C100070BD039B4BB14FF0E0234FF08052C3F8AF
:105C2000042DBFF34F8FBFF36F8F0020EFE728469F
:105C3000FFF760FF234600902246032130460BF019
:105C4000C5F90128E2D1F0E71FB5ADF80E108AB111
:105C5000046889B21944A1420ED800690168CDE9EF
:105C6000002302230C6A0DF10E025021A047C0B29E
:105C700004B010BD0220FBE70B20F9E72DE9F84343
:105C800005460F461E469046002A62D00268CB1891
:105C9000934260D8406930B14179036800395B694B
:105CA00018BF012198470024002E4BD0002C49D169
:105CB0006C68B7FBF4F304FB137323B9B44228BF39
:105CC0003446E4B204E0E41AE4B2B44288BFF4B269
:105CD000EB683A0A1A70EB685F70E8682246414642
:105CE00002300FF000FF2869EA6803685021D3F8FA
:105CF0002490A31CC847361B2744A044C4B2B6B2A4
:105D0000BFB2002CD0D1286903680122DB69502181
:105D100098474FF00009C4B2002CC5D00120FFF70E
:105D2000E5FE286903680122DB69502198472A7A39
:105D30005FFA89F39A42C4B202D309F10109EBE791
:105D40002924B1E7686908B1FCF7D0FF2046BDE817
:105D5000F8830224FAE70B24F8E7000010B5084C9A
:105D600001444FF0FF32884201D1D04310BD10F8FA
:105D7000013B5340DBB254F8233083EA1222F2E7AE
:105D8000F022030810B5074B044640F86C3BFFF7C0
:105D90003BFE04F16800FFF7BDFC2046EBF786FBF5
:105DA000204610BDF826030808B50248FFF7EAFFB1
:105DB00008BD00BFA8DF002010B50446FFF7E2FFD2
:105DC00020467021FCF702FA204610BDC164FFF79F
:105DD00023BB10B50446FFF76EFE2065E06C036838
:105DE0000021DB699847E06C03684FF4DC719B6924
:105DF0009847E06C03681B6A98474FF0000010BD9D
:105E000070B5264E3568BFF35B8F15F0010542D1A2
:105E100030460CF08CFE00283DD0214C214B204612
:105E2000102240F8043B02212B46FFF7C4FC2A460F
:105E300029462B4604F11400FFF7BDFC1A4BE5621E
:105E4000C4E90D348023A4F84430022384F846309A
:105E5000164BA364164B236004F168006423236689
:105E6000C4E90955C4E91355C4E9155584F83050FF
:105E700084F83C502564A4F85C50A4F86450FFF703
:105E80003FFC04F16C00FFF7B3FD0A480EF004FC80
:105E900030460CF058FE024870BD00BFA4DF002061
:105EA000A8DF0020B8980208CF5501082196020803
:105EB000F8260308A95D010810B50446C06C142932
:105EC00003680CD994F865204AB99B699847E06C3F
:105ED0000368DB6947F6FF71BDE810401847DB69CE
:105EE0000021F9E738B500F1680504464FF0FF31AD
:105EF0002846FFF717FC002164232046C4E915114A
:105F0000236684F86410FFF7D7FF2846BDE83840C1
:105F1000FFF72DBC2DE9F84304469DF82090164666
:105F20001F460D46F1B1EAB1E3B1436D0BB1FFF786
:105F3000D9FF04F168084FF0FF314046FFF7F2FB4C
:105F4000002384F864902766A4F85A30A4F85860B7
:105F500065654046FFF70BFC04F16C00BDE8F843B3
:105F6000FFF77FBDBDE8F883F8B5044600F1680788
:105F70004FF0FF313846FFF7D5FB636D266E002BDF
:105F800041D0B4F858504DB3B4F85A2033F8123019
:105F9000B3F5987F4FEA1311204638BF0021FFF771
:105FA0008BFFB4F85A3013B9FFF785FD2065B4F8BC
:105FB0005A30626D32F8132002F00F02564301335B
:105FC000B4F858209BB29A42A4F85A3005D894F8F5
:105FD00064501DB10023A4F85A3001253846FFF75C
:105FE000C6FB314604F15000FFF782FD45B920465B
:105FF000FFF778FF4FF0FF3104F16C00FFF70CFD65
:106000004FF00000F8BD1D46E8E73830FDF767BAED
:106010002DE9F04FB0F906A087B01D46AA45109BA8
:10602000049304460E46174600F38980B0F90A909F
:10603000A945C0F28480B0F90830049A9B1ABB428B
:106040000593B4BF059B07F1FF33002B48DD90F8A3
:106050003420002A5BD190F8351000295FD1394AED
:10606000DFF8E8E003928C466FF07F4294F81080EE
:1060700035483649B8F1000F08BF0146AA4553D04C
:106080000AF10100A84251D009F1FF30A8424FD0D7
:10609000A94508BF61460498B4F90480A8EB00083C
:1060A00028EAE87083465B4544DAAA4518DAA94530
:1060B00016DDB8F1000FA4BF46F8202006EB8000E3
:1060C000059AA8BFC0F804E0BA4209DA03F1804398
:1060D000013B039A46F8232006EB8303C3F804C070
:1060E000237C43B9049B00933A462B46314604F186
:1060F0007800FDF788FA049B10933A462B46314608
:1061000004F1380007B0BDE8F04FFDF77CBA0F4A44
:10611000DFF830E0039200226FF07F4CA6E70B49D6
:10612000DFF820E00391F7E71146B4E77146B2E7E4
:106130000399B0E746F82B100BF1010BB3E707B05A
:10614000BDE8F08F40404000C0C0C00080808000AB
:106150002DE9F74FDDE90C5617469846C3806B1EB4
:106160003B440381731E9DF83820C16243448780FD
:1061700043818581C6810274044600F13809D0F854
:1061800030B08A46FEF740FD4346CDE900B03A46BE
:1061900051464846FDF726FBB4F94630F61AB4F9E5
:1061A0004430ED1A06EBD67605EBD57508EB6602A2
:1061B000002307EB65014846FEF708FC012148462D
:1061C000FDF7C9F904F17806E76AB4F93C50B4F96F
:1061D0003E40FEF719FD013501346FF07F43019019
:1061E00000933946304623462A46FDF7FBFA012143
:1061F000304603B0BDE8F04FFDF7ADB92DE9F74FDC
:106200000C9E81801D46013B0B440381731E134489
:10621000C28043818581C68104460F46904600F1C5
:106220003809D0E90BABFEF7EFFC4346CDE900B0EF
:106230003A4651464846FDF7D5FAB4F94630F61AC3
:10624000B4F94430ED1A06EBD67605EBD57508EBBC
:106250006602002307EB65014846FEF7B7FB012104
:106260004846FDF778F904F17806E76AB4F93C503E
:10627000B4F93E40FEF7C8FC013501346FF07F43AE
:10628000019000933946304623462A46FDF7AAFA84
:106290000121304603B0BDE8F04FFDF75CB9F8B519
:1062A0000D46C16AA94204463BD02846E9F798FF4B
:1062B000B0B304F13806304600222946FDF738FB1A
:1062C000B4F94630B4F90E20B4F90C10B4F9040056
:1062D000B4F90670D21AB4F94430C91A02EBD2727A
:1062E00001EBD171002300EB610107EB6202304644
:1062F00004F17806FEF76AFB002229463046FDF7D6
:1063000017FBB4F93E20B4F93C10002301310132EF
:106310003046FEF75BFB23680021DB6C2046984784
:10632000E562F8BD026B8A4210B504460CD00163E9
:10633000012338300022FDF7F6F823682046DB6C95
:10634000BDE810400021184710BD2DE9F04104467A
:1063500000F1380738460E46FDF79EFAB4F946308C
:10636000B4F90E20B4F94410B4F90600D21AB4F905
:106370000C305B1AB4F9041003EBD37502EBD27244
:1063800000EB6202002301EB6501384604F1780559
:10639000FEF71CFB31462846FDF77EFAB4F93E2095
:1063A000B4F93C1028460023BDE8F0410132013128
:1063B000FEF70CBB2DE9F041044600F138073846E2
:1063C0000E46FDF7E0F8B4F94630B4F90E20B4F902
:1063D0004410B4F90600D21AB4F90C305B1AB4F9BF
:1063E000041003EBD37502EBD27200EB62020023C0
:1063F00001EB6501384604F17805FEF7E7FA31460E
:106400002846FDF7C0F8B4F93E20B4F93C10284600
:106410000023BDE8F04101320131FEF7D7BA03682D
:1064200070B55B6C04469847054690B9216B0246EF
:10643000012304F13800FDF776F8236820469B6CB1
:1064400001219847236829462046DB6CBDE870404F
:10645000184770BD036810B55B6C0446984790B14F
:10646000236820469B6C0021984704F138000649B8
:1064700001230022FDF757F823682046DB6CBDE8B6
:1064800010400021184710BD8080800090F8342013
:106490008A4205D0036880F83410DB6C002118476D
:1064A0007047C0E908128362704710B40346D0E910
:1064B000080428B121469A6A5DF8044BFFF733B807
:1064C0002CB1986A194623465DF8044B18475DF8CD
:1064D000044B704770B50446052925D8DFE801F064
:1064E000030D2424031A012380F835302368204645
:1064F000DB6CBDE87040002118470025016B80F877
:10650000355001232A463830FDF70DF82046FFF7B5
:10651000CCFFEBE70025016B80F8355001232A46BC
:106520003830FDF700F8E1E770BD70470B4B0C4ABF
:1065300010B51A6200240B4A1C625A620A4A5C6255
:106540001A6180221C615A614FF0FF325C619A61CE
:106550009C61FFF7EAFF204610BD00BF00380240F3
:106560000FC8E210317917009F10600038B50E4B4C
:106570001A784FF47A73B3FBF2F30C4A05461068AD
:10658000B0FBF3F000F0A8F8044658B90F2D09D875
:10659000024629464FF0FF3000F05EF8044B2046DB
:1065A0001D6038BD0120FCE744000020DC00002015
:1065B0004800002008B50B4B1A6842F400721A60BC
:1065C0001A6842F480621A601A6842F480721A6093
:1065D000032000F02FF80F20FFF7C8FF0BF0B8FDE5
:1065E000002008BD003C0240034A044B11681B78A0
:1065F0000B441360704700BF18E0002044000020E7
:10660000014B1868704700BF18E0002038B50446F9
:10661000FFF7F6FF631C1CBF054B1B78054618BF30
:10662000E418FFF7EDFF431BA342FAD338BD00BFC8
:10663000440000200749CA6822F4E0620302120401
:1066400003F4E063120C134343F0BF6343F40033DD
:10665000CB60704700ED00E0164B30B5DC68C4F34A
:106660000224C4F10703251D042B28BF0423062D93
:106670004FF0FF358CBF033C002405FA03F321EAF9
:106680000303A54022EA0502A340002843EA0203CF
:10669000ACBF00F16040084A4FEA0313B8BF00F0F6
:1066A0000F00DBB2AABF00F56140135480F800333D
:1066B00030BD00BF00ED00E014ED00E0002807DB76
:1066C000044A4109012300F01F00834042F82130B1
:1066D000704700BF00E100E00138B0F1807F0BD2CD
:1066E0004FF0E023054A5861F02182F82310002082
:1066F000072298611A6170470120704700ED00E0A1
:10670000036810B5084C0246D9B210391820B1FB05
:10671000F0F0205CD06523F47F7020F003005F2947
:1067200088BF0430906510BD7427030870B5044617
:10673000FFF766FF0546002C60D0022384F8353051
:106740002268002384F83430136823F001031360B7
:1067500022681368D8072ED413683248A1691840FC
:10676000D4E901352B43E5682B4325692B43656943
:106770002B43E5690B432B43256A2B430343606A94
:10678000042802BFD4E90B5635432B4313605369E9
:10679000042823F0070343EA000335D1A06AE56A21
:1067A00003438DB391B9012820D030F002012BD1E1
:1067B000E90129D51DE0FFF723FF401B0528C7D9B4
:1067C00020230320636584F8350070BDB1F5005FB8
:1067D00016D1032818D801A151F820F0F367010859
:1067E000B1670108F3670108ED670108B5F1C07FE3
:1067F0000AD140236365012384F835300120E4E7A2
:106800000228F6D90328D3D053612046FFF778FF3A
:10681000E26D3F239340836000200123606584F88C
:106820003530D2E73F8010F070B590F83440866D77
:10683000012C30D0012480F8344090F83540012CF0
:106840004FF0000425D1022580F8355044650468D6
:10685000256825F48025256063608368402B0EBF82
:10686000A260A160E260C26D08BFE1603F23934077
:10687000B360236843F016032360036C1BB12368E5
:1068800043F008032360236843F0010323600020E2
:1068900070BD80F834400220FAE770B50446866D7A
:1068A000FFF7AEFE94F83530022B054606D0802364
:1068B00063650120002384F8343070BD23681A68B2
:1068C00022F016021A605A6922F080025A61226C84
:1068D0000AB9A26C1AB11A6822F008021A601A6882
:1068E00022F001021A602368186810F0010007D135
:1068F000E26D3F239340B360012384F83530D9E73C
:10690000FFF77EFE401B0528EDD920230320636599
:1069100084F83500CEE790F83530022B03D0802381
:106920004365012070470268052380F835301368FD
:1069300023F001031360002070470000F7B5002327
:1069400001935C4B856D1F68C36D2E6808229A40C9
:10695000324204460CD001680868400708D5086830
:1069600020F004000860AA60626D42F001026265D6
:1069700001229A40324208D021684969090641BF84
:10698000AA60626D42F00202626504229A403242BD
:1069900008D021680968880741BFAA60626D42F08B
:1069A0000402626510229A40324210D023681968AE
:1069B00009070CD5AA601A68500337D51B6819035C
:1069C00001D4236C00E0A36C0BB120469847E16D25
:1069D00020228A4032423AD023681868C60636D54B
:1069E000AA6094F83520052A1A6827D122F01602E9
:1069F0001A605A6922F080025A61226C0AB9A26CAC
:106A00001AB11A6822F008021A603F238B40AB606B
:106A1000012384F83530002384F83430236D002BB3
:106A200045D0204603B0BDE8F04018471A68D205AB
:106A30005EBF1A6822F008021A60C2E7500327D529
:106A40001B68190331D4636C0BB120469847636D02
:106A50006BB3636DDA0719D522684FF41653B7FB91
:106A6000F3F7052384F83530136823F0010313602E
:106A7000019B0133BB42019302D81368DB07F7D4B3
:106A8000012384F83530002384F83430E36CC6E702
:106A90001A6812F4807208D1196821F01001196087
:106AA000012384F8353084F83420E36BCCE703B05D
:106AB000F0BD00BFDC000020406D70472DE9F74FAE
:106AC000DFF880915D4A00230D6801249C4004EAB0
:106AD0000506AC4340F0A3804D68032705F003048E
:106AE0004FEA430807FA08FC671E012F6FEA0C0CF7
:106AF00034D8876807EA0C0ECF6807FA08F747EA28
:106B00000E078760476827EA060EC5F300179F4007
:106B100047EA0E074760C76807EA0C0E8F6807FA56
:106B200008F747EA0E07022CC76019D14FEAD30ACB
:106B300000EB8A0A03F0070BDAF820704FEA8B0BA0
:106B40004FF00F0E0EFA0BFE27EA0E0E0F6907FA32
:106B50000BF747EA0E07CAF8207001E0032CDAD1E0
:106B6000076804FA08F407EA0C073C4315F4403FB1
:106B7000046054D000240194D9F8444044F4804483
:106B8000C9F84440D9F8444023F0030707F180478F
:106B900004F4804407F59C37019403F0030C019C36
:106BA000D7F808E04FEA8C0C0F2404FA0CF42EEA14
:106BB000040E234CA04239D004F58064A04237D0A3
:106BC00004F58064A04235D004F58064A04233D03F
:106BD00004F58064A04214BF0724042404FA0CF4D2
:106BE00044EA0E04BC609468F74315F4801F0CBFA0
:106BF0003C4034439460D46815F4001F0CBF3C4003
:106C00003443D460546815F4003F0CBF3C40344317
:106C100054601468ED0354BF3C40344314600133A6
:106C2000102B7FF451AF03B0BDE8F08F0024D5E7FF
:106C30000124D3E70224D1E70324CFE7003C01403D
:106C4000000002400038024000690840003818BFC8
:106C5000012070470AB1816170470904FBE70168B0
:106C60004B6913F480634FF0000210D06FF480631F
:106C70004B612023026380F83D3080F83E20036C96
:106C800080F83C2043F00403036401207047184659
:106C900070472DE9F84606460F4691461D464FEAD5
:106CA000114A3368BAF1010F39D15C6927EA04044B
:106CB000A4B2B4FA84F46409A14501D0002024E010
:106CC0006A1CEFD0FFF79CFC089BC01AA84201D8B1
:106CD000002DE6D1BAF1010F336818D15B6927EABC
:106CE00003039BB2B3FA83F35B099945D9D100231F
:106CF0002022336386F83D2086F83E30326C86F8D9
:106D00003C3042F0200232640120BDE8F8869B69E5
:106D1000DB43C3F3400383F00103DBB2E5E79C6987
:106D2000E443C4F3400484F00104E4B2C4E72DE971
:106D3000F04104460F46164698462568686927EADA
:106D4000000080B2C0B16B695A0517D52B6843F4B7
:106D500000732B606FF480636B6120220023236338
:106D600084F83D2084F83E30236C43F00403236410
:106D7000002384F83C300120BDE8F081731CDDD095
:106D8000FFF73EFCA0EB0800B04201D8002ED4D1A2
:106D900023685A6927EA020292B2002ACDD0002362
:106DA0002022236384F83D2084F83E30236C134373
:106DB000DDE770B504460D46164623685B691B0681
:106DC00001D500201EE02046FFF749FFC8B96A1C24
:106DD000F3D0FFF715FC801BA84201D8002DECD1A1
:106DE00023685B6913F08003E7D12022236384F8D2
:106DF0003D2084F83E30226C84F83C3042F0200282
:106E00002264012070BD00002DE9FF479A46036807
:106E100015461A6842F480621A601A68DDE90C7837
:106E200042F480721A600E463B46CDF80080002284
:106E30004FF001110446FFF72CFF236838B11B689F
:106E4000DB0544BF4FF400732364032021E05FFAA5
:106E500086F906F0FE061E612A4943463A46204658
:106E6000FFF765FFA0B9236803905A6903929B69F5
:106E70000393424639462046039BFFF79AFF58B1D9
:106E8000236C042B01BF2268136843F40073136062
:106E9000012004B0BDE8F087BAF1010F23681AD1D0
:106EA000EDB242461D6139462046FFF782FF024699
:106EB0000028E5D121680B6843F480730B602046FD
:106EC000CDF800803B464FF00111FFF7E2FE22684B
:106ED00060B11368B4E72A0A1A613946424620466F
:106EE000FFF767FF0028CBD12368D9E749F00103FA
:106EF00004491361204643463A4604B0BDE8F047D2
:106F0000FFF715BF0200010070B504460D46164696
:106F100023685B695B0701D500201EE02046FFF770
:106F20009EFEC8B96A1CF3D0FFF76AFB801BA8421B
:106F300001D8002DECD123685B6913F00403E7D17D
:106F40002022236384F83D2084F83E30226C84F8AC
:106F50003C3042F020022264012070BD70B504462E
:106F60000D46164621684B6913F0400301D00020FE
:106F700011E04A69D2060FD56FF010024A61202253
:106F8000236384F83D2084F83E30236C236400237F
:106F900084F83C30012070BDFFF732FB801BA84213
:106FA00001D8002DDED123685B6913F04003D9D1ED
:106FB0002022236384F83D2084F83E30236C134361
:106FC000E4E7000070B5044608B9012070BD90F8F0
:106FD0003D3003F0FF021BB980F83C200AF0ECFDC5
:106FE000242384F83D3023681A6822F001021A60D5
:106FF0001A6842F400421A601A6822F400421A60C9
:1070000001F020FE3F4B65689D4294BF3E4B3F4BD5
:1070100098428CBF00230123002BD6D12268394E21
:1070200051683B4BB0FBF3F321F03F011943B542EC
:10703000516088BF4FF49676116A88BF734321F080
:107040003F0184BF4FF47A76B3FBF6F301330B4371
:107050001362D169431E2B4821F44F41854221F030
:10706000FF0132D86D0040F6FC70B3FBF5F301333D
:10707000034242D0C3F30B031943D161D4E9073073
:107080001168034321F0C0010B4313609168D4E9F8
:10709000030321F40341034321F0FF010B439360F9
:1070A000D4E90530D168034321F0FF010B43D360DD
:1070B000136843F00103136000202023206484F848
:1070C0003D30206384F83E0080E7A06850B905EBAE
:1070D0004505B3FBF5F30133C3F30B037BB143F475
:1070E0000043C9E719206843B3FBF0F30133C3F34E
:1070F0000B0323B143F44043BEE70423BCE7012361
:10710000BAE700BFA08601007F841E00FF083D0093
:1071100040420F002DE9F043044685B098460C9F8D
:107120000D469146FFF76CFA94F83D30202B064649
:1071300004D00225284605B0BDE8F08300905E49E2
:10714000192301222046FFF7A4FD0028F1D194F86D
:107150003C30012BEDD02168012384F83C300B68D2
:10716000DA075EBF0B6843F001030B600B6823F482
:1071700000630B60212384F83D30102384F83E30F7
:1071800000232364A4F82A80638D23854B4BE3629C
:10719000E36AC4F82490082B04D0012B02D013F525
:1071A000803F04D10B6843F480730B6002E0236BD3
:1071B000122BF7D0002200963B464FF001112046DB
:1071C000FFF767FD226840B11368DB0501D4012594
:1071D000B0E74FF400732364F9E72369B3F5804FF8
:1071E00021D105F0FE051561354933463A46204662
:1071F000FFF79DFD05460028E9D1236803905A69F1
:1072000003929B690393039B238DF3B921680A685A
:1072100042F400720A60202284F83D2084F83C3059
:1072200084F83E3086E7EB1103F0060343F0F003E9
:107230001361244933463A462046FFF778FD00287B
:10724000C5D12368EDB21D61CEE7324639462046EE
:10725000FFF7AFFD40B1236C042BB8D1226813684F
:1072600043F400731360B2E7636A20681A4612F8A9
:10727000011B01616262628D013A92B26285228DC8
:10728000D0F814C0511E89B21CF0040F21850AD019
:1072900049B15978016102336362638D013B9BB24E
:1072A000023A63852285324639462046FFF72CFE96
:1072B0000028A9D0CFE700BF020010000000FFFFA8
:1072C00002000100080001002DE9F043044689B0E6
:1072D0009846109F0E469146FFF792F994F83D307C
:1072E000202B054604D00226304609B0BDE8F083C5
:1072F00000909949192301222046FFF7CAFC002873
:10730000F1D194F83C30012BEDD02168012384F8B1
:107310003C300B68DB075EBF0B6843F001030B607A
:107320000B6823F400630B60222384F83D301023A4
:1073300084F83E3000232364A4F82A80638D2385DB
:10734000864BE362E36A0A68C4F8249042F48062E0
:10735000082B0A6004D0012B02D013F5803F04D122
:107360000B6843F480730B6002E0236B112BF7D0A2
:107370003B46009500224FF001112046FFF789FCA3
:10738000236838B11B68DD0544BF4FF400732364E4
:107390000126A9E72269B2F5804F25D146F0010602
:1073A000F6B21E616E492B463A462046FFF7BFFCF7
:1073B00006460028ECD1238D2168002B49D103908B
:1073C0004B6903938B690393039B0B6843F400732E
:1073D0000B60238D002B64D1202284F83D2084F89B
:1073E0003C3084F83E307FE74FEAE61808F00608A4
:1073F00048F0F0021A615B492B463A462046FFF7F7
:1074000096FC0028C4D123685549F6B21E613A465D
:107410002B462046FFF78BFC02460028B8D1236894
:10742000079059690791996907910799196841F47B
:1074300080711960204600953B464FF00111FFF71F
:1074400028FC226808B113689DE748F0F103136136
:10745000A8E7012B0AD10B6823F480630B6004902A
:107460004B6904938B690493049BAEE7022B0B6872
:107470000DD123F480630B600B6843F400630B6051
:1074800005904B6905938B690593059BA1E743F430
:1074900080630B6006904B6906938B690693069B8D
:1074A00097E7032B62D8012B16D12A46394620468E
:1074B000FFF754FD00287FF46BAF23681A69636AF5
:1074C0001A70636A01336362238D013B2385638DE8
:1074D000013B9BB263857CE7022B234900953B4629
:1074E0004FF0000220461AD1FFF7D3FB00287FF4AB
:1074F0004FAF23681A6842F400721A601A69636A0F
:107500001A70626A531C6362238D013B2385638D6D
:10751000013B9BB2638523681B695370D1E7FFF77A
:10752000B8FB024600287FF433AF2368196821F4C2
:10753000806119601969636A1970636A0A490133C5
:107540006362238D013B2385638D013B9BB2638581
:10755000204600953B46C7E7020010000000FFFFF1
:107560000200010008000100040001002A4639461B
:107570002046FFF7F3FC00287FF40AAF23681A695E
:10758000636A1A70628D616A013A92B24B1C62851D
:1075900022686362238D5069013B9BB240072385BB
:1075A0007FF517AF032B02BF136823F480631360CA
:1075B00013694B7085E700BFF7B50F4611460022EF
:1075C000019290F83D20202A044602D0022003B008
:1075D000F0BD454A106846F2A812B0FBF2F019223D
:1075E00050430190019A013A0192019A52B9202325
:1075F000226384F83D3084F83E20236C43F020035E
:107600002364E3E72568AA699007EBD494F83C204B
:10761000012ADBD0012284F83C202A68D2075EBF11
:107620002A6842F001022A602A6822F400622A6075
:10763000212284F83D200026102284F83E20266472
:107640006385638D294AE2629BB261622385676428
:10765000002B3AD0606BA8B1254AC263254AC264A8
:10766000C0E910668664066505F11002FFF7DCF8D4
:10767000B0B1202384F83D3084F83E60236C43F0A1
:10768000100307E0202384F83D3084F83E00236C8B
:1076900043F080032364002384F83C30012096E704
:1076A000236884F83C005A6842F440725A605A6871
:1076B00042F400625A601A6842F480621A601A68E2
:1076C00042F480721A60002081E72A6842F48062E6
:1076D0002A602A6842F480722A6084F83C306B6821
:1076E00043F4E0636B60EEE7DC0000200000FFFF86
:1076F000F77B0108B37B010873B5044600200190B5
:1077000094F83D00202802D0022002B070BD454808
:1077100046F2A8150068B0FBF5F019256843019002
:10772000019801380190019850B92023206384F812
:107730003D3084F83E00236C43F020032364E3E7EC
:107740002568A8698607EBD494F83C000128DBD0B3
:10775000012084F83C002868C0075EBF286840F01C
:1077600001002860286820F400602860222084F846
:107770003D000026102084F83E0026646385638D5A
:107780002948E0629BB2626223856164002B3AD093
:10779000A06BA8B12549C1632549C164C0E9106641
:1077A0008664066505F11001FFF73EF8B0B12023AD
:1077B00084F83D3084F83E60236C43F0100307E00A
:1077C000202384F83D3084F83E00236C43F080038E
:1077D0002364002384F83C30012096E723681A686C
:1077E00042F480621A601A6842F480721A6084F867
:1077F0003C005A6842F440725A605A6842F400628F
:107800005A60002081E784F83C306B6843F4E06301
:107810006B602B6843F480632B602B6843F48073A8
:107820002B60EEE7DC0000200000FFFFF77B010883
:10783000B37B01082DE9F043044687B09946109FB9
:107840000D469046FEF7DCFE94F83D30202B0646B0
:1078500004D00225284607B0BDE8F083009079499E
:10786000192301222046FFF714FA0028F1D194F8D9
:107870003C30012BEDD02068012384F83C300368B4
:10788000DB075EBF036843F001030360036823F472
:1078900000630360222384F83D30402384F83E30A7
:1078A000002323640E9B6362BDF83C306385638DC7
:1078B0002385654BE3622946CDE900764B46424677
:1078C0002046FFF7A1FA054608B10125C2E7228D3F
:1078D0002368A2B902905A6902929A690292029AA6
:1078E0001A6842F400721A60238D002B2CD12022DA
:1078F00084F83D2084F83C3084F83E30AAE7012A21
:107900000AD11A6822F480621A6003905A690392BD
:107910009A690392039AE3E7022A0ED11A6822F4C5
:1079200080621A601A6842F400621A6004905A6910
:1079300004929B690493049BD6E705905A690592CB
:107940009B690593059BCFE7032B56D8012B15D1D7
:10795000324639462046FFF701FB0028B5D123689F
:107960001A69636A1A70636A01336362238D013B8B
:107970002385638D013B9BB26385B5E7022B3349B9
:1079800000963B464FF00002204619D1FFF781F9DF
:1079900000289AD123681A6842F400721A601A69A2
:1079A000636A1A70626A531C6362238D013B2385EC
:1079B000638D013B9BB2638523681B695370D2E7DB
:1079C000FFF767F9024600287FF47FAF2368196844
:1079D00021F4806119601969636A1970636A1B492F
:1079E00001336362238D013B2385638D013B9BB291
:1079F0006385204600963B46C8E732463946204616
:107A0000FFF7ACFA00287FF460AF23681A69636A55
:107A10001A70628D616A013A92B24B1C62852268CB
:107A20006362238D5069013B9BB2400723857FF53C
:107A30005BAF032B02BF136823F4806313601369E9
:107A40004B7090E7020010000000FFFF04000100EF
:107A50002DE9FF4704461F4689469246FEF7D0FDB2
:107A600094F83D30202B054603D0022004B0BDE839
:107A7000F08700904A49192301222046FFF709F9AF
:107A80000028F2D194F83C30012BEED0012384F889
:107A90003C3023681A68D2075EBF1A6842F00102C0
:107AA0001A601A6822F400621A60242384F83D30B8
:107AB00000263C4B266409F0FE09E3622268136845
:107AC00043F4807313604FF001113B460095002290
:107AD0002046FFF7DEF8236838B11B68DB0544BF9A
:107AE0004FF4007323640320C0E7C3F81090FEF73F
:107AF00087FD2268536952690546C3F34003C2F308
:107B000080224FF0A00894F83D10A02901D0134323
:107B10001DD020684FF0200884F83D80436913F0A1
:107B2000020F036843F40073036025D0002303931E
:107B30004369039383690393039B194900951923B0
:107B400001222046FFF7A5F888B101208EE7FEF755
:107B500057FD401BB84200D80FB984F83D80226819
:107B600053695269C3F34003C2F38022CBE784F820
:107B70003D8084F83C0079E76FF4806343610849F5
:107B80000095192301222046FFF783F80028DCD155
:107B90000136564592D384F83D8084F83C00D4E702
:107BA000020010000000FFFF7047704770477047E9
:107BB000704710B5846B636B0BB10022DA63A36B63
:107BC0000BB10022DA63FEF777FF022812D0226899
:107BD000136823F48063136000232022638584F8F4
:107BE0003D2084F83E30236C43F01003236420468C
:107BF000FFF7DEFF10BD70B5846B236894F83D106D
:107C000094F83E00E26A5D6825F440755D60656B3E
:107C1000C9B2C0B20DB10026EE63A56B0DB100264E
:107C2000EE6301F02105212D05D001F02205222D62
:107C300023D1202821D15A6822F400625A602929D0
:107C40004FF0000363850DD121232363282384F89B
:107C50003D302046FFF7A9FF2268536843F4407384
:107C6000536070BD2A29F7D122232363282384F887
:107C70003D302046FFF79AFFEEE794F83E100029CA
:107C8000EFD0618D89B2012902BF196821F48061AA
:107C90001960596812F5803F21F44071596006D08F
:107CA000082A04D0B2F12A4F01D0202A03D1196842
:107CB00041F400711960596821F480515960596884
:107CC00021F40061596000236385236C1BB12046B9
:107CD000FFF76EFFC5E7202184F83D1094F83E10B1
:107CE00084F83E30402904D123632046FFF75FFF2C
:107CF000B7E7082A01D0202A05D1002323632046B4
:107D0000FFF752FFADE71223F8E7F7B5044610B3CB
:107D100090F89534056803F0FF021BB980F89424AD
:107D20000AF036FD0323B5F1A04F84F8953404BF63
:107D30000023A371206804F07DF9237C8DF80030C6
:107D4000251D95E80E00206804F0BAF8014630B110
:107D5000022384F895340125284603B0F0BD20683D
:107D600004F06EF90028F3D1267904F114030127F9
:107D70000246C1B28E4203F124031BD8002104F550
:107D800015730A46C8B2864203F1240320D8237C27
:107D90008DF8003095E80E00206804F0CDF9054616
:107DA0000028D5D101236074206884F8953404F04C
:107DB000F8FCD1E723F80A0C43E9072203F8237CF7
:107DC00003F8241C03F8202C43F8142C0130D0E7CE
:107DD00043E9072203F8232C03F8240C03F8202C92
:107DE00043F8142C0131CDE710B50446006894F82F
:107DF0009434012B15D0012384F89434C3685B06B6
:107E000006D5637B012B02BF836B43F4803383630E
:107E100004F00AF9206804F0B6FC002084F8940409
:107E200010BD0220FCE710B590F89424012A044606
:107E30000AD0012280F894244174006804F093FC75
:107E4000002084F8940410BD0220FCE770B50546BC
:107E5000242401F00F0011F0800F00FB04F414BF84
:107E600004F1140104F5157105EB040615BF491959
:107E700049190124002414BF747586F85542C2F3D1
:107E80000A028A604A7808700B7102B14883022B9B
:107E900004BF00234B7195F89434012B09D00123C2
:107EA000286885F8943404F00CFA002085F89404CE
:107EB00070BD0220FCE701F00F02242311F0800FB7
:107EC00002FB03F310B514BF03F1140103F51571A0
:107ED000044618BF091918440BBF091901230023D0
:107EE000437508BF80F855320A7094F89434012B1A
:107EF00009D00123206884F8943404F021FA00208A
:107F000084F8940410BD0220FCE738B515462424FB
:107F100001F00F02544304F515710444C4E9985369
:107F2000002384F8553284F85422C4F868328279E8
:107F3000012A014408BFC4F87052006804F0ACFA8A
:107F4000002038BD01F00F01242303FB0100D0F80D
:107F50006802704738B51546242401F00F025443D7
:107F600004F114010444C4E908530023A36201236B
:107F70006375227582799A42014408BF25630068BF
:107F800004F08AFA002038BD38B5037901F00F05F6
:107F9000AB4204462BD311F0800F4FF024031DD0C9
:107FA0006B4303F114010344012201445A75012378
:107FB0008B700D7094F894249A421AD0206884F83B
:107FC000943404F07CFB2DB9A179206804F29C4222
:107FD00004F036FC002084F8940438BD4B4303F5CC
:107FE000157103440022014483F85522DFE7012084
:107FF000F3E70220F1E738B5037901F00F0293426D
:10800000044625D3242311F0800F02FB03F314BF91
:1080100003F1140103F51571184415BF0919091965
:10802000012300234FF0000514BF437580F855323B
:108030008D700A7094F89434012B0BD001232068C2
:1080400084F8943404F066FB84F89454284638BDD0
:108050000120FCE70220FAE701F00F03242253433A
:108060000A064CBF03F1140103F5157101440068C1
:1080700004F0BCB92DE9F04F066889B004463046DB
:1080800004F0CBFB0390002840F05481206804F0FA
:1080900096FB002800F04E81D6F808382068C3F31C
:1080A0000D23C4F8D43404F08AFB2368870742BF49
:1080B0005A6902F002025A61184604F080FBC006B9
:1080C00006F500652DD52268936923F010039361AE
:1080D000D6F8208008F4F013B3F5802F08F00F07CE
:1080E00040F02B8147F6F07318EA030F14D02423D5
:1080F00003FB0747C8F30A19D7F860124A4630460F
:1081000004F0BCFAD7F860324B44C7F86032D7F8B5
:1081100068324B44C7F868322268936943F0100311
:108120009361206804F04BFB010300F11981206882
:1081300004F045FB42030CD5206804F04CFB2746B5
:10814000049006F5106B4FF0000A049B002B40F0E2
:10815000D181206804F033FB002813DA6B6823F028
:1081600001036B6094F8CC34012B40F06B8200214A
:1081700084F8CC14204600F0E8FA2268536903F032
:1081800000435361206804F01AFB07050AD5AB6869
:10819000D80702D520460AF06BFB2268536903F426
:1081A00000635361206804F00AFBC10433D56B6897
:1081B000206823F001036B60102103F071FF207928
:1081C00006F510634FF67F31039A904200F23E822B
:1081D000EB6943F00113EB61E37B002B00F052826B
:1081E000D5F8843043F00B03C5F884306B6C43F052
:1081F0000B036B64D6F80038206823F4FE63C6F8DE
:10820000003804F29C42A17904F01AFB22685369F9
:1082100003F480535361206804F0D1FA820416D528
:10822000206804F0FEFA206804F040F8E071276846
:1082300000F002FDE2790146384603F085FE204653
:108240000AF003FB2268536903F40053536120686A
:1082500004F0B5FA030707D520460AF0F2FA2268BF
:10826000536903F008035361206804F0A8FA070675
:1082700000F11382206804F0A2FAC0020CD5A046D7
:1082800006F5126901272379BB4200F21F8222689A
:10829000536903F480135361206804F090FA81025B
:1082A0002BD594F804E0234606F532614FF0010C1B
:1082B000E6451DD993F87C720868012F40F01C82B6
:1082C000002880F21982D4F8D42482EA1040C20730
:1082D00000F1128283F87B72B06940F08000B061D7
:1082E0007069000600F108826B6843F400736B60EC
:1082F0002268536903F400135361206804F05FFAA5
:10830000410007D520460AF0D7FA2268536903F0E6
:1083100080435361206804F052FA42070AD523686B
:108320005D686B0702D520460AF0CAFA22685368D6
:108330002B43536009B0BDE8F08FB3F5402F7FF4B5
:10834000EBAE082204F29C41304604F097F9242356
:1083500003FB0747C8F30A18D7F868324344D9E645
:10836000206804F030FA06F530680490A246002731
:10837000049B002B3FF4DBAE049BDB0779D55FFA4F
:1083800087FB2068594604F02EFA10F0010F814651
:108390001FD020680123C8F8083094F806C0016C8B
:1083A00000F5306303EB4713BCF1010F9A6840F00E
:1083B0008B8012F0080F07D0B048814209D912040F
:1083C00007D54FF4004203E012F0200F5AD02022CC
:1083D0009A6019F0080F21D00823C8F808302368E4
:1083E000A6491A6C03F5306303EB47138A42986879
:1083F00004D9010444BF4FF4004098602046059220
:108400000AF008FA059A9D498A4207D9A1790129FB
:1084100004D1206804F29C4204F012FA19F0100F03
:108420001CBF1023C8F8083019F0020F14D073696C
:108430001A0642BF6B6843F480636B609AF8573248
:10844000012B06D100238AF85732594620460AF0FC
:108450002BFA0223C8F8083019F0200F1CBF202384
:10846000C8F8083019F4005F1CBF4FF40053C8F877
:108470000830049B5B080137049308F120080AF1D7
:10848000240A75E7DFF8F4C1614501D9120498D4D4
:108490001A69DAF87432C2F312029B1ACAF8683207
:1084A0006FB9D4F864222AB904F29C42012104F085
:1084B000C7F904E0D4F860221A44C4F8602259468F
:1084C00020460AF0ADF984E7DFF8B4C1614507D171
:1084D00011043FF576AF9006F1D520229A60EEE7C1
:1084E000002FECD1D4F86432002BE8D104F29C4286
:1084F0003946DCE7049BDB0740F19B805FFA8AF397
:1085000020680793194604F077F910F0010F8046B0
:1085100020D06B6B01210AF00F0201FA02F223EA6C
:1085200002036B63CBF80810A17901290DD1D7E9BB
:10853000072313443B62BAF1000F06D1636A23B9E3
:10854000206804F29C4204F07BF95FFA8AF120462D
:108550000AF06FF918F0080F1CBF0823CBF8083099
:1085600018F0100F1CBF1023CBF8083018F0400F84
:108570001CBF4023CBF8083018F0020F10D0514632
:10858000304603F08DFDFB7D012B06D10023FB75EA
:108590005FFA8AF120460AF08BF90223CBF8083003
:1085A00018F0800F45D0D7E909329A4241D8A3EBA1
:1085B0000208FB6921680591984528BF984601F596
:1085C000106308F1030803EB4A134FEA9808069377
:1085D000069B996989B24145D7E9093227D393426D
:1085E0000BD8059B0AF00F00D3F8342801218140F5
:1085F00022EA0102C3F834281BE0A3EB0209FB695D
:10860000079A0598994528BF9946A3790093396A36
:108610001FFA89F303F02CFF3B6A4B443B62BB6AB1
:1086200009F103084B444FEA9808BB62D0E7934234
:10863000D7D9049B5B080AF1010A049324370BF194
:10864000200B82E520460AF02BF996E599601A681E
:1086500022F400121A60C3F80812D3F8002222F4A0
:108660000012C3F80022D3F8002242F00062C3F8DF
:108670000022039A013203922033A5E50A30544FB9
:108680000A31544F6B6943F4005343F02B036B6181
:108690002B6943F00B032B61ACE5B36923F0800336
:1086A000B361012704F257284FF024092379BB4214
:1086B0007FF6E0AD09FB07F318F80330012B03D177
:1086C000F9B22046FFF7C8FC0137EFE798F83C30D5
:1086D000D9F80020012B09D1002A07DA67F07F01C1
:1086E00088F83B30C9B22046FFF7B6FC013708F1E5
:1086F000240809F12009C6E50CF1010C24332031CE
:10870000D6E500BF006870B5436A120419B9134377
:108710008362002070BD846A4E1E03EB1443002464
:10872000A64205D83F3100EB810013434360F0E7D8
:1087300004F1400500EB850501346D6803EB15433A
:10874000EEE7036800205962704770472DE9F34156
:10875000044640B30368DE0710D423689D075BD44A
:108760002368190700F19D8023685A0700F1BD8036
:10877000A369002B40F0248100202CE08D4B9A68E7
:1087800002F00C02042A07D09A6802F00C02082AB0
:108790000BD15B68590208D5864B1B689A03DCD560
:1087A0006368002BD9D1012015E06368814DB3F5D2
:1087B000803F13D12B6843F480332B60FDF720FFFB
:1087C0007C4E054633689B03C7D4FDF719FF401B59
:1087D0006428F7D9032002B0BDE8F081B3F5A02FDB
:1087E00004D12B6843F480232B60E3E72A6822F44A
:1087F00080322A602A6822F480222A60002BDDD190
:10880000FDF7FEFE06462B689F03A6D5FDF7F8FE92
:10881000801B6428F7D9DDE7664B9A6812F00C0FCD
:1088200007D09A6802F00C02082A11D15B685D0239
:108830000ED4604A1368990702D5E368012BB2D1C0
:108840001368216923F0F80343EAC103136087E743
:10885000E268594BB2B101221A60FDF7D1FE554DC5
:1088600006462B689B0707D52B68226923F0F8037F
:1088700043EAC2032B6073E7FDF7C2FE801B0228A8
:10888000EFD9A7E71A60FDF7BBFE4A4E05463368ED
:108890009F077FF565AFFDF7B3FE401B0228F6D9B1
:1088A00098E76269444B82B10122C3F8802EFDF73C
:1088B000A7FE404E0546736F9B073FF555AFFDF78A
:1088C0009FFE401B0228F6D984E7C3F8802EFDF7EF
:1088D00097FE384E0546736F9F077FF545AFFDF74E
:1088E0008FFE401B0228F6D974E7324B1A6C12F047
:1088F000805228D101921A6C42F080521A641B6C8B
:1089000003F080530193019B01272C4D2B68D80560
:108910001BD5A368274D012B27D12B6F43F00103F3
:108920002B67FDF76DFE234E054641F28838336F05
:108930009A0739D5002F3FF41BAF1E4A136C23F062
:108940008053136414E70027DFE72B6843F4807338
:108950002B60FDF755FE06462B68D905D9D4FDF7E7
:108960004FFE801B0228F7D934E7052B04D12B6F6B
:1089700043F004032B67D0E72A6F22F001022A6735
:108980002A6F22F004022A67002BCAD1FDF738FEB5
:1089900041F2883806462B6F9B07CBD5FDF730FE9A
:1089A000801B4045F7D915E7FDF72AFE401B4045DF
:1089B000BDD90FE700380240000047420070004078
:1089C000374DAA6802F00C02082A3ED0022B354B24
:1089D0004FF000021A662BD1FDF712FE06462B68F7
:1089E00099011FD4D4E907321343626A43EA821320
:1089F000E26A43EA0263A26A5208013A43EA024386
:108A00006B60284B264D01221A66FDF7F9FD0446DE
:108A10002B689A013FF5B0AEFDF7F2FD001B02286E
:108A2000F6D9D7E6FDF7ECFD801B0228D7D9D1E6B1
:108A3000FDF7E6FD04462B689B017FF59DAEFDF733
:108A4000DFFD001B0228F6D9C4E6012B3FF4ABAED4
:108A50006B68E26903F4800191427FF4A4AE216A5D
:108A600003F03F028A427FF49EAE616A47F6C0720D
:108A70001A40B2EB811F7FF496AEA26A520803F44B
:108A80004031013AB1EB024F7FF48DAEE26A03F060
:108A90007063B3EB026F14BF012000209BE600BFA0
:108AA0000038024000004742134908B58B6803F0C4
:108AB0000C03042B1CD0082B1CD14A684B68496856
:108AC00013F4800314BF0D480D48C1F3881118BF7B
:108AD000002302F03F02A1FB0001E8F7EDF8064B8E
:108AE0005B68C3F3014301335B00B0FBF3F008BDE7
:108AF0000248FCE70248FAE70038024040787D016E
:108B00000024F4002DE9F0410D46044610B901207F
:108B1000BDE8F081434B1A6802F007028A4228D36D
:108B200021688F072DD4C80740D43E4B1A6802F045
:108B30000702AA4265D8226851076BD4130707D5EC
:108B4000394A2169936823F4604343EAC10393607F
:108B5000FFF7AAFF344B354A9B68C3F30313D35C7A
:108B6000D840334B1860334B1868FDF7FFFC0020EA
:108B7000CEE7CAB21A701B6803F007038B42C6D156
:108B8000CEE7294B11F0040F1EBF9A6842F4E05261
:108B90009A600E0742BF9A6842F460429A609A68EF
:108BA000A06822F0F00202439A60BCE762681E4BA4
:108BB000012A1CD11B6813F4003FA8D01A4EB368D9
:108BC00023F003031343B360FDF71AFD41F2883825
:108BD0000746B368626803F00C03B3EB820FA4D0BE
:108BE000FDF70EFDC01B4045F3D9032090E7911E11
:108BF00001291B6802D813F0007FDEE713F0020F93
:108C0000DBE7EAB21A701B6803F00703AB427FF49C
:108C10007EAF90E70449E0688B6823F4E053034398
:108C20008B608BE7003C024000380240D42B0308E5
:108C3000DC00002048000020014B1868704700BF8E
:108C4000DC000020044B054A9B68C3F38223D35CFD
:108C5000034A1068D840704700380240CC2B030804
:108C6000DC000020044B054A9B68C3F34233D35C0D
:108C7000034A1068D840704700380240CC2B0308E4
:108C8000DC000020036813F0050FF7B5044638D167
:108C900023689A0730D500230193474B474D1A6C40
:108CA00042F080521A641B6C03F080530193019BC5
:108CB0002B6843F480732B60FDF7A2FC06462B68FB
:108CC000D80549D53C4D2B6F13F440734AD1236925
:108CD00003F44072B2F5407F374A64D1916823F0C3
:108CE000704021F4F81120F4407001439160116F3D
:108CF000C3F30B030B43136723681B0757D40020F0
:108D000028E02F4B2C4E00229A66FDF779FC054691
:108D100033681B0118D4D4E902231B0743EA8213EA
:108D200062681343C6F88430254B234E01229A66AD
:108D3000FDF766FC054633681F01A9D4FDF760FC0A
:108D4000401B0228F7D904E0FDF75AFC401B02281B
:108D5000DED9032003B0F0BDFDF752FC801B0228D2
:108D6000ADD9F6E7226902F440729342AFD02B6F7F
:108D7000134A0121C2F8401E23F440730021C2F8B7
:108D8000401E2B672B6FD907A1D5FDF739FC41F2A7
:108D9000883706462B6F9A0799D4FDF731FC801B64
:108DA000B842F7D9D5E7916821F4F8119EE7054B51
:108DB000227DC3F8E021A2E70038024000700040A5
:108DC000000047420010474270B5424CFDF718FCC6
:108DD000236843F00103054623602368980759D5AB
:108DE000236843F080032360FDF70AFC0023A3609F
:108DF000384C054641F28836A36813F00C0F50D169
:108E0000FDF7FEFB236823F450232360314C054615
:108E1000236899034BD4FDF7F3FB236823F0807399
:108E200023602C4C054623689A0146D4FDF7E8FBE5
:108E3000236823F080632360264C054623681B01CA
:108E400041D4254B636003F1E053C4F88430E368F8
:108E5000224A23F4F853E360E36823F40053E36009
:108E6000E36843F41F03E360E36843F40013E36043
:108E7000636F23F001036367636F43F0807363677D
:108E8000174B1A60174B1868FDF770FB003818BFB6
:108E9000012005E0FDF7B4FB401B02289DD903200B
:108EA00070BDFDF7ADFB401BB042A5D9F7E7FDF75C
:108EB000A7FB401B6428ABD9F1E7FDF7A1FB401BE2
:108EC0000228B0D9EBE7FDF79BFB401B0228B5D980
:108ED000E5E700BF00380240103000040024F40031
:108EE000DC00002048000020836B1A68D36B43F439
:108EF0008073D363704700002DE9F043154687B0B7
:108F000004461F460A4641B9836B43F00063A363DE
:108F10000126304607B0BDE8F08390F83430012BCD
:108F20005FFA83F86FD100218163C06DEB19834232
:108F300003D9A36B43F00073E9E72668206C032391
:108F400084F83430F162F36B43F44A7343F0020364
:108F5000F3632E4BC3632E4B8160C0E9133101686C
:108F60000B684FEA472923F0C0030B604FEA9903CF
:108F700006F18001FDF758FC2368064660B1DA6B04
:108F800022F49572DA63234A9A63A36B43F0804319
:108F9000A36384F83480BBE71F4AC2F88C85626CF7
:108FA000012A4FF0FF32CDE900294FF090014FF038
:108FB0000202CDE902124FF000004FF00102CDE9AC
:108FC00004026946184618BF6D0202F07AFC012FB0
:108FD000206812D982232363294602F06DFD002800
:108FE00097D023680B4A9A63A36B0343A3630123BF
:108FF00084F83430002323638AE7812323632946DE
:1090000002F041FDEBE7022683E700BF379101083C
:1090100065950108FF054000008025422DE9F041DB
:109020000F4686B0044611461E4647B9836B43F08F
:109030000063A3630127384606B0BDE8F08190F8CD
:109040003430012B6CD100228263C06D8B198342B6
:1090500003D9A36B43F00073EBE72068314D032382
:1090600084F83430C262C36B43F4067343F00203E6
:10907000C363E36BDD632C4DC3E91352636C012BB7
:1090800018BF4902012E11D9A023236302F046FD27
:109090002268054678B1254B9363A36B0343A36312
:1090A000012384F8343000232363C3E79023236330
:1090B00002F01BFDECE7E06B1D4B01684FF001086F
:1090C000C3F88C85402383600B6823F0C00343F012
:1090D000400376020B6080323946B308FDF7A4FBEB
:1090E000074620687FB1C36B23F4067323F00203A5
:1090F000C3630E4B8363A36B43F08043A36384F885
:109100003480256396E74FF0FF33CDE9003669469A
:109110009023CDE90235CDE9045802F0D2FB8AE76D
:10912000022788E7E98E010865950108FF054000E0
:1091300000802542704710B5846B236B822B09D1C8
:10914000206802F005FD28B1A36B0343A36320460A
:10915000FFF7F0FF2368DA6A22F00802DA6240F2D1
:109160003A529A63012384F8343000232363204663
:1091700008F0D7FB10BD0000426E0346900F30B5DB
:109180000870C2F383604870C2F301608870C2F354
:109190000740C870C2F30720D2B208714A719A6EB4
:1091A000100DC880C2F303400872C2F3C030487289
:1091B000C2F380308872C2F34030C872C2F300300C
:1091C000087300204873586C00286AD1D86E40F6A6
:1091D000FC7404EA820242EA90720A61C0F3C2623D
:1091E0000A75C0F302624A75C0F342528A75C0F331
:1091F0008242CA75C0F3C2320A760C690A7E02F056
:1092000007020232013494405C650D7A012205F0B8
:109210000F05AA409A65520A6243DA654FF400725C
:109220001A66C0F380324A76C0F3C61200F07F009F
:109230008A76C8761B6FDA0F0A77C3F341724A77D2
:10924000C3F382628A77C3F38352CA77C3F340526F
:1092500081F820200020C3F3004281F8210081F82A
:109260002220C3F3C03281F82320C3F3803281F877
:109270002420C3F3403281F82520C3F3003281F863
:109280002620C3F3812281F82720C3F30122C3F3F0
:10929000460381F8282081F82930012381F82A30FB
:1092A0001BE001280FD1D86E120402F47C1242EAAE
:1092B00010420A610A69013292025A65DA654FF476
:1092C00000729A65AAE71A68044991639A6B0120B3
:1092D00042F080529A6383F8340030BDFF054000AD
:1092E000F0B5002599B0CDE9095576230B950C937F
:1092F0000AAB044693E807008DE80700CDE907555F
:10930000744F206807AB0ECB02F09BFA0126C7F81A
:10931000A050206802F0B9FA0220C7F8A060FDF75B
:1093200075F92068069502F0DFFA054690B92068C5
:1093300002F086FD30B12068A56402F0D5FA98B13C
:10934000054607E0A6642068002102F034FC70B1F5
:109350004FF08055012384F83430A36B2B43A36373
:109360000125284619B0F0BDA36C012BEBD00021DC
:109370004FF6FE7614E0206802F01DFC054600283A
:10938000E8D15549206802F0BDFC0028E0D129460B
:10939000206802F093FA069B01330546C10F06933D
:1093A000069BB34201D80029E5D0069BB34211D8F1
:1093B000C5F38075012320686564ADF8163002F0AE
:1093C00068FA50B94FF08061012384F83430A36B00
:1093D0000B43C4E74FF08075BCE7636C032B44D0AC
:1093E000206802F041FC01460028EDD1206802F01F
:1093F00065FA04216067206802F060FA0821A0671E
:10940000206802F05BFA0C21E067206802F056FA4F
:10941000636CC4F88000032B206826D00DF1160180
:1094200002F0CAFC01460028CED1636C2068032BF1
:109430001BD0BDF816102165090402F02BFC014673
:109440000028C1D1206802F039FA04216066206842
:1094500002F034FA0821A066206802F02FFA0C21ED
:10946000E066206802F02AFA20670421206802F0F2
:1094700025FA000DE0640DA92046FFF77DFE0546A4
:1094800028BB226D03461204206802F07BFB0146D4
:10949000002899D104F1100393E807008DE8070034
:1094A000231D0ECB206802F0CCF920684FF4007128
:1094B00002F0D0FA00283FF454AF2368074A9A63B9
:1094C000A36B0343A363012384F8343048E74FF0D0
:1094D000805179E700802542000010C1FF0540005F
:1094E00010B5044608B9012010BD90F8343003F0DF
:1094F000FF0213B9027708F009FD032384F8343022
:109500002046FFF7EDFE0028EDD10123A063206384
:1095100084F83430E8E7436C0B60836C4B60C36CB9
:109520008B60036DCB60436D0B61836D4B61C36DCD
:109530008B61036ECB6100207047016D10B509048B
:109540000446006802F050FB014628B9206802F08A
:10955000B5F9C0F3432010BDA36B0343A363002000
:10956000F7E7000010B5846BFDF7A6FA022826D0B5
:10957000236C5A6DE36B012A5B6D01D0012B1BD16B
:1095800023680F4A9A63DA6B22F49D72DA63A36B45
:1095900043F08043A3632046FFF7CFFF053801283F
:1095A00005D8206802F0D4FAA36B0343A363012318
:1095B00084F83430002323632046FFF7BBFD10BD41
:1095C000FF05400010B5846B236840F23A529A635D
:1095D0002046FFF7B2FF0123053884F83430012814
:1095E0004FF00003236305D8206802F0B1FAA36BA3
:1095F0000343A363A36B204613B908F08AF910BD97
:10960000FFF798FDFBE700002DE9F341056B0446E9
:109610000068436B1A041FD52B071DD5E76AC7B135
:10962000A66A351D06F12408206802F026F9030A0F
:1096300005F8040C05F8033C030C000E05F8023C89
:1096400005F8010C04354545EED12036203FA662D1
:10965000E76202B0BDE8F081436BDF0545D54FF40A
:1096600080738363C36B23F4434323F03A03C363E0
:10967000C36A2E0723F00103C3621BD515F0220F26
:1096800008D002F065FA28B1A36B0343A363204618
:10969000FFF750FD236840F23A529A63012384F8A1
:1096A0003430A9074FF00003236320461AD008F096
:1096B00038F9CEE72A06CCD5AB0608D502F048FA31
:1096C00028B1A36B0343A3632046FFF733FDAF0725
:1096D000BFD12268D36A23F00803D362012384F840
:1096E0003430204608F019F9B3E7436B5E0426D501
:1096F000290724D5676A002FABD0266A351D06F1ED
:10970000240815F8043C019315F8032C206843EA5B
:109710000223019315F8022C43EA0243019315F842
:10972000012C01A943EA02630435019302F0A8F871
:109730004545E6D12036203F2662676289E7426BC5
:1097400040F23A231A4284D0436B9A0742BFA36B7C
:1097500043F00203A363436B1B0742BFA36B43F0B9
:109760000803A363436B9F0642BFA36B43F0200330
:10977000A363436BDE0642BFA36B43F01003A363F6
:10978000436B990542BFA36B43F00803A36340F208
:109790003A738363C36B23F44E7323F00203C363F2
:1097A00002F0D6F9A36B2A0743EA0003A36308D5A6
:1097B000012384F83430002323632046FFF7BAFCEA
:1097C00047E72B067FF545AF15F0300F0DD0E06B66
:1097D000114B0365FDF79FF800283FF43AAFE06BAB
:1097E00002B0BDE8F041FFF7EDBE15F0030509D06A
:1097F000206C0A4B0365FDF78EF800283FF429AF73
:10980000206CEDE70123A563204684F834302563FE
:1098100008F07FF81DE700BFC595010821980108F1
:10982000FFF7D0BE82B000230093134B45F6C05221
:109830001B68B3FBF2F36422534301930368019A5C
:109840009AB9426D42F0400242651A6822F0400225
:109850001A605A6822F0E0025A60DB680093009BAD
:10986000072380F8513002B07047019A013A019203
:109870009A689207E3D5E8E7DC00002003685A689D
:1098800022F080025A601A6822F040021A60072310
:1098900080F85130704700002DE9F3471F46894694
:1098A00090460446FCF7ACFE0A9D3D442D1AFCF799
:1098B000A7FE264B1E68C6F3CB366E438246019642
:1098C0002268936839EA03030CBF01230023434550
:1098D00001D100202EE07B1CF3D0FCF791FEA0EB21
:1098E0000A00A84229D323685A6822F0E0025A608D
:1098F0006268B2F5827F0AD1A268B2F5004F02D049
:10990000B2F5806F03D11A6822F040021A60A26A91
:10991000B2F5005F07D11A6822F400521A601A6883
:1099200042F400521A60012384F85130002384F875
:109930005030032002B0BDE8F087019B1BB1019BB2
:10994000013B0193BCE71D46BAE700BFDC000020E5
:10995000F0B585B00B4600920E4617460221012253
:109960000446FFF799FF054628B1636D43F02003D5
:109970006365032515E0124B1868124BB0FBF3F03A
:109980004FF47A73584363680390B3F5827F0BD129
:10999000009733462A4680212046FFF77DFF0028A6
:1099A000E3D1284605B0F0BD039B002BF9D0039B03
:1099B000013B039323689B681B06F5D4F1E700BFC6
:1099C000DC00002000366E0137B50B464168B1F56A
:1099D000827F044608D0009201210022FFF75CFF3D
:1099E000D0B9002003B030BD8168B1F5004F02D07E
:1099F000B1F5806F07D125682868B1F5806F20F038
:109A00004000286004D00092802100222046E5E733
:109A1000009201210022F9E7636D43F020036365A2
:109A20000320DFE710B50446002855D0436A002B19
:109A30004ED14268B2F5827F00D0C3610023A36299
:109A400094F8513003F0FF0223B984F850202046E7
:109A500008F012FB2168A068A269022384F8513043
:109A60000B6823F040030B60636800F4044003F4C8
:109A700082730343E06800F400600343206900F050
:109A800002000343606900F00100034302F4007028
:109A90000343E06900F038000343206A00F08000CF
:109AA0000343A06A00F4005003430B60636A120C86
:109AB00003F0100302F004021A434A60CB6923F456
:109AC0000063CB6100200123606584F8513010BD34
:109AD0000023C0E90433B1E70120F8E72DE9F7439B
:109AE00004461F460D469046FCF78AFD94F8513017
:109AF000012B8146D8B240F09F80002D74D0B8F180
:109B0000000F71D094F85030012B00F095800323A2
:109B100084F8513000236365C4E91033A4F836801B
:109B2000A363A387E387A368266884F85000B3F58E
:109B3000004F2563A4F8348007D1336823F0400335
:109B40003360336843F4804333603368E2685B0614
:109B50005EBF336843F040033360B2F5006F636863
:109B600045D113B1B8F1010F07D135F8023BF360CD
:109B70002563E38E013B9BB2E386E38E9BB2D3B9B0
:109B80004A4639462046FFF7E3FE002851D1A36834
:109B900033B901932368DA6801929B680193019BB2
:109BA000012384F85130606D0023C01A84F85030CE
:109BB00018BF012018E022689368980705D5236B29
:109BC00033F8021BD1602363D3E7FCF719FDA0EB48
:109BD0000900B842D1D3791CCFD0012384F8513089
:109BE000002384F85030032003B0BDE8F08313B1A4
:109BF000B8F1010F08D12B783373236B0133236342
:109C0000E38E013B9BB2E386E38E9BB2002BB7D081
:109C100023689A68920703D5226B12781A73ECE7CF
:109C2000FCF7EEFCA0EB0900B842EDD37B1CEBD0B7
:109C3000D3E720236365AAE70220D5E72DE9F743A0
:109C400004460D4691461E46DDF82880FCF7D8FCF8
:109C500094F851306268012B0746D9B20AD0B2F5A8
:109C6000827F40F0E580A368002B40F0E18004296A
:109C700040F0DE80002D4BD0B9F1000F48D0002E0F
:109C800046D094F85030012B00F0D280012384F8A4
:109C9000503094F85130C4F83890042B1CBF052381
:109CA00084F8513000236365C4E910332368E687E4
:109CB000E6861968A687490658BF1968256358BF04
:109CC00041F04001A68658BF1960E168B1F5006F08
:109CD00055D10AB1012E07D135F8022BDA60E38E97
:109CE0002563013B9BB2E3860125E38E9BB28BB9D2
:109CF000E38F9BB273B93A4641462046FFF728FEF0
:109D0000002800F0818020236365002384F8503010
:109D1000012031E021688B689A070DD5E38E9BB254
:109D200053B145B1236B33F8022BCA602363E38E32
:109D3000013B9BB2E38600258A6812F001020CD039
:109D4000E38F9BB24BB1A36BC96823F8021BA363DB
:109D5000E38F013B9BB2E3871546FCF751FCC01B28
:109D60004045C2D3B8F1FF3FBFD0012384F8513042
:109D7000002384F85030032003B0BDE8F0830AB11B
:109D8000012E08D12A781A73236B01332363E38EE3
:109D9000013B9BB2E38601252DE0226893689B0777
:109DA0000ED5E38E9BB25BB14DB1236B1B78137361
:109DB000236B01332363E38E013B9BB2E3860025D3
:109DC0002268916811F001010DD0E38F9BB253B16D
:109DD000A36BD2681A70A36B0133A363E38F013BBB
:109DE0009BB2E3870D46FCF70BFCC01B404502D33A
:109DF000B8F1FF3FB9D1E38E9BB2002BCDD1E38FF9
:109E00009BB2002BC9D176E7A36833B901932368CD
:109E1000DA6801929B680193019B012384F8513019
:109E2000606D0023C01A84F8503018BF0120A3E7EA
:109E30000220A1E72DE9F7431E4690F85130012B8F
:109E4000044689461746DDB204D00225284603B0F1
:109E5000BDE8F0830029F9D0002AF7D04368B3F5B4
:109E6000827F0BD183684BB9042380F851301346AD
:109E700000960A46FFF7E2FE0546E7E7FCF7C0FB5F
:109E800094F85030012B8046DFD0A268C4F8389097
:109E90000123002584F85030B2F5004F4FF0040341
:109EA00084F85130C4E9105565652368E787A787B2
:109EB0002563A586E58607D11A6822F040021A605C
:109EC0001A6822F480421A601A6855065EBF1A6842
:109ED00042F040021A60E368F3B1E38F9BB2FBB13A
:109EE00023689A68D2073CD5DA68A36B23F8022B63
:109EF000A363E38F013B9BB2E387EEE723689A6895
:109F0000D0071ED5A26B1B7B1370A36B0133A36319
:109F1000E38F013B9BB2E387E38F9BB2002BEDD134
:109F2000424631462046FFF74FFD18BB012384F817
:109F30005130656D0023ED1A84F8503018BF0125AB
:109F400084E7FCF75DFBA0EB0800B042E4D3711C92
:109F5000E2D0012384F85130002384F850300325E7
:109F600074E7FCF74DFBA0EB0800B042B5D3731CBF
:109F7000B3D0EEE720236365D8E7000070B590F812
:109F80005130012B0446DDB250D1002936D0002AD1
:109F900034D090F85030012B48D0032380F8513052
:109FA00000234365C0E91033C28683638387C38778
:109FB00083688286B3F5004F026880F850500163D1
:109FC00007D1136823F040031360136843F4804300
:109FD0001360A06C164B0364164BC363164BC3642B
:109FE000E38E002606659BB20C32FCF71DFC38B1EF
:109FF000636D84F8506043F010036365284670BDBC
:10A0000023681A68520658BF1A684FF000055CBFF3
:10A0100042F040021A6084F850505A6842F0200220
:10A020005A605A6842F002025A60E7E70225E5E703
:10A030005DA30108A3A3010881A3010870B504462C
:10A0400090F851000128C5B208D06068B0F5827F51
:10A050006ED1A06800286BD1042D69D1002939D0B8
:10A06000002A37D0002B35D094F8500001285FD05B
:10A07000012084F8500094F85100A38604281CBFE6
:10A08000052084F8510000206065E386E387A387FC
:10A0900094F851302163042BC4E9100018BF2549FE
:10A0A000E06C12BF244B2549254BA263C0E90F3158
:10A0B000244B2168C364E38F002606659BB20C31F4
:10A0C000FCF7B2FB054638B1636D84F8506043F08D
:10A0D00010036365012070BD2268A06C5368216B7A
:10A0E00043F001035360E38EC0E90F55C0E91355F7
:10A0F0009BB20C32FCF798FB30B1636D84F8505082
:10A1000043F010036365E5E723681A6852065EBFF3
:10A110001A6842F040021A60002284F850205A68FF
:10A1200042F020025A605A6842F002025A60D2E7B6
:10A130000220D0E775A3010873A4010869A30108F0
:10A140000DA4010881A301082DE9F041134690F800
:10A150005120012A04460E46D5B260D1002945D0CF
:10A16000002B43D087685FB94268B2F5827F07D180
:10A17000042280F85120BDE8F0410A46FFF75EBF97
:10A1800094F85020012A4AD0012284F85020042259
:10A1900084F85120B7F5004F4FF000026265C4E922
:10A1A0001022E3872168A663A387A286E28607D1EF
:10A1B0000B6823F040030B600B6823F480430B60B3
:10A1C000E06C184B0364184BC363184BC364E38FF4
:10A1D000002707659BB232460C31FCF725FB40B1E6
:10A1E000636D84F8507043F0100363652846BDE842
:10A1F000F08123681A68520658BF1A684FF00005AC
:10A200005CBF42F040021A6084F850505A6842F035
:10A2100020025A605A6842F001025A60E6E70225BD
:10A22000E4E700BF69A301080DA4010881A30108A8
:10A230001FB5454B45F6C0521B68B3FBF2F36422D1
:10A2400053430193019B009303685A6822F0200254
:10A250005A605A68110604460AD53C4A4264009A7C
:10A26000002A59D1626D42F040026265019A009263
:10A270005A6852060AD5364A2264009A002A53D1F7
:10A28000626D42F040026265019A00925A6890073E
:10A2900014D5A06C90B100230365FCF7FEFA08B159
:10A2A0004023636523685A6822F002025A60009ACC
:10A2B000002A41D1626D42F0400262655A68D207BD
:10A2C00011D5E06C78B100230365FCF7E6FA08B11C
:10A2D0004023636523681A6822F040021A605A68B6
:10A2E00022F001025A600022E287E286616D402975
:10A2F00018BF62650292D968029199680291029929
:10A3000003929B680393039B14BF10460120012313
:10A3100084F8513004B010BD009A013A009294F8CC
:10A320005120072A9BD1A1E7009A013A009294F8A4
:10A330005120072AA1D1A7E7009A013A00929A6812
:10A340009107B4D5BAE700BFDC0000207D98010872
:10A3500025980108704770477047704708B5806BB3
:10A36000FFF7FBFF08BD704708B5806BFFF7FBFFE9
:10A3700008BD704708B5806BFFF7FBFF08BD70474D
:10A38000806B026808B5536823F003035360436D84
:10A3900043F010034365012380F85130FFF7EFFFCE
:10A3A00008BD37B50546846BFCF72AF92B681B6896
:10A3B000DB05024626D42368596821F02001596044
:10A3C000596821F00201596020466421FFF7C0FA64
:10A3D00018B1636D43F020036365A36833B901933B
:10A3E0002368DA6801929B680193019B0023E3864E
:10A3F000012384F85130636D23B12046FFF7BFFF7E
:10A4000003B030BD2046FFF7A5FFF9E738B5054694
:10A41000846BFCF7F5F82B681B68DB05024624D437
:10A420002368596821F020015960A168C9B96168A1
:10A43000B1F5827F15D1596821F00301596020469A
:10A440006421FFF7C1FA08B1202363650023E38785
:10A45000012384F85130636D3BB12046FFF78FFF35
:10A4600038BD596821F00101E8E72046FFF773FF86
:10A47000F6E738B50546846BFCF7C2F82B681B6815
:10A48000DB0502461ED421684B6823F020034B6095
:10A4900020466421FFF75CFA18B1636D43F0200396
:10A4A00063652268536823F0030353600023E38647
:10A4B000E387012384F85130636D1BB12046FFF719
:10A4C0005EFF38BD2046FFF747FFFAE7036A026ADE
:10A4D00022F0010270B50262446882690D6822F0C0
:10A4E00073022A438D6823F002032B430A4DA842CE
:10A4F0000BD1CD6823F008032B43D1E9055624F492
:10A500004074354323F004032C43446082614A685D
:10A510004263036270BD00BF00000140036A026A2B
:10A5200022F4807270B502624468C2690D6822F03C
:10A5300073022A438D6823F4007343EA05230B4D0D
:10A54000A8420DD1CD6823F4006343EA0523D1E985
:10A55000055624F44054354323F4806344EA05143B
:10A560004460C2614A68C263036270BD000001407A
:10A57000036A026A22F4805230B502624468C269FA
:10A580000D6822F4E64242EA05228D6823F4005366
:10A5900043EA0533064DA84202BF4D6924F48044C6
:10A5A00044EA85144460C2614A680264036230BDB3
:10A5B000000001407047704730B5034690F83E00F8
:10A5C00093F83F2093F8425093F84340C0B2D2B280
:10A5D000EDB2E4B2B9B9012844D1012D12D1022261
:10A5E00083F83E2083F842201B681A6A22F0010299
:10A5F0001A621A6A42F001021A621A6842F00102F3
:10A600001A60002030BD042911D1012A2AD1012C61
:10A6100028D1022283F83F2083F843201B681A6A5E
:10A6200022F010021A621A6A42F01002E4E70128CE
:10A6300018D1012AE6D1012DE4D1012CE2D1022268
:10A6400083F83E2083F83F2083F8422083F843209C
:10A650001B681A6A22F001021A621A6A42F00102A9
:10A660001A62DCE70120CDE7082910D004D841B1F7
:10A67000042909D0002070470C29FBD10368186C0D
:10A6800070470368586B70470368986B704703689E
:10A69000D86B70471D4A036890420ED0B0F1804FCE
:10A6A0000BD0A2F57C42904207D002F58062904226
:10A6B00003D002F58062904208D14A6823F070030B
:10A6C0001343CA6823F4407313430AE0104A9042CC
:10A6D000F7D002F580629042F3D002F5806290429A
:10A6E000EFD04A6923F0800313438A68C2620A6884
:10A6F0008262064A904204BF0A690263026842F01D
:10A7000004020260012242610360704700000140C0
:10A710000040014010B5044630B390F83D3003F0DE
:10A72000FF021BB980F83C2007F034FE02232068AA
:10A7300084F83D30211DFFF7ADFF012384F846303A
:10A74000002084F83E3084F83F3084F8403084F8AC
:10A75000413084F8423084F8433084F8443084F83F
:10A76000453084F83D3010BD0120FCE710B50446AB
:10A7700030B390F83D3003F0FF021BB980F83C2065
:10A78000FFF718FF0223206884F83D30211DFFF7F2
:10A7900081FF012384F84630002084F83E3084F89D
:10A7A0003F3084F8403084F8413084F8423084F8F7
:10A7B000433084F8443084F8453084F83D3010BD8F
:10A7C0000120FCE710B5044630B390F83D3003F0AB
:10A7D000FF021BB980F83C20FFF7EDFE0223206842
:10A7E00084F83D30211DFFF755FF012384F84630E2
:10A7F000002084F83E3084F83F3084F8403084F8FC
:10A80000413084F8423084F8433084F8443084F88E
:10A81000453084F83D3010BD0120FCE7F8B50D4609
:10A82000044600284CD090F83D3003F0FF021BB9DD
:10A8300080F83C2007F0EAFD2146022384F83D30F1
:10A8400051F8040B836823F4804323F007038360EB
:10A85000FFF720FF81682A688369AE69076A1143A0
:10A86000AA6823F4407323F0030342EA06221A4342
:10A870002B69EE691B0143EA0623EE6833432E6A17
:10A8800022F47C4222F0FC0243EA063313436E6951
:10A890006A68816027F0AA0742EA061283611743BB
:10A8A0000123076284F84630002084F83E3084F8A3
:10A8B0003F3084F8423084F8433084F83D30F8BDAE
:10A8C0000120FCE7036A026A22F0100270B50262FE
:10A8D000446882690D6822F4E64242EA05228D68E6
:10A8E00023F0200343EA05130B4DA8420DD1CD6898
:10A8F00023F0800343EA0513D1E9055624F44064AC
:10A90000354323F0400344EA8504446082614A6889
:10A910008263036270BD00BF0000014038B590F84B
:10A920003C30012B04464FD00120082A84F83C001B
:10A930003AD006D8BAB1042A26D0002384F83C3095
:10A9400038BD0C2AF9D12068FFF712FEC3690A69E5
:10A9500043F40063C361C36923F48063C361C369C3
:10A9600043EA02232EE02068FFF7B0FD83690A69FD
:10A9700043F008038361836923F0040383618369DF
:10A98000134383610020D8E72068FFF79BFF8369AA
:10A990000A6943F400638361836923F480638361FC
:10A9A000836943EA0223ECE72068FFF7B7FDC36938
:10A9B0000A6943F00803C361C36923F00403C36158
:10A9C000C3691343C361DDE70220B9E770B5056AC7
:10A9D000046A154E24F001040462B04284691ED05A
:10A9E000B0F1804F1BD0A6F57C46B04217D006F5DB
:10A9F0008066B04213D006F58066B0420FD006F5EF
:10AA00009A36B0420BD044F0010263F3071201F012
:10AA10000A0125F00A0319438261016270BD24F026
:10AA200003042243F1E700BF00000140F8B590F8AD
:10AA30003C30012B05460C4600F082800120082A9C
:10AA400085F83C005CD006D842B3042A36D00023F7
:10AA500085F83C30F8BD0C2AF9D12B68CE68186A0D
:10AA6000D1E90027196A21F480511962D9691203CA
:10AA700021F4407141EA072120F4204002F42042F1
:10AA800066F30F310243D9611A62DA69A16822F4D0
:10AA90004062DA61DA6942EA01224FE02868CB6855
:10AAA000D1E90012FFF792FF8369A26823F00C033B
:10AAB00083618369134383610020C8E72B68CE68F4
:10AAC000186AD1E90027196A21F010011962996901
:10AAD000120121F4407141EA072120F0A00002F0A8
:10AAE000A00266F30F31024399611A629A69A16864
:10AAF00022F440629A619A6942EA01229A61DBE794
:10AB00002B68E768186A1E6A26F48076D1E900216E
:10AB10001E62DE69120226F00306314320F4206033
:10AB200002F4206267F307110243D9611A62DA69FD
:10AB3000A16822F00C02DA61DA690A43DA61BBE744
:10AB4000022087E710B584680A4324F47F4442EA70
:10AB500003222243826010BD38B590F83C30012BAF
:10AB600004464FF0020000F08E8084F83D00012280
:10AB7000206884F83C20836823F47F4323F0770324
:10AB800083600B68602B4FD032D8402B64D016D82E
:10AB9000202B0DD00AD833F0100109D0012384F8FE
:10ABA0003D30002384F83C30104638BD302BF5D1C1
:10ABB000826822F07002134343F0070328E0502B11
:10ABC000ECD14A68CD68016A036A23F0010303628D
:10ABD000836921F00A0123F0F00343EA05130A43D5
:10ABE00083610262836823F0700343F057030FE030
:10ABF000B3F5805F0DD0B3F5005F0CD0702BCDD1D5
:10AC0000CB68D1E90121FFF79DFF836843F077030B
:10AC100083600022C2E7CB68D1E90121FFF792FFF0
:10AC2000836843F48043F3E7036A026A4D68C968A6
:10AC300022F010020262826923F0A00322F4704223
:10AC400043EA051342EA013282610362836823F01A
:10AC5000700343F06703DBE74A68CD68016A036A63
:10AC600023F001030362836921F00A0123F0F0035A
:10AC700043EA05130A4383610262836823F0700389
:10AC800043F04703C4E702468EE7036A10B501F0BC
:10AC90001F0101248C4023EA04030362036A8A40F3
:10ACA0001A43026210BD000008B529B990F83E3081
:10ACB000012B1DD001202EE0042907D190F83F3050
:10ACC000012BF7D1022380F83F3014E0082907D187
:10ACD00090F84030012BEDD1022380F840300AE09B
:10ACE00090F84130012BE5D1022380F8413002E099
:10ACF000022380F83E3000680122FFF7C6FF134BA5
:10AD0000984209D0B0F1804F0BD1836803F007035C
:10AD1000062B15D1002008BD436C43F40043436467
:10AD2000F3E70B4B9842F0D003F580639842ECD0E8
:10AD300003F580639842E8D003F59A339842E4D053
:10AD4000036843F001030360E4E700BF0000014033
:10AD500000040040FFF7A8BF38B500220446006891
:10AD60000D46FFF792FF184B98420DD1026A41F24F
:10AD700011131A4208D1026A40F244431A4202BF38
:10AD8000436C23F400434364026A41F211131A42F4
:10AD900008D1026A40F244431A4202BF036823F01A
:10ADA0000103036001231DB984F83E30002038BD43
:10ADB000042D02D184F83F30F8E7082D0CBF84F849
:10ADC000403084F84130F1E700000140FFF7C4BF94
:10ADD00008B5034689BB90F83E0093F84220C0B204
:10ADE0000128D2B256D1012A26D1022200293AD115
:10ADF00083F83E2083F8422018680122FFF745FFC0
:10AE0000254B984212D0B0F1804F0FD0A3F57C4370
:10AE100098420BD003F58063984207D003F5806316
:10AE2000984203D003F59A3398422ED1836803F0F9
:10AE30000703062B29D1002008BD042905D190F86D
:10AE40003F0093F84320C0B2CAE708290BBF90F82F
:10AE5000400093F8410093F8442093F845200CBF3C
:10AE6000C0B2C0B2BCE7042904D183F83F2083F804
:10AE70004320C1E708290BBF83F8402083F8412015
:10AE800083F8442083F84520B6E7036843F00103C4
:10AE90000360D0E70120CFE70000014038B5044649
:10AEA000006800220D46FFF7F0FE026A41F211131E
:10AEB0001A4208D1026A40F244431A4202BF0368B0
:10AEC00023F00103036001232DB984F83E3084F898
:10AED0004230002038BD042D04D184F83F3084F87E
:10AEE0004330F6E7082D0BBF84F8403084F841303A
:10AEF00084F8443084F84530EBE7000030B590F832
:10AF00003C30012B02464FF002002AD0136882F831
:10AF10003D005C680D68986824F070042C435C6008
:10AF2000104CA34212D0B3F1804F0FD0A4F57C4453
:10AF3000A3420BD004F58064A34207D004F58064DB
:10AF4000A34203D004F59A34A34204D1496820F007
:10AF50008000014399600123002082F83D3082F88F
:10AF60003C0030BD0000014090F83C30012B02460F
:10AF70001ED0CB68886823F440730343486823F4E9
:10AF800080630343086823F400630343086923F4E0
:10AF9000805303434869C96923F40053034323F4EE
:10AFA00080430B43116800204B6482F83C007047DB
:10AFB0000220704790F83C20012A18BF026803461F
:10AFC0001DBF0020116583F83C0002207047026815
:10AFD00002F10C0353E8003F23F490730C3242E873
:10AFE000003102680029F2D102F1140353E8003F56
:10AFF00023F0010302F1140C4CE800310029F3D1D5
:10B00000036B012B0BD102F10C0353E8003F23F03B
:10B01000100302F10C0C4CE800310029F3D120237D
:10B0200080F8423000230363704700000268C16863
:10B0300038B5136923F440530B4313610546836805
:10B040000069D168034368690343E86921F4164144
:10B0500021F00C0103430B43D3605369A96923F426
:10B0600040730B4353611F4B9A4203D003F5806337
:10B070009A4224D1FDF7F6FDEA691921B2F5004F95
:10B08000D5E90043A0FB01011CD1DA184FF00005FF
:10B0900045EB0503E5F710FE6422B0FBF2F102FB7D
:10B0A0001103DB003233B3FBF2F303F007025B0062
:10B0B00002EB011203F4F8731344A36038BDFDF7EB
:10B0C000C1FDD9E79A009B0FE5F7F6FD6422B0FBBE
:10B0D000F2F102FB11031B013233B3FBF2F303EB7A
:10B0E0000113EAE70010014010B5044648B390F898
:10B0F000413003F0FF021BB980F8402007F080FACE
:10B100002268242384F84130D36823F40053D360A9
:10B110002046FFF78BFF23681A6922F490421A61D8
:10B120005A6922F02A025A61DA6842F40052DA605F
:10B1300000202023606484F8413084F8423060634A
:10B1400010BD0120FCE7000070B50446134694F8DA
:10B150004120202AD5B22ED1C9B1C3B1002221206D
:10B16000E384626484F84100A06B144E2162A384DE
:10B17000C663134E0664134EC0E91362226804329C
:10B18000FBF752FB28B11023636484F8415001207F
:10B1900070BD23686FF040021A60226802F1140348
:10B1A00053E8003F43F0800302F1140444E8003107
:10B1B0000029F3D1ECE70220EAE700BFA7B20108BB
:10B1C000F5B2010805B3010810B50446226802F182
:10B1D0000C0353E8003F23F4F0730C3242E80031D3
:10B1E00023680029F2D103F1140252E8002F22F063
:10B1F000010203F1140040E800210029F3D1226B81
:10B20000012A0BD103F10C0252E8002F22F01002A8
:10B2100003F10C0040E800210029F3D15A6912061D
:10B220001AD503F1140252E8002F22F0800203F134
:10B23000140040E800210029F3D1A06B60B1016542
:10B24000FBF72BFB40B1A06BFBF736FC202803D1AA
:10B2500010236364032010BD226853695B0616D572
:10B2600002F1140353E8003F23F0400302F11400FD
:10B2700040E800310029F3D1E06B40B10165FBF7F4
:10B280000CFB20B1E06BFBF717FC2028E0D000207E
:10B290002023E084E085606484F8423084F8413003
:10B2A0002063D8E7704708B50346806B1B681B68AE
:10B2B00013F480731AD1C384026802F1140353E8B3
:10B2C000003F23F08003143242E800310268002975
:10B2D000F2D102F10C0353E8003F43F0400302F1C6
:10B2E0000C0040E800310029F3D108BDFFF7DAFF78
:10B2F000FBE7704708B5806BFFF7FBFF08BD7047A1
:10B300007047704708B5806B03685A6990F8411020
:10B31000212912D1120610D50022C28403F10C0299
:10B3200052E8002F22F0C00203F10C0C4CE800217F
:10B330000029F3D1202280F841205B6990F8422057
:10B34000222A05D15B0603D50023C385FFF73FFE04
:10B35000436C43F010034364FFF7D3FF08BD08B507
:10B36000806B0023C385FFF7CCFF08BD7047806B5F
:10B3700008B501234363036B012B04D1818D490878
:10B38000FFF7F4FF08BDFFF7BBFFFBE708B5034677
:10B39000806B1B681B6813F4807337D1C385026808
:10B3A00002F10C0353E8003F23F480730C3242E8AF
:10B3B000003103680029F2D103F1140252E8002F92
:10B3C00022F0010203F1140C4CE800210029F3D112
:10B3D00003F1140252E8002F22F0400203F1140C92
:10B3E0004CE800210029F3D1202280F84220026B92
:10B3F000012A0BD103F10C0252E8002F22F01002B7
:10B4000003F10C0C4CE800210029F3D10023436325
:10B41000036B012B03D1818DFFF7A8FF08BDFFF758
:10B420006EFFFBE790F84230222B07B542D18168CE
:10B430000268836AB1F5805F3ED1016900293ED17F
:10B440005268C2F3080223F8022B8362C38D013BCA
:10B450009BB2C385002B2DD10268D16821F0200159
:10B46000D160D16821F48071D160516921F001016E
:10B470005161202280F842204363026B012A026856
:10B4800027D1036302F10C0353E8003F23F01003BC
:10B4900002F10C0C4CE800310029F3D11368DB06F3
:10B4A00005D501911368019353680193019B818D28
:10B4B000FFF75CFF03B000BD39B9016929B95268D3
:10B4C000D2B21A70836A0133BFE7526802F07F027A
:10B4D000F7E7FFF714FFEDE703681A6873B516077F
:10B4E000D9685D69044608D1960668D58D0666D58B
:10B4F00002B0BDE87040FFF795BF05F0010001F410
:10B50000907505435BD0D60705D5CD0542BF636C6A
:10B5100043F001036364530704D518B1636C43F02F
:10B5200002036364960704D518B1636C43F0040307
:10B530006364150707D501F0200303431EBF636C46
:10B5400043F008036364636C002B32D0920604D589
:10B550008B0602D52046FFF765FF26687369626C8B
:10B5600003F0400302F0080253EA0205204622D00D
:10B57000FFF72DFD73695E0618D5226802F11403EA
:10B5800053E8003F23F04003143242E80031002921
:10B59000F3D1E06B50B1774B0365FBF7BCF940B1D9
:10B5A000E06B036D02B0BDE8704018472046FFF71E
:10B5B000A8FE02B070BDFFF7A4FE6564F9E7206B3A
:10B5C000012840F09B80D50640F19880C80640F1E4
:10B5D0009580002201921A6801925A680192019A9C
:10B5E0005969A28D490656D5E06B0168496889B250
:10B5F000002947D0914245D2C269E185B2F5807FEA
:10B6000036D003F10C0252E8002F22F4807203F1CD
:10B610000C0040E800210029F3D103F1140252E8A4
:10B62000002F22F0010203F1140040E8002100295C
:10B63000F3D103F1140252E8002F22F0400203F18B
:10B64000140040E800210029F3D1202284F8422090
:10B65000216303F10C0252E8002F22F0100203F1E3
:10B660000C0040E800210029F3D1E06BFBF715F94D
:10B6700002236363E38DA18DC91A89B22046FFF7C7
:10B6800075FE96E7914294D1C369B3F5807F90D15E
:10B6900002236363F2E7E18DE08D80B289B2002876
:10B6A00087D0511A89B2002983D003F10C0252E8E5
:10B6B000002F22F4907203F10C0545E800200028C9
:10B6C000F3D103F1140252E8002F22F0010203F13A
:10B6D000140545E800200028F3D1202284F84220F8
:10B6E000206303F10C0252E8002F22F0100203F154
:10B6F0000C0545E800200028F3D1C9E7160628D537
:10B700000D0626D594F84120212A7FF452AFA16876
:10B71000226AB1F5805F17D12169A9B932F8021BFD
:10B72000C1F3080159602262E28C013A92B2E284CC
:10B73000002A7FF43EAFDA6822F08002DA60DA682D
:10B7400042F04002DA6034E7511C216212785A60FC
:10B75000EAE750067FF52DAF4A067FF52AAFDA6893
:10B7600022F04002DA60202384F841302046FFF7BF
:10B7700099FD1EE75FB3010837B51346044682857D
:10B78000002281624264222084F84200E06B214D55
:10B79000C563214D0564214DC0E9135225680A4651
:10B7A000291DFBF741F838B110236364202384F886
:10B7B0004230012003B030BD236801901A68019225
:10B7C0005A680192019A22695AB103F10C0252E8B7
:10B7D000002F42F4807203F10C0444E80021002998
:10B7E000F3D103F1140252E8002F42F0010203F1F9
:10B7F000140444E800210029F3D103F1140252E8B3
:10B80000002F42F0400203F1140444E80021002913
:10B81000F3D1CFE78DB301086FB3010805B3010879
:10B8200070B490F84260202E06D141B13AB10024A4
:10B83000046370BCFFF7A0BF022070BC70470120FA
:10B84000FBE784B010B503AC84E80E000B46049906
:10B8500042680B4305990B4306990B4307990B4329
:10B860000899BDE8104022F4FD420B4322F07F020C
:10B870001343436004B000207047D0F88000704745
:10B880000B68C0F88030002070470323036000205D
:10B890007047006800F0030070470B6810B58360C4
:10B8A000D1E901342343CC68C268096923430B43BF
:10B8B0006FF30B021343C360002010BD14304058D7
:10B8C00070470B6810B543624B688362D1E902345C
:10B8D00023430C69C26A496923430B4322F0F702F0
:10B8E0001343C362002010BD10B5002386B0CDE91C
:10B8F0000133CDE9033301A94FF480630593044676
:10B90000FFF7CBFF0B4B4FF4FA521B68B3FBF2F37C
:10B9100041F2883253434BB1626B120603F1FF339D
:10B92000F9D5C523A363002006B010BD4FF0004039
:10B93000FAE700BFDC0000200346444810B5006869
:10B940004FF4FA54B0FBF4F04243002A49D0586B4C
:10B9500010F0450F07D0000505D45A6B540704D5E5
:10B960000420986310BD013AEFE75A6BD00703D566
:10B9700001229A630120F5E7C5229A631A69D2B2BF
:10B980009142F7D15B69324818400028EAD0002B79
:10B990002ADB5A002BD49C002BD4D9002BD41A01BB
:10B9A0002CD45C012DD4D9012ED41A022FD45C02E0
:10B9B00030D4990231D4DA0232D45C0333D49903FF
:10B9C00034D4DA0335D41C0436D4590437D49A0459
:10B9D00038D413F0080F0CBF4FF480304FF4000040
:10B9E000C0E74FF00040BDE74FF00070BAE74020DD
:10B9F000B8E78020B6E74FF48070B3E74FF40070EB
:10BA0000B0E74FF48060ADE74FF40060AAE74FF471
:10BA10008050A7E74FF40050A4E74FF48040A1E71F
:10BA20004FF400409EE74FF400309BE74FF4802036
:10BA300098E74FF4002095E74FF4801092E74FF419
:10BA400000108FE74FF480008CE700BFDC0000207F
:10BA500008E0FFFD30B587B010254023CDE9025343
:10BA6000019100224FF4806301A9CDE9042304462B
:10BA7000FFF713FF41F288322946204607B0BDE8A0
:10BA80003040FFF759BF30B587B011254023CDE9CD
:10BA90000253019100224FF4806301A9CDE90423F0
:10BAA0000446FFF7FAFE41F288322946204607B0E5
:10BAB000BDE83040FFF740BF30B587B012254023C6
:10BAC000CDE90253019100224FF4806301A9CDE931
:10BAD00004230446FFF7E1FE41F28832294620465E
:10BAE00007B0BDE83040FFF727BF30B587B0182555
:10BAF0004023CDE90253019100224FF4806301A954
:10BB0000CDE904230446FFF7C8FE41F288322946F6
:10BB1000204607B0BDE83040FFF70EBF30B587B014
:10BB200019254023CDE90253019100224FF480638F
:10BB300001A9CDE904230446FFF7AFFE41F28832A4
:10BB40002946204607B0BDE83040FFF7F5BE0000AB
:10BB500030B5002387B00C254022CDE90323CDE981
:10BB6000013501A94FF4806304460593FFF795FE64
:10BB7000034A2946204607B0BDE83040FFF7DCBE47
:10BB800000E1F50530B587B007254023CDE9025324
:10BB900001924FF48063002201A9CDE904230446F9
:10BBA000FFF77BFE41F288322946204607B0BDE808
:10BBB0003040FFF7C1BE30B587B037254023CDE90F
:10BBC0000253019100224FF4806301A9CDE90423BF
:10BBD0000446FFF762FE41F288322946204607B04C
:10BBE000BDE83040FFF7A8BE30B587B00D25402333
:10BBF000CDE90253019100224FF4806301A9CDE900
:10BC000004230446FFF749FE41F2883229462046C4
:10BC100007B0BDE83040FFF78FBE0000114B4FF476
:10BC2000FA511B68B3FBF1F341F2883102464B43F2
:10BC3000ABB1516B11F0450F07D0090505D4536B1B
:10BC40005B0704D5042090637047013BF0E7506B1D
:10BC500010F0010014BF0123C523936370474FF018
:10BC600000407047DC00002010B5002386B002229F
:10BC7000CDE90132C022CDE9032301A94FF480634D
:10BC800004460593FFF709FE204606B0BDE81040C4
:10BC9000FFF7C4BF10B586B00922C023CDE9022347
:10BCA00001914FF480630021CDE9041301A90446FA
:10BCB000FFF7F3FD204606B0BDE81040FFF7AEBF2A
:10BCC0000F4B4FF4FA511B68B3FBF1F341F288318B
:10BCD00002464B4383B1516B11F0450F0AD0090561
:10BCE00008D4506B10F0040015BF0420C5239063E6
:10BCF00093637047013BEDE74FF00040704700BF92
:10BD0000DC00002010B541F0004186B0292241F44A
:10BD100080114023CDE9022301914FF4806300217B
:10BD2000CDE9041301A90446FFF7B7FD204606B08C
:10BD3000BDE81040FFF7C4BF03461E4810B50068B9
:10BD40004FF4FA54B0FBF4F041F28834604358B336
:10BD50005C6B14F0450F07D0240505D4586B4407DD
:10BD600004D50420986310BD0138F0E7586BC00774
:10BD700003D501229A630120F5E71869C0B2814218
:10BD8000F9D1C52199635B6913F4604002D11B0CA2
:10BD90001380E8E75A040AD413F4004F0CBF4FF4A1
:10BDA00080304FF48050DEE74FF00040DBE74FF487
:10BDB0000050D8E7DC00002070B5002386B00326D1
:10BDC0004022CDE90323CDE901360D464FF48063CF
:10BDD00001A904460593FFF760FD2A463146204637
:10BDE00006B0BDE87040FFF7A7BF0000134B4FF44B
:10BDF000FA511B68B3FBF1F341F2883102464B4321
:10BE0000CBB1516B11F0450F07D0080505D4536B2A
:10BE1000590704D5042090637047013BF0E7506B4D
:10BE200010F0010002D0012393637047536B5B064F
:10BE300003D54023F8E74FF000407047DC000020B6
:10BE400010B54FF4D57286B00823CDE90123402107
:10BE50000023CDE903134FF4806301A90446059341
:10BE6000FFF71BFD204606B0BDE81040FFF7BEBF40
:10BE700082B0002302460193019B01330193019B91
:10BE8000B3F1706F1AD81369002BF5DA0A23019306
:10BE9000019B83B9136943F001031361019B0133D3
:10BEA0000193019BB3F1706F08D8106910F0010085
:10BEB000F4D102B07047019B013BE8E70320F8E7AB
:10BEC00084B038B505AD85E80E009DF81930012B1A
:10BED000044627D1836B23F480338363C36823F440
:10BEE000840323F04003C360C36823F44013C3609A
:10BEF0009DF82030012B02BFC36843F48013C36058
:10BF0000FFF7B6FF9DF81630012B07D1A36843F069
:10BF10000603A360A36843F02003A360BDE8384094
:10BF200004B07047C36843F04003C360FFF7A0FF4D
:10BF30009DF81D3023B9A36B43F48033A363E1E77D
:10BF4000A36B23F48033F9E7022A4AD1274B284A0E
:10BF50000B44934239D9274B274A0B44934236D995
:10BF6000264AA1F57403A3F51053934231D9244A0C
:10BF7000A1F18373A3F5E74393422CD3214B224ACB
:10BF80000B44934229D9214B214A0B44934226D397
:10BF9000204B214A0B44934223D3204AA1F1B7738B
:10BFA000A3F5585393421ED31D4B1E4A0B44934294
:10BFB0002CBF06230723C26822F47052C260C268F5
:10BFC00042EA8323C360002070470F23F3E70E2368
:10BFD000F1E70D23EFE70C23EDE70B23EBE70A2353
:10BFE000E9E70923E7E70823E5E700BF405327FF18
:10BFF000FF340C00401E1BFF3F420F007F4F12001A
:10C0000020D6130060B6E5FE5FE3160000D3CEFE37
:10C0100040771B00C05BB3FEC09121002075380043
:10C02000E05459FEE09C4100836843F001038360C3
:10C0300000207047836823F001038360002070476D
:10C0400038B5C368012923F0C04305460C46C360D8
:10C0500014D1C36843F00053C36000240A20FAF7E8
:10C06000D5FA6B69D90704F10A0402D4C82CF5D1BA
:10C07000C824A4F1C8035842584138BD71B9C368F7
:10C0800043F08043C3600A20FAF7C0FA6B69DA070D
:10C0900004F10A04EDD5C82CF5D1E9E70120ECE75D
:10C0A00082B0002302460193019B01330193019B5F
:10C0B000B3F1706F15D81369002BF5DA89010023ED
:10C0C00041F0200101931161019B01330193019B18
:10C0D000B3F1706F05D8106910F02000F4D102B0F0
:10C0E00070470320FBE782B0002302460193019BC7
:10C0F00001330193019BB3F1706F13D81369002BC7
:10C10000F5DA0023019310231361019B013301939E
:10C11000019BB3F1706F05D8106910F01000F4D1D5
:10C1200002B070470320FBE7D0F800381943C0F88D
:10C13000001800207047000084B02DE9F843044641
:10C1400009A880E80E0000239DF824609DF82E5079
:10C15000194603F1400204EB820201330F2B5160B8
:10C16000F7D104F50067002D6CD17B6843F0020322
:10C170007B60A36B43F40013A363A36B23F400233E
:10C18000A363A36B23F48023A3630023C4F8003EBE
:10C190009DF82930012B5FD19DF82710002959D136
:10C1A0002046FFF7C1FF10212046FFF779FF014627
:10C1B0002046FFF798FF0843C0B2002300383B61D8
:10C1C00018BF01207B6104F51062FB6119464FF036
:10C1D000904C4FF0006E4FF67F389E423ED80022C2
:10C1E00004F5306311464FF0904C4FF0006E4FF65F
:10C1F0007F38964245D83B6923F480733B61002326
:10C20000A3616FF0804363619DF826301BB9A36979
:10C2100043F01003A361A269234B1343A3619DF86C
:10C220002A301BB1A36943F00803A361012D01BFAC
:10C23000A36943F0804343F00403A361BDE8F843DE
:10C2400004B07047A36B23F40013A363A36B43F400
:10C25000002399E71946A3E70321A1E7D2F800904C
:10C26000B9F1000F0BDA3BB9C2F800E011610133FC
:10C27000C2F808802032B0E7C2F800C0F6E71160CB
:10C28000F4E7D3F80090B9F1000F0BDA3AB9C3F82C
:10C2900000E019610132C3F808802033A9E7C3F830
:10C2A00000C0F6E71960F4E700383C80D0F80838A1
:10C2B00013F0060004D013F0020F14BF02200F2069
:10C2C000704730B50C78012204F00F05AA404D7874
:10C2D000012D00F5006300EB441019D1DD692A43FC
:10C2E000DA61D0F800391A0410D48A68D0F80059FD
:10C2F000C2F30A030A792B4343EA824343EA845395
:10C3000043F0805343F40043C0F80039002030BDAF
:10C31000DC6944EA0242DA61D0F8003B1B04F5D440
:10C320008B68D0F8002BC3F30A0313430A7943EA5E
:10C33000824343F0805343F40043C0F8003BE5E7F9
:10C3400010B50A784978012900EB421300F5006026
:10C3500002F00F0222D1D3F8001900290BDAD3F82A
:10C36000001941F00061C3F80019D3F8001941F039
:10C370008041C3F80019C46B012101FA02F224EADA
:10C380000204C463C16921EA0202C261D3F8001940
:10C39000144A0A40C3F80029002010BDD3F8001B3E
:10C3A00000290BDAD3F8001B41F00061C3F8001B31
:10C3B000D3F8001B41F08041C3F8001BC46B4FF45D
:10C3C000803101FA02F224EA0204C463C16921EA5D
:10C3D0000202C261D3F8001B034A0A40C3F8002BD3
:10C3E000DAE700BF007833EC0078F3EF82B0002387
:10C3F0004A7801930B78012A4FEA43131ED100F5C6
:10C400001060C118C258002A02DB002002B0704739
:10C41000C25842F00062C250C25842F08042C2503C
:10C4200042F21072019B01330193019B934201D9A7
:10C430000120EBE70B68002BF4DBE6E700F530604A
:10C44000C118C258002AE0DAC25842F00062C25055
:10C45000C25842F08042C25042F21072019B013336
:10C460000193019B9342E3D80B68002BF6DBCCE7EA
:10C4700010B59DF8084044B9033301329B0800EB26
:10C48000023001EB8303994201D1002010BD51F825
:10C49000042B0260F7E700002DE9F7434B7891F891
:10C4A00000E091F804C0724C012B1746714B0A69E9
:10C4B00000EB4E1540F08D8005F5106642BB3269E9
:10C4C00013403361336943F40023336133692340FC
:10C4D0003361012F52D1CB6903B17361BCF1010FFC
:10C4E0000CD1D0F8083813F4807FD5F800390CBF90
:10C4F00043F0005343F08053C5F80039D5F80039B4
:10C5000043F00443C5F80039002003B0BDE8F083D0
:10C51000D6F8108008EA040434613469234033619A
:10C520008B68BEF1000F0DD193423CBF0B611A46E0
:10C53000336943F4002333613369C2F312041C43AB
:10C540003461C6E79C18013CB4FBF3F44A4BD6F8BF
:10C5500010801FFA84F903EAC44444EA0804BCF1D9
:10C56000010F3461E8D1336923F0C043336134698A
:10C570004FEA497303F0C0432343DCE7D5F80039A1
:10C58000BCF1010F43F00443C5F800390B690CD02E
:10C59000002BB9D0D0F834280EF00F0E012303FA87
:10C5A0000EF31343C0F83438AEE7D0F8082812F47D
:10C5B000807FD5F800290CBF42F0005242F0805233
:10C5C000C5F800290097C9689BB27246FFF750FF73
:10C5D0009AE7D5F8108B08EA0404C5F8104BD5F893
:10C5E000104B234005F5306633618B68BEF1000FB8
:10C5F00027D102B10B610B623269C3F312031343FB
:10C600003361336943F40023012F336102D1CB68D6
:10C6100003B17361BCF1010F0CD1D0F8083813F4E9
:10C62000807FD5F8003B0CBF43F0005343F08053AC
:10C63000C5F8003BD5F8003B43F00443C5F8003B88
:10C6400062E7002AD8D09C180B4AD6F810E0013CCB
:10C65000B4FBF3F4A4B202EAC442634342EA0E021A
:10C660000B6232613269C3F312031343CCE700BF9C
:10C670000000F8FFFFFF07E00000F81F70B500237F
:10C68000940800F5805502F00302A34204D301EBA5
:10C69000840132B9084670BD2E6841F82360013329
:10C6A000F3E700F5805000230468D80024FA00F076
:10C6B0005854013398B28242F7D15018EBE74A78C8
:10C6C0000B78012A00EB431012D1D0F80029002A80
:10C6D00006DB2BB1D0F8003923F08043C0F80039D5
:10C6E000D0F8003943F40013C0F800390020704737
:10C6F000D0F8002B002A06DB2BB1D0F8003B23F04A
:10C700008043C0F8003BD0F8003B43F40013C0F86E
:10C71000003BEBE70B784A7800EB43100B79012ADA
:10C72000A3F10203DBB20FD1D0F80029012B22F4D0
:10C730000012C0F8002905D8D0F8003943F0805322
:10C74000C0F8003900207047D0F8002B22F4001206
:10C75000012BC0F8002B9EBFD0F8003B43F0805364
:10C76000C0F8003BEEE7D0F8003823F4FE63C0F8D1
:10C770000038D0F80038090101F4FE611943C0F80F
:10C78000001800207047D0F8003E23F00303C0F8E3
:10C79000003ED0F8043823F00203C0F8043800202B
:10C7A0007047D0F8003E23F00303C0F8003ED0F8F5
:10C7B000043843F00203C0F804380020704742698F
:10C7C000806910407047D0F8183800F50060C069E3
:10C7D0001840000C7047D0F8183800F50060C069A8
:10C7E000184080B2704700EB411100F50060D1F8AD
:10C7F000082B406910407047D0F81028D0F8343822
:10C8000000EB411001F00F01CB4000F51060DB019F
:10C810008068DBB2134318407047406900F00100A4
:10C820007047D0F800396FF30A03C0F80039D0F828
:10C83000043843F48073C0F80438002070470000C7
:10C8400030B5056C104CA54200F5306303D9D0F823
:10C85000004B002C16DB00241C611C6944F40024EE
:10C860001C611C6944F018041C611C69012944F016
:10C87000C0441C6101BF5A61D0F8003B43F08023E3
:10C88000C0F8003B002030BD0A30544FD0F8D432FD
:10C8900000EB830010B5D0F8C0428CB1D0F8C432A0
:10C8A0001BB194F80002FF2801D1002010BD9B6845
:10C8B00094F8012221469847FF2384F80032F4E7D8
:10C8C0000320F3E70A23038000487047C8000020D4
:10C8D00070B5822106460F4800F06AFB012105462B
:10C8E0000C4800F065FB812104460A4800F060FB1B
:10C8F0000DB11022AA711CB1402222710022627176
:10C9000018B1402202710022427143230148338052
:10C9100070BD00BF4C000020FFF7DABF70B5822168
:10C9200006460F4800F044FB012105460C4800F084
:10C930003FFB812104460A4800F03AFB0DB110226A
:10C94000AA711CB1002222710222627118B1002268
:10C9500002710222427143230148338070BD00BF3F
:10C960004C00002038B5D0F8D432B033044650F82B
:10C9700023508DB105F0E8FFD4F8D432C5F80C028D
:10C9800004EB8304D5F80402D4F8C43205F503712E
:10C99000DB689847002038BD0320FCE7F8B5D0F8E5
:10C9A000D46200EB86060A46D6F8C05235B301F0D1
:10C9B0000F0C142707FB0C077B698BB1D0F8C8421A
:10C9C0004FF0240E0EFB0C44E469B3FBF4FC04FBB3
:10C9D0001C332BB97B611A4605F0FEFF0020F8BD21
:10C9E0000023C5F81432D6F8C4321B69002BF5D0E9
:10C9F000D5F8080205F504719847EFE70320EEE744
:10CA0000D0F8D432F7B500EB83030022D3F8C0622C
:10CA10008DF8052004460D46ADF80620002E65D0A1
:10CA200091F800C01CF0600229D0202A5AD1CA888F
:10CA30004F78F2B11CF0800F0ED0D3F8C4323146DB
:10CA40009B6838469847EA88072A28BF072231465C
:10CA5000204600F033FD09E0402A28BF402286F836
:10CA6000007286F80122314600F03EFD002003B03E
:10CA7000F0BDD3F8C43238469B689847F6E74B7848
:10CA80000B2B2FD801A252F823F000BFBDCA01081A
:10CA90006DCA0108E5CA0108E5CA0108E5CA01082E
:10CAA000E5CA0108E5CA0108E5CA0108E5CA0108A6
:10CAB000E5CA0108CDCA0108DDCA010890F89C3218
:10CAC000032B0FD102220DF10601C1E790F89C3231
:10CAD000032B07D101220DF10501B9E790F89C3233
:10CAE000032BC3D02946204600F0C1FC0320BEE73B
:10CAF00038B504460025812105F04AFF012184F85C
:10CB00003750204605F044FF84F8775182212046B3
:10CB100005F03EFFD4F8D43284F84B5004EB830385
:10CB20006564D3F8C0228AB1D3F8C4325B689847F1
:10CB3000D4F8D432B03354F8230005F00DFFD4F804
:10CB4000D432B03344F82350C4F8BC52002038BD6E
:10CB5000F8B504464FF4077005F0FAFE054630B903
:10CB6000D4F8D432B03344F82300022046E04FF426
:10CB70000772002108F03DFED4F8D432B03344F8F7
:10CB80002350237CC4F8BC52CBBB4FF400738121EB
:10CB90000222204605F0F0FE012184F837104FF400
:10CBA00000730222204605F0E7FE0126102303222F
:10CBB00063648221082384F87761204605F0DCFE57
:10CBC000D4F8D43284F84B6004EB83030027D3F805
:10CBD000C432C5F804721B689847D5F80422C5F81A
:10CBE0001472C5F81872002ABFD0237C93B94FF491
:10CBF00000733146204605F0F8FE0020F8BD4023C2
:10CC000081210222204605F0B7FE012184F8371069
:10CC10004023C6E74023ECE739B1D0F8D43200EB2B
:10CC20008300C0F8C4120020704703207047D0F87A
:10CC3000D432B03350F823302BB1C3F80812C3F804
:10CC400010220020704703207047D0F8D432B03350
:10CC500050F823301BB1C3F80412002070470320A2
:10CC60007047D0F8D422B03208B550F8222062B113
:10CC7000037CD2F8042233B94FF40073012105F08C
:10CC8000B4FE002008BD4023F8E70320FAE778B19E
:10CC90000023C0F8B832C0F8C432C0F8D03209B1AD
:10CCA000C0F8B412012380F89C32027005F00CBE6B
:10CCB0000320704713B500230446ADF8063081B158
:10CCC000CB6AC0F8B81223B10DF106009847C4F83A
:10CCD000D002D4F8D8320133C4F8D832002002B0E0
:10CCE00010BD0320FBE705F03EBED0F8B8320BB113
:10CCF0001B6818471846704708B5D0F8B8325B680B
:10CD00009847002818BF032008BD38B5044600F234
:10CD1000AA25284600F0A0FB012394F8AA12C4F823
:10CD20009432B4F8B032C4F8983201F01F03012BEA
:10CD300008D0022B0CD08BB929462046BDE83840DC
:10CD400000F054B929462046BDE8384000F0B2BA98
:10CD500029462046BDE8384000F0DBBA204601F005
:10CD60008001BDE8384005F01CBE70B5044639BBF3
:10CD7000D0F89432032B12D1D0F85831B0F860219A
:10CD800093420ED9D0F864119B1A11449A42C0F80C
:10CD90005831C0F8641138BF1A4600F0B6FB0020C5
:10CDA00070BD90F89C32032B06D1D0F8B8321B69C5
:10CDB00013B1C0F8D4129847204600F0AEFBEEE75E
:10CDC00090F89C32032BEAD1D0F8B8329B69002B43
:10CDD000E5D00022BDE87040C0F8D422184770B5F5
:10CDE00004460D4600293FD1D0F89432022B10D1D1
:10CDF0008269038C9A4214D9416AD21A1944826119
:10CE0000416200F069FB2B462A462946204605F080
:10CE1000ECFD94F8A03213B1002384F8A032002076
:10CE200070BD0CD143699A4209D8D0F89822934238
:10CE300005D20A4600F050FBC4F89852E3E794F894
:10CE40009C32032B08D1D4F8B832DB6823B100221E
:10CE5000C4F8D422204698478021204605F0A1FD41
:10CE6000204600F065FBD4E790F89C32032BD6D126
:10CE7000D0F8B8325B69002BD1D00022BDE87040F9
:10CE8000C0F8D4221847F8B5012380F89C32D0F8B6
:10CE9000B83200210446C0F894124160C0F8A412D0
:10CEA00080F8A012BBB900260022402511460127B8
:10CEB0004023204605F060FD84F86371A4F86051BA
:10CEC0002B4600228021204605F056FD84F8237071
:10CED00025843046F8BD5B68002BE4D098470028D5
:10CEE000E1D00326E0E701740020704790F89C32FF
:10CEF000042B1EBF90F89C32DBB280F89D320423D5
:10CF000080F89C320020704790F89C32042B02BFBE
:10CF100090F89D32DBB280F89C320020704708B553
:10CF200090F89C22032A05D1D0F8B83213B1DB69FE
:10CF300003B19847002008BDD0F8D422AE3208B51E
:10CF400050F822204AB190F89C32032B01D1136A89
:10CF50000BB9002008BD9847FBE70320FAE7D0F89B
:10CF6000D422AE3208B550F822204AB190F89C3253
:10CF7000032B01D1536A0BB9002008BD9847FBE78A
:10CF80000320FAE700207047012208B580F89C22B0
:10CF9000D0F8B8220AB9002008BD5268017990473C
:10CFA0000028F8D00320F7E70020704700207047E2
:10CFB00010B5428803789A420AD904782044234461
:10CFC0004478052C9BB2F6D184788C42F3D110BD05
:10CFD0000020FCE710B58021044605F0E2FC204665
:10CFE0000021BDE8104005F0DCBC000073B50B78F3
:10CFF00003F06003202B04460D4609D0402B07D0D8
:10D0000093B12046FFF7E6FF0025284602B070BD29
:10D01000D4F8D432AE33294654F823309B682046E6
:10D0200002B0BDE8704018474B78092BE9D801A23F
:10D0300052F823F055D2010899D2010803D0010813
:10D040007DD2010803D001084FD101085DD001084D
:10D0500003D0010829D2010891D101080023ADF8BD
:10D0600006304B881A0A013A062ACAD801A151F89B
:10D0700022F000BF91D00108C3D00108DDD0010823
:10D0800003D0010803D0010821D1010837D10108DC
:10D09000D0F8B4321B68207C0DF106019847EA886D
:10D0A000002A00F0A480BDF80630002BA9D09A42D7
:10D0B00028BF1A46ADF806200146204600F0FEF9CA
:10D0C000A2E7027CD0F8B83232B99B6A0DF10600B3
:10D0D000984702234370E2E7DB6AF7E7DBB2052BF0
:10D0E0008FD8DFE803F003090D111519D0F8B43219
:10D0F0005B68002BCFD184E7D0F8B4329B68F8E7A7
:10D10000D0F8B432DB68F4E7D0F8B4321B69F0E74A
:10D11000D0F8B4325B69ECE7D0F8B4329B69E8E749
:10D12000037C002B7FF46DAFD0F8B8320DF1060010
:10D130005B6B9847B3E7037C002B7FF462AFD0F8BA
:10D14000B8320DF106001B6B98470723C2E78B88A6
:10D15000002B7FF456AFCB88002B7FF452AF4D8865
:10D160007F2D3FF64EAF90F89C32032B3FF449AF32
:10D17000EDB280F89E52294605F025FC204600F0CD
:10D18000CCF91DB1022384F89C323DE70123FAE774
:10D190008978474D0129297003D9FFF71BFF032523
:10D1A00033E790F89C32022BDEB208D0032E17D062
:10D1B000FFF710FF29782046FFF79EFDEFE7B1B19A
:10D1C00001214160FFF791FD0546204625B1FFF79B
:10D1D00001FF84F89C6218E700F09FF90323D2E76F
:10D1E00049B9022380F89C324160FFF785FD204653
:10D1F00000F093F908E741680129F8D0C9B2FFF7B8
:10D200007BFD297861602046FFF76FFD0546002809
:10D21000EDD02046FFF7DEFE21792046FFF76CFDBA
:10D22000022384F89C32F0E6CA88012A7FF4E9AE32
:10D2300090F89C120229CBB207D8002B3FF4E1AE44
:10D240000146002341F8083F37E7032B7FF4D9AEAE
:10D25000011D32E790F89C32013B022B3FF6D1AE24
:10D26000CA88022A7FF4CDAED0F8A4320146002B42
:10D270000CBF0123032341F80C3F1EE74B88012B11
:10D2800002D1C4F8A432B2E7022B7FF4BAAE8B8885
:10D290001B0A80F8A032AAE790F89C32013B022BCF
:10D2A0003FF6AFAE4B88012B7FF4AEAE0023E8E72C
:10D2B0001CE0002070B50B7803F060025B060446AA
:10D2C0000E4601D5402A1FD194F89C32013B022B17
:10D2D0001AD831790129204617D8FFF765FE88B999
:10D2E000D4F8B8329B686BB1C4F8D40231462046FA
:10D2F00098470546F3881BB915B9204600F00DF98B
:10D30000284670BD0325F5E72046FFF763FE00259C
:10D31000F6E770B50B788A880D7903F06003202B4F
:10D3200004460E4658D0402B56D01BB12046FFF77E
:10D3300051FE3DE04B78012B3CD0032B25D0002B38
:10D34000F4D190F89C32022BD9B261D00329EDD1EF
:10D3500005F00F0312F0800F4FF0140202FB0303DD
:10D3600066D093F82330002BE0D005F07F0314261D
:10D3700003FB0666802D064466D02946204605F04C
:10D38000D1FA002866D001235FE090F89C32022B8E
:10D39000DAB233D0032AC9D14B8833B9690604D035
:10D3A000F38813B9294605F0FCFA204600F0B5F8D9
:10D3B000002070BD90F89C32022BDAB21ED0032AF6
:10D3C000B4D14B88002BF3D16B0602D0294605F06F
:10D3D000F1FA204600F0A1F829462046FFF7E6FDC5
:10D3E0000028E5D1D4F8B832C4F8D4029B68002BE9
:10D3F000DED031462046BDE8704018476A0695D019
:10D40000294605F0CEFA8021204605F0CAFACFE77A
:10D4100069068BD113064CBF00F1140100F5AA7107
:10D42000002301F80E3F0222204600F047F8BFE734
:10D4300093F86331002B3FF479AF142606FB050601
:10D4400006F5AA76002D98D10023B373022206F1C7
:10D450000E01E9E7B073F9E70B7803704B7843707E
:10D460004B8843808B888380CB88C380704710B5FE
:10D470008021044605F095FA20460021BDE81040C1
:10D4800005F08FBA70B50D461646044670B1E2F746
:10D49000B1FEC3B201335B0033802B7003236B708A
:10D4A000013C0223002114F8012F02B970BDEA5497
:10D4B0005A1CD2B20233A954DBB2F4E710B51346BA
:10D4C0000222C0F8942243610A464162836100212E
:10D4D00005F082FA002010BD08B513460A46002167
:10D4E00005F07AFA002008BD10B513460322C0F8F3
:10D4F0009422C0F854310A46C0F86411C0F858317B
:10D50000002105F072FA002010BD08B513460A4646
:10D51000002105F06AFA002008BD08B504220023A6
:10D52000C0F8942219461A4605F056FA002008BDA4
:10D5300008B505220023C0F8942219461A4605F0C2
:10D5400054FA002008BD0000034B1A1803EB8003B7
:10D55000107A5B685B68184748E0002038B5084DD2
:10D560002B5C044653B905EB80022B185268187ADD
:10D570001268904708B901232B5538BD0020FCE7FD
:10D5800048E0002030B4054C251804EB80046068A6
:10D590008468287AA44630BC604700BF48E0002079
:10D5A00030B4054C251804EB80046068C468287A00
:10D5B000A44630BC604700BF48E00020054B10B4D3
:10D5C0001C1803EB8003207A5B685DF8044B1B6931
:10D5D000184700BF48E00020006870470B0A017040
:10D5E00043700B0C090E8370C1707047024400F841
:10D5F000011B9042FBD170471B4B0246186830B5A7
:10D6000060B11468A04207D15C689068844203D17D
:10D610009C685069844212D0002400E001241869FB
:10D62000B8B11568A84207D15D699068854203D1F9
:10D6300098695269904206D03CB1002009E000226E
:10D6400041B1102005E00122FAE702290CBF0020B9
:10D65000122030BD03EB02139889A0F58073584265
:10D6600058410001F5E700BF20E000201F4AF0B557
:10D67000136806689E4207D155688468A54203D1A5
:10D6800095684469A54216D01469B44215D157690A
:10D690008568AF4211D197694569AF420DD1012329
:10D6A000E9B902EB03118989013189B202EB031256
:10D6B000581C9181F0BD0023F2E70BB1A4B90123FE
:10D6C0001D0102EB0314565185684069A0600020DB
:10D6D0006560A0810029E4D04FF48071E6E702EB99
:10D6E000031189890029F7D00020E3E720E000201A
:10D6F0000138012815D80C4A010102EB001083897A
:10D70000B3F5807F04D1002383810023535006E0CA
:10D71000002BFAD0013B9BB28381002BF5D0002077
:10D7200070470220704700BF20E00020054B1A68B8
:10D73000904204BF00221A601A69904204BF00227E
:10D740001A61704720E00020C3690239023B8B4216
:10D7500083BF4389006B01FB030000207047C36A4D
:10D76000026804335289490AB1FBF2F1186830B1FA
:10D77000814202D3091A0833F8E758680844704711
:10D78000034600F10B010020C20142EA500213F8E7
:10D79000010B50FA82F28B42D0B2F5D17047036888
:10D7A00010B58BB119460A4611F8014B1F2C09D947
:10D7B0003A2CF8D11978302906D101339A4203D195
:10D7C00001320260002010BD4FF0FF30FBE7F8B5DA
:10D7D000C37804460BB90020F8BD456B00F138074B
:10D7E000012340782A463946FFF7DAFE90B9A36A4A
:10D7F000226AE070EB1A9342EDD2A678012EEAD9A4
:10D80000236A60781D442A4601233946FFF7C8FE83
:10D81000013EF3E70120DFE72DE9F0410025D0F8D4
:10D8200000808D75C36906460C46002B59D0036BEA
:10D8300001330AD001F11507D8F80C3033F8150080
:10D84000002850D125440023AB75316AA57D002303
:10D850004E1E18464FF02E0C16F8012F202A00F10C
:10D86000010024D0052A08BFE522092808D1E718BD
:10D870001DB94FF02E0E87F816E087F809C0013366
:10D88000E7187A7295B9A2F1410EBEF1190F0CD8C2
:10D89000092891F80C8034BF4FF0080E4FF0100E9D
:10D8A00018EA0E0F1CBF2032D2B2BA7501330B2812
:10D8B000D2D12DB9E21895750A7B002A08BF002342
:10D8C000234400225A72CB7A237201F11C00FFF725
:10D8D00083FE206001F11600FFF77EFEE080000C61
:10D8E000A080BDE8F081002101F026FD28B10135BE
:10D8F000152D02D007F8010F9EE70025A2E7F8B525
:10D900000446FFF764FF0546002842D12378032B25
:10D9100037D12779012F34D104F1380601464FF46D
:10D92000007230465523FFF761FE84F83632AA2391
:10D9300084F8373252234122722184F8383084F837
:10D940003930612384F83A3084F81F3284F83B2060
:10D9500084F81C1284F81D1284F81E22A16904F5B3
:10D960000870FFF73BFE616904F50970FFF736FEAA
:10D97000626A6078013262633B463146FFF710FE0F
:10D980002571002260781146FFF718FE003818BF95
:10D990000120F8BD01380A4411F8013B00F8013FAD
:10D9A0009142F9D17047C2F307238A76CB76037888
:10D9B000032B01BF120C0A75120A4A75704738B55D
:10D9C000436B8B4204460D460FD0FFF700FF58B95A
:10D9D000607801232A4604F13801FFF7D3FD10B126
:10D9E00001204FF0FF35656338BD0020FCE70000E3
:10D9F000002310B5C3704FF0FF3343630446FFF7B5
:10DA0000DEFF034618BBB4F836124AF6552291429F
:10DA10001FD194F83820E92A05D0A26B0F4902F0F3
:10DA2000FF128A4217D104F16E00FFF7D5FD0C4AB0
:10DA300020F07F40904208D004F18A00FFF7CCFD2F
:10DA4000084BC31A18BF01235B00184610BD0423FE
:10DA5000FBE70323F9E70223F7E700BFEB009000A1
:10DA60004641540046415433F0B5002385B00B6065
:10DA70000E461546FFF793FE013000F012818D4BE4
:10DA80001C68002C00F00F81206901F0C7FC002801
:10DA900000F00B813460237805F0FE056BB16078EF
:10DAA000FFF752FDC60708D4002D00F0D5804007CF
:10DAB00040F1D2800A2005B0F0BD00202080FFF7A1
:10DAC0004DFDC10700F1F3800DB14207F2D40021F2
:10DAD0002046FFF78DFF022840F0C8806F4604F50E
:10DAE000FF7304F23E216A4613F8040C10B1184685
:10DAF000FFF772FD10338B4242F8040BF4D100257E
:10DB000057F8046B002E00F0A98031462046FFF73D
:10DB10006FFF012800F2A380B4F84330B3F5007F13
:10DB200040F0AA80B4F84E1021B904F15C00FFF770
:10DB300053FD014694F848202162531E012BA27028
:10DB400000F29A8094F845506581002D00F0948091
:10DB50006B1E2B4240F09080B4F8497027813B0740
:10DB600040F08A80B4F84B0018B904F15800FFF770
:10DB700033FDB4F84630002B7ED001FB02FE03EBF0
:10DB8000171CF444604577D3A0EB0C00A842B0FB0F
:10DB9000F5F271D34FF6F570824271D840F6F57503
:10DBA000AA4294BF012502250232334406EB0C0041
:10DBB000032DE2616662A362206363D1B4F8623030
:10DBC0003B4359D104F16400FFF706FD920002F2D5
:10DBD000FF12B1EB522FE0624ED34FF0FF33C4E996
:10DBE0000533032D4FF0800323712BD1B4F8683037
:10DBF000012B27D1711C2046FFF7E1FE10BBB4F8C2
:10DC0000362220714AF655239A421BD104F138007E
:10DC1000FFF7E2FC284B984214D104F50770FFF798
:10DC2000DBFC03F1FF5303F500532033984209D185
:10DC300004F50870FFF7D0FCA06104F50970FFF748
:10DC4000CBFC60611D4A2570138801339BB2E380D1
:10DC500020461380FFF76AFD00202CE703200135E2
:10DC6000042D7FF44DAF042806D101E0042801D132
:10DC7000012020E7012801D90D201CE700264BE7F1
:10DC8000032591E7002FF7D0022D03EB0E004FEA9A
:10DC900042031BBF9B1802F001021A4602EB53021B
:10DCA00095E70B2007E70C2005E70F2003E703208B
:10DCB00001E700BF44E000205252614140E00020F3
:10DCC00001292DE9F84305460C4616466ED9C3696D
:10DCD0008B426BD90378022B3FD0032B4FD0012B03
:10DCE00064D101EB5107816A01EB5721FFF767FE11
:10DCF00010B10120BDE8F88305F1380807F10109EA
:10DD0000C7F3080714F0010418BF18F80720F3B28E
:10DD10001EBF02F00F0242EA0313DBB208F807301D
:10DD2000A96A0123EB7001EB59212846FFF747FE52
:10DD30000028DED1C9F308023CB1C6F3071608F883
:10DD400002600123EB700020D4E718F80230C6F31C
:10DD5000032623F00F031E43F1E7816A01EB142130
:10DD6000FFF72DFE0028C4D1640005F1380304F448
:10DD7000FF741A191E55C6F307265670E1E7816A2B
:10DD800001EBD411FFF71BFE0028B2D1A40005F16E
:10DD9000380304F4FE7423441846FFF71DFC0146C3
:10DDA00066F31B011846FFF719FCCAE70220A1E73A
:10DDB00040B10C2904D80A2904D8006901F037BB06
:10DDC0000F29FAD1704703284B8B04BF8A8A43EA94
:10DDD0000243184670470129F8B506460C464ED94D
:10DDE000C36999424BD20378022B29D0032B34D03C
:10DDF000012B44D101EB5105816A01EB5521FFF75D
:10DE0000DEFD10B14FF0FF30F8BD6F1CB16AC5F3F5
:10DE10000805354401EB5721304695F83850FFF797
:10DE2000CEFD0028EED1C7F30807374497F8383005
:10DE300045EA0320E3074CBF0009C0F30B00E3E70A
:10DE4000816A01EB1421FFF7BAFD0028DAD16400E2
:10DE500004F4FF743444208FD6E7816A01EBD411B7
:10DE6000FFF7ADFD0028CDD1A40006F1380004F481
:10DE7000FE742044FFF7B0FB20F07040C4E701209F
:10DE8000C2E7F8B50C46012C0568064611462BD9A9
:10DE9000EB69A34228D92AB14FF0FF322846FFF799
:10DEA0000FFF38B921463068FFF795FF2746044633
:10DEB00008B90020F8BD012816D0431C16D0002256
:10DEC00039462846FFF7FCFE0028F3D1D5E9063293
:10DED000911E8B4205D20133AB612B7943F00103D4
:10DEE0002B71A242DED8E4E70220E3E70120E1E75C
:10DEF0002DE9F041056880460F4671B96E69EEB1B3
:10DF0000EB699E4228BF01263446EB690134A342E7
:10DF100017D8012E14D1002406E02846FFF75BFF36
:10DF20000128044603D801242046BDE8F081431CA3
:10DF300030D0EB698342F7D83E46E5E70126E3E7B8
:10DF40000224D8F800002146FFF745FF30B1012830
:10DF5000E9D001301ED0B442D7D1DCE74FF0FF3218
:10DF600021462846FFF7ACFE90B957B9D5E90632ED
:10DF7000023A93426C6110D92B7943F001032B7163
:10DF8000D2E7224639462846FFF79AFE0028EDD010
:10DF90000128C8D14FF0FF34C6E7013BAB61EBE786
:10DFA00043692DE9F04703F12008C36905468A4615
:10DFB0008BB1B8F5001F0ED2C8F308070468002F14
:10DFC0004FD181690133C36141B92389B3EB581F34
:10DFD00047D80023EB610420BDE8F087B4F80A902D
:10DFE00009F1FF3919EA58293BD12046FFF7F3FE22
:10DFF0000128064601D80220EEE7421C01D101208B
:10E00000EAE7E369834226D8BAF1000FE1D0A969B3
:10E010002846FFF76DFF0646002835D00128EAD0D4
:10E02000431CECD02046FFF7D2FB01460028E6D186
:10E0300004F138004FF40072FFF7D8FA3146204659
:10E04000FFF782FB4FF0010A6389606399450FD3A4
:10E05000A0EB09006063AE6131462046FFF774FB18
:10E06000E86138343C44C5F814802C620020B3E7E2
:10E0700084F803A02046FFF7AAFB0028BFD1606BFD
:10E0800009F101090130DFE70720A5E72DE9F84391
:10E09000FF260768804635460424D8F81C1019B9B5
:10E0A000002C6AD0042454E03846FFF788FC04466C
:10E0B00000284ED1D8F820000378002BF2D0C27A85
:10E0C000E52B02F03F0288F8062048D02E2B46D0E0
:10E0D00022F02001082942D00F2A45D159063CD50B
:10E0E00003F0BF05D8F81430467BC8F83030437BC6
:10E0F000B34234D1428B92BB0378FC68DFF880E0F6
:10E1000023F04003013B0D214B434FF0010C4FF630
:10E11000FF791EF8011B415ABCF1000F21D0132BCF
:10E120001DD824F813108C46013301320D2AF0D18A
:10E130000278520604D5132B11D8002224F813209C
:10E14000013DEDB200214046FFF72AFF04460028BA
:10E15000A3D00023C8F81C300FE0AB42C7D0FF2586
:10E16000F0E74945E1D0FAE71DB9FFF709FBB042F6
:10E1700003D04FF0FF33C8F830302046BDE8F883B5
:10E180007C270308B1F5001FF8B506460C4601D3FD
:10E190000220F8BDCA06FBD1826805684161BAB9A0
:10E1A0002B78022B01D9EB6A9BB92B89B3EB541F57
:10E1B000EED9E86AC6E906200028E9D000EB542031
:10E1C0003835C4F308042544F06135620020E0E7E7
:10E1D00013466F891A467F02BC42114603D2284675
:10E1E000FFF7B2FAE6E73068FFF7F5FD431C024699
:10E1F00006D00128CCD9EB698342C9D9E41BEBE7EF
:10E200000120C6E72DE9F04F85B003680093002197
:10E210000446FFF7B7FF0646002840F094804FF011
:10E22000FF3A4FF0FF08C4F830A0C146E1690098FA
:10E23000FFF7C5FB0646002840F08580256A2F7849
:10E24000002F00F08480EA7AE52F02F03F03A371EB
:10E2500003D0100759D50F2B02D0C4F830A04CE0E2
:10E2600094F82F3059063ED47A0644D5636995F860
:10E270000D80236307F0BF076B7B43453DD16B8B5C
:10E28000002B3AD12E78009BDFF8CC90D3F80CB05D
:10E2900006F03F06013E0D235E43012219F8013BC3
:10E2A000EB5A6AB3132E28D81846039301F060F88E
:10E2B000711C02903BF81600019101F059F8029A86
:10E2C00082421AD1039B01991A460E46214B4B45B7
:10E2D000E4D12B785B0603D512B13BF8163063B955
:10E2E000013F5FFA87F900212046FFF759FE0646F5
:10E2F00000289BD027E0B945BED04FF0FF09F2E7D8
:10E300004FF6FF718B42E1D0F7E7B9F1000F04D16E
:10E310002846FFF735FA404515D094F82F6016F0DF
:10E3200001069AD104F1240205F10B0115F8013B15
:10E3300012F8010BA942A3EB000302D0002BF5D089
:10E340008BE7002B89D1304605B0BDE8F08F04265D
:10E35000F9E700BF892703087C2703082DE9F04F60
:10E3600090F82F8018F0A00889B0044640F0A580EE
:10E370000668F26832F81830002B6AD104F12407DD
:10E380000C22394605A8FFF705FB9DF81FB01BF0CE
:10E39000010F00F099804023904D84F82F304FF00A
:10E3A000010A0B2205A93846D6F80C90FFF7F2FABD
:10E3B000BAF1050F5ED9A9F10201534631F8022FD7
:10E3C000002A49D105A8072203F00F0C0CF13001F7
:10E3D000392988BF0CF137010F2B00F8011D02F11C
:10E3E000FF324FEA131147D802F120036B447E211C
:10E3F00003F8141C04F12301084600239A4206D0B6
:10E4000010F801CFBCF1200F03F1010E36D1072A1D
:10E410009EBF02F1180002F12000684403F10103DD
:10E4200096BF10F8140C20200132072BC854EED9E7
:10E430002046FFF7E7FE8146002841D10AF1010A94
:10E44000BAF1640FADD14FF00709484609B0BDE8F5
:10E45000F08F08F101088DE7102002F0010C0CEBA1
:10E46000430313F4803F18BF6B4001384FEA520258
:10E47000F3D1A3E75346A5E70B46A5E77346BDE7EF
:10E48000804601212046FFF78BFD814698B3042882
:10E49000D9D0DAE701462022206AFFF7A7F80B223D
:10E4A000206A3946FFF776FA94F82F30226A03F093
:10E4B000180313730123F370C7E74FF00609C4E78D
:10E4C0000428C2D184F82FB01BF0020F18BF08F146
:10E4D0000C054FF00001204618BF0D23D4F800A012
:10E4E00016BFB5FBF3F501250135FFF74BFE81465D
:10E4F0000028AAD18046E1695046FFF760FA00285B
:10E5000069D1236A1B78E52B01D0002BB8D108F123
:10E5100001084545B5D1013D55D061692046A1EBC3
:10E520004511FFF72FFE814600288ED13846FFF7B0
:10E5300027F94FF6FF780190E1693046FFF73FFA7F
:10E540008146002881D1236A019AD6F80CE05A73DB
:10E55000E9B24FF00F024FF00D0CDA72DFF880A035
:10E5600018734A1E0CFB02F29876D87684461AF885
:10E57000019B404518BF3EF8120003F8090003EB69
:10E58000090B0CF1010C18BF01324FEA10290028C9
:10E5900008BF4046BCF10D0F8BF80190E7D1404514
:10E5A00002D03EF812200AB941F04001197001234F
:10E5B000F37000212046FFF7F3FC814600287FF42A
:10E5C00044AF013DB8D1E1693046FFF7F8F9814623
:10E5D00000283FF45FAF4FF0010936E7211001003A
:10E5E0007C2703082DE9F74F0368009306468A4607
:10E5F00011F8013B2F2BFAD05C2BF8D00023B3602D
:10E600009AF800301F2B00F29280802300213046C0
:10E6100086F82F3003B0BDE8F04FFFF7B3BD0135EA
:10E6200098E0152D0CD00121204600F085FE38B170
:10E630007F2807D8874911F8012B1AB19042FAD1E7
:10E64000062003E128F8020F2F4678E032F8021D79
:10E65000202902D02E2940F08B80013F85E0013136
:10E6600096E0C14580F0C380BA4210D1B8F10B0FDB
:10E6700005D1C0E0BA4202D044F0030436D8AD0060
:10E68000EDB23A464FF00B084FF00809A8E07F289A
:10E690000CD90021019200F04FFE44F00204019ACF
:10E6A00050B16D49014411F8800C28B16B4B13F83F
:10E6B000011B59B18842FAD144F003045F2006EBF4
:10E6C000090109F1010981F8240089E0A0F1410163
:10E6D000192902D845F00205F1E7A0F161011929D5
:10E6E0009EBF203845F0010580B2E8E74FF00808EA
:10E6F00085E0A10700F19A80012D08BF44F01004C5
:10E70000042B08BF44F0080490E05A0700F19E80F3
:10E71000B379DB0666D5009B03F138017369C3F357
:10E7200008031944009B1878FFF74DFBB06033686D
:10E73000D3F80CB00AF1FF39ABF10208002719F841
:10E74000014F1F2C07F101050CD92F2C02D05C2C96
:10E750007FF467AF1AF805202F2A3FF460AF5C2AD8
:10E760003FF45DAFAA440BEB4702002F7FF46EAF7E
:10E770004FF000032BF817300BEB4705002F3FF449
:10E780005FAF20210B2206F12400FEF72FFF0021AE
:10E790003BF81120202A3FF462AF2E2A3FF45FAFEE
:10E7A0001F2C8CBF00240124A40009B144F00304F1
:10E7B00035F8022D2E2A01D0013FF9D14FF0000982
:10E7C0004FF008084D463BF811004A1CB8B120280C
:10E7D00004D02E287FF445AFBA4205D044F003049C
:10E7E0001146F0E7052031E0C145FFF43FAFB8F135
:10E7F0000B0F7FF43FAF44F003044FF00B0896F883
:10E800002430E52B04BF052386F82430B8F1080F27
:10E8100004BFAD00EDB205F00C030C2B04D005F0E5
:10E820000305032D7FF465AF44F0020486F82F4002
:10E830003046FFF7E7FC96F82F3000283FF465AF2D
:10E84000042803D113F0040F08BF052003B0BDE86E
:10E85000F08F00BF2A960208892703083396020822
:10E8600038B50D460446E8B1036813B90920002401
:10E8700019E01A78002AF9D08188DA889142F5D116
:10E88000186900F0CBFD034678B123685878FEF78D
:10E890005BFE10F00100246805D000212046FFF740
:10E8A00087FAE3E709202C6038BD0F201C46FAE701
:10E8B000F0B585B0CDE9001003A816460391FEF728
:10E8C0006EFF01302BD0174F3C6864B12046FEF735
:10E8D0002DFF206900F09DFD18B90224204605B0E7
:10E8E000F0BD00232370019C14B93C600024F5E7BF
:10E8F0002146002501F8105B284600F07BFD00282A
:10E90000EBD0012E3C60F1D101A92A466846FFF701
:10E91000ABF8044601460198FFF74AFADEE70B24FC
:10E92000DCE700BF44E000202DE9F04F9DB09146A8
:10E9300001910446002800F0018102F03F084246A0
:10E9400003A901A8FFF790F8039D0746002866D1A8
:10E9500004ABEB608DF84200002301990F950FA8DE
:10E960001793FFF73FFE9DF842A0179E58B99DF9F7
:10E970006B30002B57DB09F03E01003918BF012135
:10E980000FA8FEF739FE19F01C0F69D000284CD0F3
:10E99000042844D16A4B1A681AB11B69002B40F055
:10E9A000C7800FA8FFF7DAFCC8BB9DF842A0179EEE
:10E9B00048F0080803F014F80246014606F10E007C
:10E9C000FEF70CFE114606F11600FEF707FE2023A7
:10E9D000F37228783146FFF7F6F90022814628467F
:10E9E000FEF7E1FF0022012332777277B277F277E8
:10E9F000EB70B9F1000F40D049460FA8D5F834B0FC
:10EA00008DF842A01796FFF73CFA40B959462846C0
:10EA1000FEF7D5FF09F1FF336B6170B301200023CE
:10EA2000236007466EE00620ADE71AF0110F22D1F1
:10EA300019F0040F7ED119F0080FBBD16B6B8DF864
:10EA400042A0B8F1010FC4E9093694BF00210121A9
:10EA50000FA81796FEF70AFE206188B90220DEE7AC
:10EA60000028DCD11AF0100F66D119F0020FE5D0A2
:10EA70001AF0010FE2D00720D1E748F04008DDE7A7
:10EA800028783146FFF79FF9A06006F11C00FEF7D9
:10EA9000A3FD0021EB88E06004F13006E16225600F
:10EAA000A38084F8148061752162A1614FF4007223
:10EAB0003046FEF79BFD18F0200F23D0D4F80C80D1
:10EAC000B8F1000F1ED0B5F80A90A168C4F81880FC
:10EAD0004FEA4929C8451DD80020E16100289ED190
:10EAE000C8F3080373B12846FEF72EFE0028B5D000
:10EAF00000EB58222262687801233146FEF742FD7E
:10EB000000288BD139462846FFF752F938461DB008
:10EB1000BDE8F08F2068FFF75EF901280146A8EBF9
:10EB2000090803D9431CD5D10120D6E70220D4E738
:10EB3000122074E7082072E7042070E70927E5E750
:10EB400020E000202DE9F04F9B4687B000238A4645
:10EB5000CBF8003005A904469046FFF781FE059DDD
:10EB6000074608B9677D27B139462846FFF720F9DF
:10EB700009E0237D13F00103029308D10721284601
:10EB8000FFF716F90727384607B0BDE8F08FA369ED
:10EB9000E668F61A464504F1300328BF464601935D
:10EBA0000EB93146E1E7A169C1F30803002B40F03B
:10EBB0008180B5F80A9009F1FF3919EA51291FD16E
:10EBC00049B9A068012811D8022161752846FFF7CC
:10EBD000EFF80227D7E7E36A1BB12046FEF7BFFD37
:10EBE000F0E7E1692068FFF7F6F8EBE7431C06D190
:10EBF000012161752846FFF7DBF8029FC3E7E0615A
:10EC0000E1692846FEF7A0FD0028DDD0B6F5007FBB
:10EC100009EB000832D36A89687809EB56219142E2
:10EC20004FEA5623514688BFA2EB0903424603939D
:10EC3000FEF7A8FC039B0028DAD194F91420002ADF
:10EC40000EDA206AA0EB0800984209D24FF4007255
:10EC500004F130010AEB40200393FEF79BFE039B77
:10EC60004FEA4328A3694344A361DBF800304344DF
:10EC7000C244CBF80030A6EB080691E7226A424571
:10EC800016D094F91430002B0ADA01996878012320
:10EC9000FEF786FC0028ABD1237D03F07F032375AC
:10ECA0000199687801234246FEF76CFC00289FD149
:10ECB000C4F82080A169019BC1F30801C1F5007867
:10ECC000B04528BFB046424619445046FEF762FEA2
:10ECD000C8E72DE9F04F9A4685B000238946CAF867
:10ECE000003003A904461646FFF7BAFD039D074608
:10ECF00008B9677D27B139462846FFF759F807E07C
:10ED0000237D9A0708D407212846FFF751F80727E3
:10ED1000384605B0BDE8F08FA369F34228BFDE4353
:10ED200004F130030093D6B1A169C1F30803002BAD
:10ED300040F09880B5F80A8008F1FF3818EA5128A9
:10ED40002BD131B9A06890B901462046FFF7D0F821
:10ED500004E0E36A4BB12046FEF701FD38B9237D9C
:10ED600043F0400323750021C6E7E169EDE7012880
:10ED700006D1022161752846FFF71AF80227C7E776
:10ED8000431C06D1012161752846FFF711F80127C0
:10ED9000BEE7A368E06103B9A06094F91430002BCA
:10EDA0000BDA226A009968780123FEF7F9FB002844
:10EDB000E8D1237D03F07F032375E1692846FEF740
:10EDC000C3FC0028D5D0B6F5007F08EB000B37D385
:10EDD000698908EB562088424FEA5623687888BF35
:10EDE000A1EB08035A4649460193FEF7D9FB019B64
:10EDF0000028C7D1216AA1EB0B0199420DD24FF433
:10EE0000007209EB412104F130000193FEF7C2FDCD
:10EE1000227D019B02F07F0222754FEA4328A369FD
:10EE2000E2684344A3619A422CBFE260E360DAF8EF
:10EE300000304344C144CAF80030A6EB080672E72C
:10EE4000236A5B450CD0E168A369994208D96878C8
:10EE500001235A4604F13001FEF794FB002891D1BA
:10EE6000C4F820B0A069009BC0F30800C0F500788A
:10EE7000B04528BFB046184442464946FEF78AFDD1
:10EE8000237D63F07F032375C9E72DE9F34101A9D1
:10EE90000546FFF7E5FC019F0446002843D12B7D82
:10EEA00013F040043FD01B0614D52A6A787801235A
:10EEB00005F13001FEF774FB40B101213846FEF741
:10EEC00077FF0124204602B0BDE8F0812B7D03F0DE
:10EED0007F032B7502F084FD696A80463846FEF791
:10EEE0006EFD0446F8B9AE6AF37A43F02003F3727C
:10EEF000AA6828683146FEF756FDE96806F11C004D
:10EF0000FEF76CFB414606F11600FEF767FB012396
:10EF1000B474F4743846FB70FEF7F1FC2B7D23F0DB
:10EF2000400304462B7521463846FEF741FFC9E7EA
:10EF300037B50546FFF7A9FF044678B901A9284669
:10EF4000FFF78EFC044648B92869FEF7D1FB04465A
:10EF500000B9286001980021FEF72AFF204603B07F
:10EF600030BD2DE9F04F85B00D4603A90446FFF7EB
:10EF700077FC039E074608B9677D27B139463046BE
:10EF8000FEF716FF22E0E36A002B00F082806A1C85
:10EF900044D11D46D4F8089055F804BB4FF0020840
:10EFA000B9F1000F31D048464FF0000A01460190F8
:10EFB0002068FEF710FF012801990AF1010A0BD819
:10EFC000022161753046FEF7F3FE0227384605B090
:10EFD000BDE8F08F8146E6E7431C06D1012161754B
:10EFE0003046FEF7E5FE0127F0E701318142DDD032
:10EFF00008F10208C34521BF2B4643F808ABC5F80A
:10F0000004901D46F3698342E4D8E36AD845C3F807
:10F01000008000F2B48000232B60AFE7E3689D42DC
:10F0200028BF1D46A561002DA8D005F1FF38414637
:10F030002046FEF794FB0146E0613046FEF784FB74
:10F040000028BDD0C5F30805002D97D07589013D76
:10F0500005EA58250544226AAA428FD094F9143053
:10F06000002B04F130080ADA707801234146FEF7DC
:10F0700097FA0028B2D1237D03F07F0323757078BF
:10F0800001232A464146FEF77DFA0028A6D12562D3
:10F0900074E7E368AB4204D2227D12F0020F08BF8E
:10F0A0001D460022A369A26185B90025E268A36913
:10F0B000934282BF227DE36042F04002C3F3080323
:10F0C00088BF2275002B3FF459AFC4E7B6F80A8019
:10F0D0004FEA482883B1013B6A1EB3FBF8F1B2FB4B
:10F0E000F8F28A4208D3C8F100021340E169A36133
:10F0F000ED1A0029D9D002E0A16899B1E161454536
:10F10000A3691CD8A3692B44A361C5F30803002B92
:10F11000CBD03046FEF718FB00283FF451AF00EB90
:10F120005525C3E72046FEF7E3FE012801463FF4DC
:10F1300047AF481C3FF452AFA160E161D9E74344B7
:10F14000A361237D9A07A5EB080906D52046FEF7A3
:10F15000CFFE054628B90146D4E72068FEF73BFEFE
:10F1600005466B1C3FF43AAF012D7FF629AFF369DA
:10F17000AB427FF625AFE56129464D46BFE7112733
:10F18000FCE670B58EB005460191002840D0002203
:10F1900002A901A8FEF768FC029E0446002830D1AF
:10F1A00003AB2E600199F3602846FFF71BFA044673
:10F1B00020BB95F92F30002B07DBAB79DB0623D57D
:10F1C0003078296AFEF7FFFDA860F388AB80002144
:10F1D0002846FEF7D7FF044698B9AB6863B10146ED
:10F1E0002846FEF743FA286180B121463046FEF7F3
:10F1F000DFFD20460EB070BD2861F6E7042808BF89
:10F20000052400232B60F0E70524FAE71224F8E731
:10F210000924EEE737B501A90546FFF721FB0446AF
:10F2200038B9286940B900232B6001980021FEF706
:10F23000BFFD204603B030BDFEF75AFA0028F2D0D9
:10F240000224F2E72DE9F0418CB00E4669460546EE
:10F25000FFF706FB009F044628B966B90146284619
:10F26000FEF790FF044638462146FEF7A1FD2046F2
:10F270000CB0BDE8F08101ABFB602846FEF706FF4D
:10F2800010F0FB080446EED131462846FEF7C4FADA
:10F2900041462846FEF784FE0428044614BF04466F
:10F2A0000024E0E72DE9F341044690460646002598
:10F2B0004F1EAF4212DD01AB012269464046FFF707
:10F2C00041FC019B012B09D19DF800300D2BF2D0A0
:10F2D0000A2B06F8013B05F10105EAD100239D4206
:10F2E00014BF20461846337002B0BDE8F08100001C
:10F2F00030B50E4B5C7A054604F0FF00A4B95C7A89
:10F3000018555C7A03EB840465605C7A1C442272B5
:10F310005A7A541CE4B25C723A2330324B702F2379
:10F320000A708B70C87030BD0120FCE748E00020F7
:10F330000022FFF7DDBF00007F2815D931B1FF287B
:10F3400011D80A4B803833F810007047074B33F858
:10F35000022B824205D001318029F8D18031C8B218
:10F36000704789B2FAE70020704700BFB82A030847
:10F3700070B51E4B1E4AB0F5805F38BF1346191D8D
:10F3800031F8043C0A46ABB1984213D331F8024C31
:10F39000250AE6B253FA84F4A04221DA082D09D8EE
:10F3A000DFE805F005090F11131517191B00C01A26
:10F3B00031F8100070BDC31A03F00103C01A80B207
:10F3C000F8E71038FBE72038F9E73038F7E71A3864
:10F3D000F5E70830F3E75038F1E7A0F5E350EEE742
:10F3E0000431002DCCD102EB4603C8E70A280308FC
:10F3F000C628030813B500230C4668460121CDE951
:10F40000003300F086F82060003818BF012002B0F9
:10F4100010BD08B500F0C7F8012008BD08B54FF4CD
:10F420007A7100F099F8B0FA80F0400908BD00F058
:10F43000B8B808B501F0EEF8002008BD08B501F035
:10F440000BFC013818BF012008BDEFF305830BB199
:10F4500001F03EB901F036B970B5054646692A6932
:10F46000B5F908400B4686B0D0E9001076B1AD6919
:10F4700065B1842C14BF03340024CDE901650094E8
:10F4800000F0F8FF0590059806B070BD842C14BFFD
:10F490000334002405ADCDE9004592B201F022F815
:10F4A0000128F0D00020EFE708B5012838BF01207F
:10F4B00001F06EFA002008BD07B500230193EFF3B9
:10F4C0000583ABB101A900F0B6FB012802D0FF20F3
:10F4D00003B000BD019B4BB14FF0E0234FF08052D1
:10F4E000C3F8042DBFF34F8FBFF36F8F0020EFE7FA
:10F4F0001A46194600F043FA0128E8D1F6E710B59C
:10F50000EFF305841CB900F0FDFD204610BD8224F8
:10F51000FBE7034613B55C68084664B1012919D1BD
:10F520000323002200931146234600F0BAF9044653
:10F53000204602B010BD0129FAD12146032200F075
:10F54000FAF904460028F3D000231A46194600F0C1
:10F5500016FAEDE70024EBE707B500230193F0B1BD
:10F56000EFF30582B2B101AA194600F032FD01287D
:10F5700002D0FF2003B000BD019B4BB14FF0E02350
:10F580004FF08052C3F8042DBFF34F8FBFF36F8F3E
:10F590000020EFE700F03FFC0128F9D0E9E78020E8
:10F5A000E8E7FFF789BFFFF7AABF13B5034607C80F
:10F5B0000AB1DB682BB9002202B0BDE8104000F0B0
:10F5C000BAB90024009400F06CF902B010BD1FB568
:10F5D000019100210391EFF30583BBB10B4603AA10
:10F5E00001A900F0CBFA012802D0FF2005B000BD30
:10F5F000039B4BB14FF0E0234FF08052C3F8042D32
:10F60000BFF34F8FBFF36F8F0020EFE7012A38BFA2
:10F61000012201A900F0B3F90128F5D0E5E730B5E2
:10F6200085B000230546144608460391029311B99C
:10F630008023019318E00093EFF30583E3B16A465A
:10F6400002A900F0C6FC431E58425841009B00012D
:10F6500001904BB14FF0E0234FF08052C3F8042DDE
:10F66000BFF34F8FBFF36F8F04AB13E9070085E83B
:10F670000700284605B030BD02A900F02DFB012887
:10F6800001D11023D5E7003C18BF0124A401019447
:10F69000EAE700F108034FF0FF32C0E902234360BC
:10F6A00003610023036070470023036170474368D0
:10F6B0004B609A688A605160996003680861013301
:10F6C0000360704730B50C68631C0AD103695A683F
:10F6D0004A6091608B605960036808610133036080
:10F6E00030BD00F10802134652681568A542FAD9E8
:10F6F000EDE7D0E9011203698A60516059688142DF
:10F7000008BF5A60002202611A68013A1A6018683C
:10F71000704710B5044601F04DFEA46B01F06AFE7F
:10F72000B4FA84F0400910BD70B51646026C856BC2
:10F73000044642B906689EB9806801F0E5FAA66001
:10F740000135A56370BD6EB9406806F0CCF96368F9
:10F75000226C1344A2686360934224BF23686360F1
:10F760000020EDE7C06806F0BEF9226CE368514264
:10F770009B1A2268E36093423EBFA3685B18E36074
:10F78000022EEDD10DB1013DEAE72846D8E7034648
:10F7900010B41A6C084662B1DC68A1189C68D96084
:10F7A000A14228BF19685DF8044B28BFD96006F054
:10F7B0009AB95DF8044B704770B5044601F0FAFD44
:10F7C00094F8455004F124066DB2002D01DD636A02
:10F7D000B3B9FF2384F8453001F00CFE01F0EAFDD7
:10F7E00094F8445004F110066DB2002D01DD236938
:10F7F0007BB9FF2384F84430BDE8704001F0FABDC6
:10F80000304601F093F908B101F01AFA013D6DB2EA
:10F81000DBE7304601F08AF908B101F011FA013D49
:10F820006DB2E2E738B50D46044640B94FF05003DB
:10F8300083F31188BFF36F8FBFF34F8FFEE701F0A3
:10F84000B9FDD4E90F31226862604B43D0185B1ACE
:10F850001A44A060FF230020A063E26084F84430D3
:10F8600084F84530A5B9236973B104F1100001F0A3
:10F870005DF948B14FF0E0234FF08052C3F8042DFA
:10F88000BFF34F8FBFF36F8F01F0B4FD012038BD80
:10F8900004F11000FFF7FDFE04F12400FFF7F9FE6C
:10F8A000F2E737B50D461C4640B94FF0500383F3DD
:10F8B0001188BFF36F8FBFF34F8FFEE743B94FF04F
:10F8C000500383F31188BFF36F8FBFF34F8FFEE7B1
:10F8D0004AB191B94FF0500383F31188BFF36F8F92
:10F8E000BFF34F8FFEE741B14FF0500383F3118810
:10F8F000BFF36F8FBFF34F8FFEE748230193019B48
:10F90000482B08D04FF0500383F31188BFF36F8F5B
:10F91000BFF34F8FFEE70121002D08BF2246C4E947
:10F920000F0584F8461022602046019BFFF77AFFFE
:10F93000204603B030BD70B50D46064640B94FF0C5
:10F94000500383F31188BFF36F8FBFF34F8FFEE730
:10F950004843483001F096FE044660B1002380F829
:10F96000463055B100F14803C4E90F652360012119
:10F970002046FFF757FF204670BD0346F4E72DE908
:10F98000FF410F4601921E46044640B94FF0500316
:10F9900083F31188BFF36F8FBFF34F8FFEE751B929
:10F9A000036C43B14FF0500383F31188BFF36F8FA3
:10F9B000BFF34F8FFEE7022E0BD1E36B012B08D074
:10F9C0004FF0500383F31188BFF36F8FBFF34F8F56
:10F9D000FEE701F041F9054650B9019B4BB14FF0EC
:10F9E000500383F31188BFF36F8FBFF34F8FFEE790
:10F9F00000254FF0000839E0022E3DD0019B1BB9D5
:10FA000001F0F8FC002050E015B902A801F0D0F890
:10FA100001F0F0FC00F04EFE01F0CCFC94F8443014
:10FA2000FF2B08BF84F8448094F84530FF2B08BFB3
:10FA300084F8458001F0DEFC01A902A801F0C4F8B9
:10FA4000002848D101F0B6FCA26BE36B9A422FD19B
:10FA500001F0D0FC019904F1100001F02FF82046CC
:10FA6000FFF7AAFE00F0D4FE50B3012501F0A2FC7E
:10FA7000A26BE36B9A42BFD2324639462046FFF76B
:10FA800053FE636A1BB104F1240001F04FF848B142
:10FA90004FF0E0234FF08052C3F8042DBFF34F8F97
:10FAA000BFF36F8F01F0A6FC012004B0BDE8F08128
:10FAB00001F0A0FC2046FFF77FFE00F0A9FED4E78E
:10FAC0004FF0E0234FF08052C3F8042DBFF34F8F67
:10FAD000BFF36F8FC9E72046FFF76EFE00F098FE78
:10FAE00090E713B500220B46009011460120FFF766
:10FAF000D8FE002383600360C3601A46194604469B
:10FB0000FFF73DFF204602B010BD38B5044640B9AE
:10FB10004FF0500383F31188BFF36F8FBFF34F8F04
:10FB2000FEE7856801F092F885420BD1E368013B5E
:10FB3000E3600BB1012038BD1A4619462046FFF795
:10FB40001EFFF7E70020F6E738B5482001F09AFDE0
:10FB5000044688B100250121C0E90F1580F8465000
:10FB60000060FFF75FFEA5602560E5602B462A4632
:10FB700029462046FFF703FF204638BD2DE9F8430C
:10FB8000894617461E46044640B94FF0500383F39A
:10FB90001188BFF36F8FBFF34F8FFEE751B9036C2E
:10FBA00043B14FF0500383F31188BFF36F8FBFF35E
:10FBB0004F8FFEE7022E0BD1E36B012B08D04FF0E5
:10FBC000500383F31188BFF36F8FBFF34F8FFEE7AE
:10FBD00001F004FDEFF311884FF0500383F3118817
:10FBE000BFF36F8FBFF34F8FA26BE36B9A4201D3CA
:10FBF000022E1ED194F84550A36B6DB23246494691
:10FC00002046FFF791FD6B1C0ED1636A3BB104F1F6
:10FC1000240000F08BFF10B10FB101233B600120E5
:10FC200088F31188BDE8F88301356DB284F845503A
:10FC3000F5E70020F4E770B50D46044640B94FF0F3
:10FC4000500383F31188BFF36F8FBFF34F8FFEE72D
:10FC5000036C43B14FF0500383F31188BFF36F8FF0
:10FC6000BFF34F8FFEE7036853B9836843B14FF08A
:10FC7000500383F31188BFF36F8FBFF34F8FFEE7FD
:10FC800001F0ACFCEFF311864FF0500383F31188C1
:10FC9000BFF36F8FBFF34F8FA26BE36B934219D902
:10FCA00094F845100132FF294BB2A2630DD1636A6B
:10FCB0003BB104F1240000F039FF10B10DB1012374
:10FCC0002B60012086F3118870BD01335BB284F88C
:10FCD0004530F6E70020F5E72DE9FF410E46019299
:10FCE000044640B94FF0500383F31188BFF36F8F80
:10FCF000BFF34F8FFEE751B9036C43B14FF0500390
:10FD000083F31188BFF36F8FBFF34F8FFEE700F0CF
:10FD1000A3FF054650B9019B4BB14FF0500383F34D
:10FD20001188BFF36F8FBFF34F8FFEE700254FF0B1
:10FD300000083DE0019B1BB901F05CFB002056E090
:10FD400015B902A800F034FF01F054FB00F0B2FC3A
:10FD500001F030FB94F84430FF2B08BF84F8448056
:10FD600094F84530FF2B08BF84F8458001F042FB32
:10FD700001A902A800F028FF002841D12046FFF782
:10FD8000C8FCB8B3019904F1240000F097FE2046A6
:10FD9000FFF712FD00F03CFD48B94FF0E0234FF0B3
:10FDA0008052C3F8042DBFF34F8FBFF36F8F01252F
:10FDB00001F000FBA76B002FBCD031462046013F6D
:10FDC000FFF7E5FCA763236973B104F1100000F0AD
:10FDD000ADFE48B14FF0E0234FF08052C3F8042D40
:10FDE000BFF34F8FBFF36F8F01F004FB012004B00E
:10FDF000BDE8F0812046FFF7DFFC00F009FDD6E703
:10FE00002046FFF7D9FC00F003FD2046FFF781FCF8
:10FE10000028CCD092E7F0B585B00446019140B9F6
:10FE20004FF0500383F31188BFF36F8FBFF34F8FF1
:10FE3000FEE7056C45B14FF0500383F31188BFF323
:10FE40006F8FBFF34F8FFEE700F006FF064650B9F5
:10FE5000019B5BB14FF0500383F31188BFF36F8FA9
:10FE6000BFF34F8FFEE72E46002752E00546FBE723
:10FE7000019B5BB9002D00F08A804FF0500383F3A3
:10FE80001188BFF36F8FBFF34F8FFEE716B902A83B
:10FE900000F08EFE01F0AEFA00F00CFC01F08AFAE0
:10FEA00094F84430FF2B08BF84F8447094F8453030
:10FEB000FF2B08BF84F8457001F09CFA01A902A845
:10FEC00000F082FE00284CD12046FFF722FC0028DB
:10FED00041D023683BB901F06DFAA06800F0CCFE78
:10FEE000054601F087FA019904F1240000F0E6FDCF
:10FEF0002046FFF761FC00F08BFC48B94FF0E0238F
:10FF00004FF08052C3F8042DBFF34F8FBFF36F8FB4
:10FF1000012601F04FFAA36B002BA9D0013BA3638C
:10FF2000236813B900F094FFA060236973B104F152
:10FF3000100000F0FBFD48B14FF0E0234FF080527D
:10FF4000C3F8042DBFF34F8FBFF36F8F01F052FA48
:10FF5000012005B0F0BD2046FFF72EFC00F058FC54
:10FF6000D6E72046FFF728FC00F052FC2046FFF7BA
:10FF7000D0FB0028CCD065B101F01CFA616A19B140
:10FF8000236B1968C1F10701A06800F00DFF01F0B3
:10FF900031FA0020DDE770B50D46044640B94FF058
:10FFA000500383F31188BFF36F8FBFF34F8FFEE7CA
:10FFB000866800F04BFE864204D1E3680133E360BB
:10FFC000012005E029462046FFF725FF0028F4D14F
:10FFD00070BD2DE9F84389469046044640B94FF07C
:10FFE000500383F31188BFF36F8FBFF34F8FFEE78A
:10FFF00051B9036C43B14FF0500383F31188BFF341
:020000040802F0
:100000006F8FBFF34F8FFEE701F0E8FAEFF3118730
:100010004FF0500383F31188BFF36F8FBFF34F8FFF
:10002000A56B0DB394F84460494676B22046FFF7BD
:10003000AEFB013D731CA56311D1236953B104F1DB
:10004000100000F073FD28B1B8F1000F02D00123B9
:10005000C8F80030012087F31188BDE8F883013625
:1000600076B284F84460F5E72846F4E710B5044614
:1000700040B94FF0500383F31188BFF36F8FBFF384
:100080004F8FFEE701F096F9A46B01F0B3F920461B
:1000900010BD40B94FF0500383F31188BFF36F8F49
:1000A000BFF34F8FFEE7806BB0FA80F040097047D6
:1000B00030B5074A002352F8335002EBC3041DB990
:1000C00042F83310606030BD0133082BF3D1FAE7FA
:1000D00054E0002010B5094A002352F83310814241
:1000E0004FEAC30406D1064A002142F833102244E5
:1000F000516010BD0133082BEFD1FAE758E0002022
:1001000054E0002010B540B94FF0500383F311883C
:10011000BFF36F8FBFF34F8FFEE7FFF7DBFF90F862
:1001200046301BB9BDE8104001F046BB10BD70B5AC
:1001300004460D46164601F03DF994F84430FF2B75
:1001400004BF002384F8443094F84530FF2B04BFEB
:10015000002384F8453001F04DF9A36B2BB93246EA
:10016000294604F1240000F0C3FC2046BDE870409D
:10017000FFF722BB2DE9F041044601F01BF92F4B9C
:100180002F4E1A682F4F01321A603568002D4AD160
:1001900034601B68012B1FD1B84640460135FFF77C
:1001A00078FA072D08F11408F7D1DFF8C080264D42
:1001B0004046FFF76EFA2846FFF76BFA2348FFF731
:1001C00068FA2348FFF765FA2248FFF762FA224BE4
:1001D000C3F80080214B1D60214A2249136808683A
:1001E00001331360E26A01239340034314200B6040
:1001F00000FB0270211DFFF75AFA01F0FBF81A4BC1
:100200001B6873B13368DA6AE36A9A4209D24FF025
:10021000E0234FF08052C3F8042DBFF34F8FBFF39C
:100220006F8FBDE8F081104B1B68002BD4D1336871
:10023000DA6AE36A9A4298BF3460CDE7B8E00020FA
:10024000B8E100202CE1002004E10020E8E00020DB
:10025000D4E00020BCE0002000E10020FCE0002011
:100260009CE00020B0E00020ACE0002018E100207D
:10027000F8B51A4B1A4D1C680646286804300F461C
:10028000FFF737FA40B92A681649D06A0B6801228D
:10029000824023EA02030B60731C07D137B129683F
:1002A0001148BDE8F8400431FFF701BA2B68A419E2
:1002B0005C6007D30D4B18682968BDE8F84004312D
:1002C000FFF700BA0A4B186829680431FFF7FAF9FA
:1002D000084B1A68A24288BF1C60F8BDB4E0002039
:1002E000B8E10020B0E00020BCE00020FCE00020ED
:1002F00000E1002098E00020064A13681968064BC8
:1003000019B94FF0FF321A6070471268D268D2688C
:100310005268F8E700E1002098E0002010B504469C
:10032000503005F017FB94F8A1303BB9206B01F079
:1003300043FA2046BDE8104001F03EBA012BF8D048
:10034000022B08D04FF0500383F31188BFF36F8F57
:10035000BFF34F8FFEE710BD80B5134C134F144D04
:10036000236873B9134B1B68012BF8D94FF0E023B6
:100370004FF08052C3F8042DBFF34F8FBFF36F8F40
:10038000EDE701F017F8FB68DE68301DFFF7B1F903
:100390002B68013B2B602368013B236001F02AF8A6
:1003A0003046FFF7BBFFDBE7D0E00020D4E00020C1
:1003B000B8E000202CE100202DE9F047DDE90994A8
:1003C0009600324607460D46206BA521984605F05B
:1003D00010FA236B043E1E4426F00706002D43D07E
:1003E0006B1E04F133020F3513F8011F02F8011FD1
:1003F00009B1AB42F8D1002384F84330089D062DA3
:1004000028BF06254FF0000AE5626564201DC4F888
:1004100048A0FFF749F9C5F1070504F11800FFF7F7
:1004200043F9C4F89CA04C2251462461A561646242
:10043000C4F84CA084F8A0A004F1500005F0D9F94C
:100440000B4B636503F16802D033A265E365424656
:100450003946304600F086FF2060B9F1000F01D028
:10046000C9F80040BDE8F08784F83450C6E700BF03
:1004700054F4012070B586B0DDE90B5445B94FF056
:10048000500383F31188BFF36F8FBFF34F8FFEE7E5
:1004900044B94FF0500383F31188BFF36F8FBFF35C
:1004A0004F8FFEE7A4260596059EA42E08D04FF098
:1004B000500383F31188BFF36F8FBFF34F8FFEE7B5
:1004C0002563022584F8A15004AD01950A9D02948C
:1004D0000095059EFFF770FF2046FFF74BFE04983E
:1004E00006B070BD2DE9F043074685B09000884600
:1004F0001646994601F0C6F8054620B94FF0FF3080
:1005000005B0BDE8F083A42001F0BCF8044698B122
:10051000002380F8A1300D9B056301930C9B029092
:10052000009332464B4641463846FFF745FF20468A
:10053000FFF720FE0120E3E7284601F03DF9DDE763
:1005400070B504462A4D00F035FF04B92C68261D0D
:100550003046FFF7CEF860B9E06A264A14234343D9
:10056000D35833B9244901220B68824023EA02039D
:100570000B60A36A1BB104F11800FFF7BAF81F4A19
:100580001368013313602B68A3421BD11C4831460A
:10059000FFF78DF81B4A13680133136000F02AFF40
:1005A000194B1B6813B32B68A3421FD1174B1B6851
:1005B00093B14FF0500383F31188BFF36F8FBFF3F4
:1005C0004F8FFEE7124A13682046013B1360FFF786
:1005D000A5FEFFF791FEE1E74FF0E0234FF08052D8
:1005E000C3F8042DBFF34F8FBFF36F8F70BD00BFF3
:1005F000B8E100202CE10020B0E000209CE00020C9
:10060000D4E00020D0E00020ACE0002094E0002006
:10061000B8E0002010B588B0002407AA06A905A8F4
:10062000CDE9054401F0F2F9059B0293069B079A78
:1006300019491A48CDE900432346FFF71BFF40B391
:1006400000F064FC012819D14FF0500383F31188A6
:10065000BFF36F8FBFF34F8F114B124A1B6850339C
:100660001360114B4FF0FF321A60104B1860104BA3
:100670001C6008B0BDE8104000F02CBF013008D16C
:100680004FF0500383F31188BFF36F8FBFF34F8F89
:10069000FEE708B010BD00BF3A96020859030208F1
:1006A000B8E10020BC02002098E00020ACE000206F
:1006B000B4E00020024A136801331360704700BFA2
:1006C00094E00020014B1868704700BFB4E00020A0
:1006D00008B500F083FF014B186808BDB4E00020A6
:1006E000404B1B682DE9F74F002B75D13E4B1C6822
:1006F00001341C60BCB93D4B1A68126842B14FF01E
:10070000500383F31188BFF36F8FBFF34F8FFEE762
:10071000374A1968106818601160364A1368013347
:100720001360FFF7E9FD344E344F3368DFF8D880AB
:100730009C424FF000050AD3DFF8B0B0DFF8CCA040
:10074000DBF800301B68A3B94FF0FF333360D8F8F3
:100750000030DB6A14225343F858294B1B680128E8
:1007600098BF002B14BF01200020284303B0BDE830
:10077000F08FDBF80030DB68D3F80C90D9F8042058
:10078000944201D23260E2E709F104031846019372
:10079000FEF7AFFFD9F828201AB109F11800FEF7CB
:1007A000A8FFD9F82C00DAF80010012303FA00F2B0
:1007B0000A43CAF80020142209F1040102FB007068
:1007C000FEF775FFD8F80010D9F82C20CB6A9A42B2
:1007D00028BF45F00105B3E70A4A136801331360E7
:1007E0000020C3E794E00020B4E0002000E10020F6
:1007F000FCE00020A0E0002098E000202CE1002098
:10080000A4E00020A8E00020B8E10020B0E0002033
:100810002DE9F843314C236843B94FF0500383F37B
:100820001188BFF36F8FBFF34F8FFEE700F0C2FD5B
:100830002368013B236024682CB1002400F0DAFD1A
:100840002046BDE8F883264B1B68002BF5D0254DCC
:10085000254EDFF8A4801FE0EB68DC6804F1040992
:1008600004F11800FEF745FF4846FEF742FFE26A32
:100870003168012707FA02F314200B4300FB0280C2
:1008800049463360FEF713FF184BE26A1B68DB6AC8
:100890009A4201D3164B1F602B68002BDCD10CB1A0
:1008A000FFF72AFD134D2C6844B1114E0127FFF7C5
:1008B00017FF00B13760013CF9D12C600C4B1B686D
:1008C000002BBAD04FF0E0234FF08052C3F8042D34
:1008D000BFF34F8FBFF36F8F0124AFE794E0002089
:1008E000B8E00020E8E00020B0E00020B8E10020FF
:1008F000A4E00020A8E000202CE1002010B540B9C1
:100900004FF0500383F31188BFF36F8FBFF34F8F06
:10091000FEE741B94FF0500383F31188BFF36F8FA7
:10092000BFF34F8FFEE7184B1B6843B14FF05003E6
:1009300083F31188BFF36F8FBFF34F8FFEE7FFF78D
:10094000B9FE124B04681A6863182CBF01210021FC
:1009500094420FD979B90360FFF75AFF48B94FF0B5
:10096000E0234FF08052C3F8042DBFF34F8FBFF345
:100970006F8F10BD09B99A42EDD203600021981A19
:10098000FFF776FCE8E700BF94E00020B4E0002029
:1009900008B550B94FF0E0234FF08052C3F8042D52
:1009A000BFF34F8FBFF36F8F08BD0A4B196841B17A
:1009B0004FF0500383F31188BFF36F8FBFF34F8F56
:1009C000FEE7FFF777FEFFF753FCFFF721FF002854
:1009D000E0D0E9E794E0002038B50D46044608B9B8
:1009E000044B1C6800F0E6FCE564BDE8384000F00C
:1009F00001BD00BFB8E1002010B5044608B9044BA2
:100A00001C6800F0D7FCE46C00F0F4FC204610BD3C
:100A1000B8E10020234B1A68234B10B512B1012214
:100A20001A6010BD214C1A6023681B6B1A68B2F162
:100A3000A53F0BD15A68B2F1A53F07D19A68B2F130
:100A4000A53F03D1DB68B3F1A53F04D0206821683E
:100A50003431E0F73FFC164B1B68B3FA83F3DBB28B
:100A60001422C3F11F0313485343C118C25842B99B
:100A70004FF0500383F31188BFF36F8FBFF34F8F95
:100A8000FEE74A68083352684A6003449A4204BF4A
:100A900052684A60D36823602368074A5033136062
:100AA000BFE700BF94E00020A4E00020B8E10020F0
:100AB000B0E000202CE10020BC02002010B50C4664
:100AC00040B94FF0500383F31188BFF36F8FBFF32A
:100AD0004F8FFEE7054B19681831FEF7F3FD2046EE
:100AE0000121BDE81040FFF7C3BB00BFB8E1002003
:100AF00038B50D46144640B94FF0500383F31188C2
:100B0000BFF36F8FBFF34F8FFEE7074B19681831A4
:100B1000FEF7CDFD002C21460CBF28464FF0FF30DC
:100B2000BDE83840FFF7A4BBB8E1002038B5C36882
:100B3000DC6844B94FF0500383F31188BFF36F8F23
:100B4000BFF34F8FFEE704F118052846FEF7D1FDED
:100B5000114B1B68E3B9251D2846FEF7CAFD0F4956
:100B6000E26A08680123934003430B600C4B142096
:100B7000294600FB0230FEF79AFD0A4BE26A1B6829
:100B8000DB6A9A4283BF084B01201860002038BD01
:100B900006482946EFE700BF94E00020B0E00020BF
:100BA0002CE10020B8E10020A4E00020E8E00020D3
:100BB000034B1B680360034B1B684360704700BF17
:100BC000A0E00020B4E0002070B50C46054640B916
:100BD0004FF0500383F31188BFF36F8FBFF34F8F34
:100BE000FEE741B94FF0500383F31188BFF36F8FD5
:100BF000BFF34F8FFEE700F0DDFB0F4B1968236852
:100C00005A1C10D00D482E6800686A68864201D0D0
:100C10008A420FD9881A83420AD95B1A1344236087
:100C20002846FFF7C5FF002400F0E4FB204670BD16
:100C3000002323600124F7E7B4E00020A0E00020B7
:100C4000014B01221A607047A4E00020014B186894
:100C5000704700BFB8E10020054B1B6833B1054B5E
:100C60001868B0FA80F040094000704701207047D2
:100C7000ACE0002094E00020F8B50446002830D015
:100C80001E4DC36A2A68D26A93422FD282691C4ED3
:100C9000002AA1BF2A68D26AC2F107028261142227
:100CA00002FB036342699A421CD1071D3846FEF7D6
:100CB00020FD144A30B9E06A13680121814023EA1B
:100CC000010313602B681168D86AE0620123834036
:100CD0000B4313601423394603FB0060FEF7E7FC67
:100CE0000120F8BD2B68DB6AC362F9E72B68406C12
:100CF000DB6A98422CBF00200120F2E7B8E1002017
:100D00002CE10020B0E00020F8B5044608B900202E
:100D1000F8BD224B1B68834208D04FF0500383F389
:100D20001188BFF36F8FBFF34F8FFEE79B6C43B902
:100D30004FF0500383F31188BFF36F8FBFF34F8FD2
:100D4000FEE7C16A426C013B91428364DFD0002B15
:100D5000DDD1061D3046FEF7CCFC114F114A50B9CB
:100D6000E16A14234B43FB582BB9136801258D40CE
:100D700023EA05031360636CE362C3F10701A16119
:100D80001168012404FA03F514200D4300FB0370DD
:100D900031461560FEF78BFC2046B9E7B8E100202C
:100DA0002CE10020B0E00020F8B50446002847D030
:100DB000826C42B94FF0500383F31188BFF36F8FF9
:100DC000BFF34F8FFEE7436C994238BF1946C36AA1
:100DD0008B4235D0012A33D11A4A1268824208D197
:100DE0004FF0500383F31188BFF36F8FBFF34F8F22
:100DF000FEE78269144DC162002A4FF0140202FB23
:100E000003534269A4BFC1F1070181619A4217D11E
:100E1000071D3846FEF76DFCE66A0C4B0122B24016
:100E200018B91C6824EA02041C601C6814202243C0
:100E30001A60394600FB0650BDE8F840FEF737BCA3
:100E4000F8BD00BFB8E100202CE10020B0E0002098
:100E5000044B1A681AB119688A6C01328A641868DE
:100E6000704700BFB8E10020914208B541600061C1
:100E70000AD8D21A83699A420DD2084B011D18680C
:100E8000FEF720FC002008BD9A4201D2994202D20E
:100E9000034B011DF3E70120F5E700BF88E20020C6
:100EA0008CE20020F7B5114C00F084FA2568BDB93A
:100EB0000F4F104E3846FEF7ECFB3046FEF7E9FBCD
:100EC0000D4B0E4A1F600E4B0C211E600A200D4B6D
:100ED0000095FEF7E6FC206010B10B49FFF7E8F83B
:100EE00003B0BDE8F04000F085BA00BF84E2002006
:100EF000A4E2002090E200208CE2002004E2002026
:100F000088E20020BCE100203F96020810B588B0BE
:100F1000FFF7C8FF124B1B68B3B1002407AA06A94C
:100F200005A8CDE9054400F07DFD059B0293069BD5
:100F3000019306230093079A0A490B482346FFF7BB
:100F400099FA0A4B186040B94FF0500383F31188A7
:100F5000BFF36F8FBFF34F8FFEE7012008B010BDC6
:100F600084E20020449602089910020880E20020E2
:100F70002DE9F041804628200D4616461F4600F018
:100F800081FB0446F0B1002380F8243045B94FF0CE
:100F9000500383F31188BFF36F8FBFF34F8FFEE7CA
:100FA000FFF780FF069BC4F80080C4E90657236260
:100FB000201DFEF779FB2EB194F8243043F0040392
:100FC00084F824302046BDE8F08100007FB5154646
:100FD00004461A4640B94FF0500383F31188BFF31B
:100FE0006F8FBFF34F8FFEE70D4E306888B1052934
:100FF000CDE9011503940EDCFFF72EFE0346022B0C
:101000004FF0000330680CBF089A1A4601A9FEF79A
:10101000B6FC04B070BD002301A9FEF7AFFDF8E7F0
:1010200084E20020F7B51A4D2B681A682AB9194ACC
:1010300011682960136003B0F0BDDB68DC681E68CE
:10104000271D3846FEF755FB236A2046984794F83B
:1010500024305B07E8D5A36933449E4206D2286852
:10106000636024613946FEF72DFBDDE70023009322
:10107000324619462046FFF7A9FF0028D4D14FF089
:10108000500383F31188BFF36F8FBFF34F8FFEE7D9
:101090008CE2002088E200202DE9F043794F7A4E5F
:1010A00087B03B68D3F80080B8F1000F28D0DB6828
:1010B000D3F800800024FFF7FDFAFFF703FB336845
:1010C000984205461ED3306024B3704B1B681C68E1
:1010D000B4FA84F464096E4B22461868A8EB050143
:1010E000FFF725F8FFF794FB88B94FF0E0234FF0A6
:1010F0008052C3F8042DBFF34F8FBFF36F8F06E00C
:101100000124D8E7FFF78EFF3560FFF781FBDFF89A
:1011100080817AE08045DED8FFF77AFB3B68DB68A8
:10112000D3F80C9009F10400FEF7E3FA99F82430A3
:10113000580719D5D9F8181043462A46414448465D
:10114000FFF792FEA0B1009423464246214648464E
:10115000FFF73CFF60B94FF0500383F31188BFF3F2
:101160006F8FBFF34F8FFEE723F0010389F8243020
:10117000D9F8203048469847C9E794F82430A16947
:1011800043F0010384F82430049B2A461944204686
:10119000FFF76AFE002838D0236A2046984794F863
:1011A0002430590731D5A269049900230A440093D9
:1011B00019462046FFF70AFF38BB4FF0500383F370
:1011C0001188BFF36F8FBFF34F8FFEE794F8243081
:1011D00023F0010384F8243017E094F824300499B4
:1011E000A16143F0010384F8243041B94FF050036A
:1011F00083F31188BFF36F8FBFF34F8FFEE72B464A
:101200002A4629442046FFF72FFED8F80000002286
:1012100003A9FEF761FD00283FF443AF039B002BB9
:10122000F3DB059C636913B1201DFEF762FAFFF73B
:1012300049FA33689842054601D2FFF7F3FE039B53
:101240003560092BE1D801A252F823F07B11020886
:101250007B1102087B110208CD110208DB11020884
:10126000751202087B1102087B110208CD110208D9
:10127000DB11020894F824309A07A9D4204600F024
:101280009BFAC2E78CE200207CE2002088E200208A
:1012900084E2002010B5044640B94FF0500383F3B8
:1012A0001188BFF36F8FBFF34F8FFEE700F082F816
:1012B00094F8244004F0010400F09CF8204610BD8E
:1012C00010B5044640B94FF0500383F31188BFF3C3
:1012D0006F8FBFF34F8FFEE700F06CF8E46900F00A
:1012E00089F8204610BD000008480068006880F3B7
:1012F00008884FF0000080F3148862B661B6BFF32F
:101300004F8FBFF36F8F00DF00BF000008ED00E0DC
:10131000DFF80C00016841F47001016070470000C3
:1013200088ED00E082B0002301930D4B1B68013370
:1013300008D04FF0500383F31188BFF36F8FBFF3D2
:101340004F8FFEE74FF0500383F31188BFF36F8F89
:10135000BFF34F8F019B002BFCD002B0704700BF42
:10136000D40000204FF0807340F8043C074B40F855
:101370000C3C21F001016FF0020340F8081C40F81A
:10138000202C40F8243C4438704700BF2513020845
:10139000074B19680868B0E8F04F80F30988BFF37D
:1013A0006F8F4FF0000080F311887047AFF300801B
:1013B000B8E100204FF0500383F31188BFF36F8F23
:1013C000BFF34F8F0A4A13680133012B13600ED10C
:1013D0004FF0E023D3F8043DDBB243B14FF05003AC
:1013E00083F31188BFF36F8FBFF34F8FFEE7704712
:1013F000D4000020084A136843B94FF0500383F328
:101400001188BFF36F8FBFF34F8FFEE7013B13606F
:101410000BB983F311887047D4000020000000004E
:10142000EFF30980BFF36F8F154B1A681EF0100F92
:1014300008BF20ED108A20E9F04F106009B44FF08A
:10144000500080F31188BFF34F8FBFF36F8FFFF70A
:10145000E1FA4FF0000080F3118809BC19680868B0
:10146000B0E8F04F1EF0100F08BFB0EC108A80F308
:101470000988BFF36F8F7047AFF30080AFF3008030
:10148000B8E1002008B54FF0500383F31188BFF393
:101490006F8FBFF34F8FFFF723F928B14FF0E02391
:1014A0004FF08052C3F8042D002383F3118808BD48
:1014B0004FF0E022002313619361054B4FF47A71E2
:1014C0001B68B3FBF1F3013B5361072313617047C2
:1014D000DC0000204FF0E02337B5D3F8001D394A77
:1014E000914208D14FF0500383F31188BFF36F8FFF
:1014F000BFF34F8FFEE7D3F8002D334B9A4208D14C
:101500004FF0500383F31188BFF36F8FBFF34F8FFA
:10151000FEE72E4B1A78D2B20192FF221A701B7886
:101520002B4ADBB28DF803309DF8033003F05003F3
:101530001370284A072313609DF80300000603F187
:10154000FF310AD4032B11D04FF0500383F31188DD
:10155000BFF36F8FBFF34F8FFEE79DF8033011602D
:101560005B00DBB28DF803300B46E5E74FF44073C8
:101570001360019B154A4FF0E024DBB21370D4F8DE
:10158000203D43F47003C4F8203DD4F8203D43F0DF
:101590007043C4F8203DFFF78BFF0F4B00251D6003
:1015A000FFF7B6FED4F8343F43F04043C4F8343F6D
:1015B000FFF79AFEFFF72EFAFFF7B4FE284603B0B6
:1015C00030BD00BF71C20F4170C20F4100E400E0A6
:1015D000BCE20020B8E20020D4000020EFF3058335
:1015E0000F2B0ED9114A9B5C114A12789A4208D9E6
:1015F0004FF0500383F31188BFF36F8FBFF34F8F0A
:10160000FEE74FF0E0230B4AD3F80C3D126803F4D9
:10161000E063934208D94FF0500383F31188BFF37E
:101620006F8FBFF34F8FFEE7704700BFF0E300E01E
:10163000BCE20020B8E2002010B5104B1A461B682F
:101640008342FBD354681119884201BF4168104698
:1016500009195160446801198B420CD10849096885
:101660008B4203D05968214441601968016090425F
:1016700018BF106010BD1946F8E700BFD8E200207F
:10168000D4E200202DE9F0410446FFF713F8434966
:10169000434D0B680BBB434A56071FBFD01D20F0BC
:1016A000070002F56642131A0CBF4FF46643024668
:1016B00013443D4E083B23F0070300207060326066
:1016C000C3E90000981AC2E900300B60374B18607C
:1016D000374B18604FF000432B602F68274207D02C
:1016E000FFF796F8DFF7F8FD00263046BDE8F081F9
:1016F000002CF5D004F1080360071CBF23F007039A
:101700000833002BECD0DFF8A880D8F800509D42B9
:10171000E6D3254A14686068984201D22668B6B9B3
:101720000968A142DCD0216816681160C21A102A2B
:1017300006F1080612D9E01841070BD04FF050030C
:1017400083F31188BFF36F8FBFF34F8FFEE72246FD
:101750003446E0E742606360FFF76EFF626813495A
:10176000AD1A1743134A08686760002323601368A3
:10177000C8F80050854203F1010338BF0D601360C3
:10178000FFF746F87307B0D04FF0500383F311888A
:10179000BFF36F8FBFF34F8FFEE700BFD4E200208F
:1017A000C0E20020E0E20020D8E20020CCE20020ED
:1017B000D0E20020C8E2002010B5044690B31A4AD7
:1017C00050F8043C1268134208D14FF0500383F3E1
:1017D0001188BFF36F8FBFF34F8FFEE750F8081CDF
:1017E00041B14FF0500383F31188BFF36F8FBFF304
:1017F0004F8FFEE723EA020340F8043CFEF75AFF4E
:101800000A4A54F8043C1168A4F108000B44136020
:10181000FFF712FF064A1368BDE81040013313605A
:10182000FEF7F6BF10BD00BFC0E20020D0E20020EE
:10183000C4E20020F8B50446FEF73CFF184B1B68D5
:1018400043B3184A002511684FF0FF372E465A68F7
:101850001B68954238BF1546974228BF17469942E4
:1018600006F10106F3D1FEF7D3FFC4E90157E660A4
:10187000FFF7A0FD0C4B1B6823600C4B1B686361DA
:101880000B4B1B68A3610B4B1B682361BDE8F84041
:10189000FFF7B0BD4FF0FF371D461E46E3E700BF20
:1018A000D8E20020D4E20020D0E20020C8E20020EC
:1018B000C4E20020CCE2002008B513460A460146E7
:1018C0000348F7F719FB003818BF012008BD00BF17
:1018D00054D5012008B513460A4601460348F7F7D8
:1018E0009DFB003818BF012008BD00BF54D5012062
:1018F00008B50348F7F721FE043818BF012008BDDA
:1019000054D5012001460148F7F705BE54D5012002
:10191000704708B5FFF7FCFF08BD08B500F0D6FA20
:1019200008BD08B500F0DAFA08BD07B501238DF847
:10193000073000F057F808B98DF807009DF8070048
:1019400003B000BD08B5FFF7F0FF012804D1BDE8E2
:1019500008400248F7F7C4BD012008BD54D5012056
:1019600013B5174B002401941A6B42F480021A63DA
:101970001B6B03F480032246019305213A20019B4F
:10198000F4F76AFE3A20F4F799FE224605213B203F
:10199000F4F762FE3B20F4F791FE22460521442035
:1019A000F4F75AFE4420F4F789FE2246052146202A
:1019B000F4F752FE462002B0BDE81040F4F77EBEB8
:1019C0000038024008B503490348FDF7B1FC034B5A
:1019D000187008BD48CD0120B82B03084CCD01205C
:1019E0000020704708B54FF480410348F5F72CF903
:1019F000B0FA80F0400908BD0004024008B500F0CC
:101A00007BFE0120FDF750FDFBE70000034B036068
:101A1000034B0B6080231360704700BFF4D3012099
:101A2000F4D10120034B0360034B0B604FF4807330
:101A30001360704750D1012050CD012030B5084DC2
:101A40000FCD89B001AC0FC495E8070084E807000A
:101A5000002101A8FDF700FD024B186009B030BD60
:101A6000FC80020898D4012030B514228BB00DEB15
:101A70000200002103F0BDFE00243B4B01941A6BD1
:101A80003A4842F004021A631A6B02F0040201920F
:101A9000019A02941A6B42F080021A631A6B02F0E8
:101AA00080020292029A03941A6B42F001021A63B6
:101AB0001A6B02F001020392039A04941A6B42F02B
:101AC00002021A631B6B03F00203049322464FF4D5
:101AD0000051049BF5F7BEF8224625481821F5F77A
:101AE000B9F8224623480521F5F7B4F82148012228
:101AF0002021F5F7AFF84FF40052112305A91B4838
:101B0000CDE905230125CDE90744F4F7D7FF0723E5
:101B100005A917480795CDE90534F4F7CFFF182339
:101B200005A91348CDE90535CDE90744F4F7C6FF0B
:101B3000252305A90F48CDE90535CDE90744F4F77C
:101B4000BDFF47F2024305A90A480795CDE90534D0
:101B5000F4F7B4FF40230748079405A9CDE90534FD
:101B6000F4F7ACFF0BB030BD003802400008024073
:101B700000000240000402400C490D4A08B50D4B1C
:101B80000B600023C1E9012308464FF48042C1E9FC
:101B90000423C1E90633CB600B62F5F713FA18B1E1
:101BA000BDE8084000F0B0B808BD00BF9CD40120DB
:101BB000801A06000054004030B5044689B0142253
:101BC000002103A803F015FE2268144B9A4222D18B
:101BD000134C144800250195236B43F00203236343
:101BE000236B03F002030193019B4FF44072122315
:101BF000CDE9032303210423CDE9061303A9F4F758
:101C00005DFF0295236C43F400132364236C03F4FB
:101C100000130293029B09B030BD00BF0054004086
:101C2000003802400004024070B5102594B02A46E6
:101C300000210AA803F0DDFD1422002103A803F00F
:101C4000D8FD00231E4A0193116C41F080511164AC
:101C5000126C02F080520192019A1A4A02931168A2
:101C600041F4404111601268109502F44042022490
:101C70000292CDE90E43029AF0234FF480320326FC
:101C8000CDE90862CDE911340122052308A8CDE988
:101C90000B251393F6F75AFD08B172B6FEE70F2332
:101CA000CDE903344FF48053CDE906300590314639
:101CB00003A8F6F727FF08B172B6FEE714B070BDAF
:101CC000003802400070004008B5F4F773FCFFF7DD
:101CD000ABFFFFF7C9FEFFF743FE00F0A9F900F0E4
:101CE000F3FAFFF749FF00F001F9FFF76BFE00F090
:101CF0006BFC00F0FFFB00F015FBDFF7A7FAFFF726
:101D00009DFEFDF796FBFEE772B6FEE730B5124B7F
:101D10001C7814F0010489B0154619D1032919D88B
:101D2000DFE801F00D0208106846FFF7EBFD069BA7
:101D30002B6004E06846FFF7E5FD079B2B802046FB
:101D400009B030BD6846FFF7DDFD079B5B0AEFE792
:101D50000324F4E70424F2E7D800002038B5FDF7A7
:101D600074FB47F22F550446FDF76FFB031BAB4294
:101D700002D94FF0FF3003E0FFF7BAFD0028F3D19E
:101D800038BD00007FB50C4615461E46FFF7E6FF3E
:101D9000013002D1012004B070BD324629462046F0
:101DA000FFF798FD0028F5D10D4B47F23052196826
:101DB00001A8FDF734FC019B102BEBD1029B022BF9
:101DC000E8D1FDF742FB47F22F550446FDF73DFBF6
:101DD000031BAB42DED8FFF78BFD0028F6D1DAE714
:101DE000F0D401207FB50C4615461E46FFF7B6FF1E
:101DF000013002D1012004B070BD32462946204690
:101E0000FFF75AFD0028F5D10D4B47F23052196803
:101E100001A8FDF704FC019B102BEBD1029B012BC9
:101E2000E8D1FDF712FB47F22F550446FDF70DFBF5
:101E3000031BAB42DED8FFF75BFD0028F6D1DAE7E3
:101E4000F0D4012010B5064C01232370FFF750FD9C
:101E500018B9237803F0FE032370207810BD00BF6B
:101E6000D8000020F0B5164C85B001252570FDF78F
:101E7000E5FA08B3FFF766FD50B92570FFF738FDA6
:101E800018B9237803F0FE0323702378DBB22370A4
:101E90002378012B10D00B4E37686FB90A4B0FCB4C
:101EA0008DE80F0039466846FDF77FFB306018B9B2
:101EB000237843F001032370207805B0F0BD00BF04
:101EC000D8000020F0D4012018810208024B002223
:101ED00018680221FDF77BBBF0D40120024B0022E1
:101EE00018680121FDF773BBF0D40120054B0649AA
:101EF0000022C3E90012C3E90222C3E904229A6165
:101F0000704700BF54D50120002C01402DE9F0435B
:101F1000064689B01422002103A803F06AFC326847
:101F20003E4B9A4276D103F58633002500955A6CD4
:101F30003B4842F400625A645A6C02F40062009218
:101F4000009A01951A6B42F001021A631A6B02F0B3
:101F500001020192019A02951A6B42F002021A6381
:101F60001B6B03F002030C24029303274FF00208BB
:101F70000DEB0401029B079440234FF00109CDE9CA
:101F80000338CDE90597F4F799FD4FF400430DEBC5
:101F9000040124480794CDE90338CDE90557F4F747
:101FA0008DFD80230DEB04011E480794CDE9033815
:101FB0001D4CCDE90597F4F781FD1C4A25624FF0D1
:101FC0000063C4E900234FF480614FF480534FF461
:101FD0008040C4E904132023C4E906030423C4E9B0
:101FE0000255C4E909374FF400054FF400132046A9
:101FF000C4E90B53F4F79AFB08B1FFF785FE3120D3
:102000003464F46300220521A663F4F725FB312034
:10201000F4F754FB09B0BDE8F08300BF002C014089
:102020000000024000040240F4D401205864024041
:102030000F4A08B50F4B13604FF482710023C2E9B9
:1020400001131146D360136153614FF40072C1E96B
:1020500006230B624B628B6208460A23CB62F7F7BA
:10206000E1FC18B1BDE80840FFF74EBE08BD00BF57
:1020700038D60120003001402DE9F041064688B0F5
:102080001422002103A803F0B4FB32682B4B9A42C0
:1020900050D103F58433002500955A6C284842F44A
:1020A00080525A645A6C02F480520092009A019550
:1020B0001A6B42F001021A631A6B02F001020192DC
:1020C000019A02951A6B42F002021A631B6B03F02D
:1020D000020302930524029B4FF00208A02303276A
:1020E00003A9CDE90338CDE90674F4F7E7FC102322
:1020F0001448079403A9144CCDE90338CDE90557DA
:10210000F4F7DCFC114A4FF08063C4E9002340235C
:10211000C4E9023520464FF48063C4E90435C4E9BC
:102120000655C4E90855F4F701FB08B1FFF7ECFDCB
:10213000B464A66308B0BDE8F08100BF0030014080
:102140000000024000040240D8D501204064024053
:1021500082B00E4B00220092596C41F480415964C8
:10216000596C01F48041009100990192196C41F081
:10217000805119641B6C03F080530193019B0F2164
:102180006FF0010002B0F4F767BA00BF00380240F8
:10219000FEE7FEE7FEE7FEE7FEE7704708B5F4F767
:1021A00023FAFEF759FD012803D0BDE80840FFF7E8
:1021B00069B908BD0148F9F78FB900BF2CD80120D3
:1021C0000148F7F721BA00BF54D501200148F4F7C0
:1021D000B5BB00BFD8D501200148F4F7AFBB00BFA5
:1021E000F4D401200148F5F745BF00BF70ED012090
:1021F0000148F4F7A3BB00BFCCD701200148F4F796
:102200009DBB00BF6CD701200120704708B503F0CB
:1022100035FC162303604FF0FF3008BD08B503F00E
:102220002DFC16230360FEE770B50D4614460E46DE
:10223000731B9C4201DC204670BDAFF3008006F8A2
:10224000010BF5E770B50D4614460E46731B9C4214
:1022500001DC204670BD16F8010BAFF30080F5E7F6
:102260004FF0FF3070474FF400534B600020704731
:1022700001207047002070470A4A0346106810B5D5
:1022800008B9094810600949094C0344091B8B42ED
:1022900006D903F0F3FB0C2303604FF0FF3010BDB1
:1022A0001360FCE790D6012030F6012000000220E8
:1022B00080000000034AD2F8883043F47003C2F86B
:1022C0008830704700ED00E010B58CB0202200216E
:1022D00004A803F08EFA124A00244FF08043C2E9AA
:1022E00000344FF0FF33C2E9033403A90123104641
:1022F000CDE9014494609461039305930993F8F741
:102300008DFA08B1FFF700FD054801A9CDE90144A8
:10231000F8F7F4FD08B1FFF7F7FC0CB010BD00BFF3
:10232000DCD601201FB510220021684603F061FAB7
:102330001649174B0B604FF6FF7200230846C1E9A0
:102340000133C1E903238B61F8F7E4F908B1FFF722
:10235000DBFC0E48F8F736FA08B1FFF7D5FC00228F
:1023600001230A486946CDE90023CDE90222F8F7A6
:102370005DFB08B1FFF7C8FC04480221F8F71AFE1C
:1023800008B1FFF7C1FC05B000BD00BF94D6012025
:102390000048014010B5044688B01822002102A868
:1023A00003F027FA2368154A93420DD100230093C6
:1023B000134B5A6C42F001025A645B6C03F0010348
:1023C0000093009B08B010BD0E4A9342FAD102233D
:1023D000029302A80C4B0693F6F754FC08B1FFF7E2
:1023E00093FC00230193064B5A6C42F480225A64FA
:1023F0005B6C03F480230193019BE3E70000014041
:1024000000380240004801400003190070B504463E
:1024100088B01422002103A803F0EBF92368B3F17C
:10242000804F35D103F50E33002400941A6C1948FF
:1024300042F001021A641A6C02F001020092009A42
:1024400001941A6B42F001021A631A6B02F0010246
:102450000192019A02941A6B42F002021A631B6BFA
:1024600003F002030293029B02264FF4004301256E
:1024700003A9CDE903360795F4F720FB08230648A6
:10248000079503A9CDE90336CDE90544F4F716FB1A
:1024900008B070BD000002400004024010B50446C0
:1024A00086B01422002101A803F0A3F922680E4B84
:1024B0009A4216D1002300930C4B0D481A6B42F040
:1024C00001021A631B6B03F001030093009B4FF49E
:1024D00080720223CDE9012301A901230593F4F7BA
:1024E000EDFA06B010BD00BF000001400038024008
:1024F0000000024010B596B01022002103A800246D
:1025000003F077F91C2221460DEB0200CDE90144CE
:1025100003F06FF9202221460EA803F06AF9284A39
:10252000284B9460C2E9003410466423C2E90334A6
:10253000C2E90544F8F7EEF808B1FFF7E5FB4FF400
:1025400080531F48039303A9F8F706FB08B1FFF770
:10255000DBFB1B48F8F70AF908B1FFF7D5FB0023AE
:10256000174801A9CDE90133F8F7C8FC08B1FFF716
:10257000CBFB002460223223CDE9072310480D94C1
:10258000224607A9CDE90944CDE90B44F8F7C6F97D
:1025900008B1FFF7B9FB4FF40053094812940EA994
:1025A000CDE90E44CDE9104413931594F8F7DCFC03
:1025B00008B1FFF7A9FB0248FFF770FF16B010BD86
:1025C00024D70120000001400B4908B50B4B0B60DC
:1025D0004FF4E1320023C1E9012308460C22C1E98E
:1025E0000333C1E90523CB61F8F77EFD18B1BDE8DF
:1025F0000840FFF789BB08BD2CD80120001001401E
:1026000070B5064688B01422002103A803F0F1F843
:102610003268334B9A4260D1002503F5943301951B
:102620005A6C42F010025A645A6C02F01002019285
:10263000019A02951A6B42F001021A631B6B03F0B8
:1026400001030293029B4FF4C0600223CDE9030310
:1026500003240723234803A9CDE90643F4F72EFA00
:10266000214CDFF890C0A5614FF00063C4E900C3BE
:102670004FF48063C4E9043520464FF48073C4E905
:102680000255C4E907356562F4F750F808B1FFF761
:102690003BFB164AF463A663154C4FF00063C4E994
:1026A0000023402100234FF480622046C4E9021336
:1026B000C4E90423C4E90633C4E90833F4F736F85F
:1026C00008B1FFF721FBB463252000220521A66392
:1026D000F3F7C2FF2520F3F7F1FF08B070BD00BF8C
:1026E0000010014000000240CCD70120B864024035
:1026F0006CD701208864024008B50F490F480022BA
:10270000FAF7C5FA08B1FFF7FFFA0D490B48FAF7D7
:10271000D1FA08B1FFF7F8FA0A490848FAF77CFA43
:1027200008B1FFF7F1FA0548FAF7DDFA18B1BDE88C
:102730000840FFF7E9BA08BD2801002074D801203D
:1027400090000020E000002000207047002070472B
:102750000020704708B501460348FAF776FA0248A8
:10276000FAF77FFA002008BD74D8012008B50022CE
:1027700004490548FAF75BFA04490348FAF765FA91
:10278000002008BD50DB012074D8012050E3012057
:1027900030B5044689B01422002103A803F029F8BB
:1027A0002368B3F1A04F2ED1184C1948002501958C
:1027B000236B43F001032363236B03F001030193B5
:1027C0004FF4C052019B0223CDE9032303210A23C6
:1027D000CDE9061303A9F4F771F9636B43F08003A5
:1027E00063630295636C43F480436364636C03F436
:1027F0008043029343202A460521029BF3F72CFFD6
:102800004320F3F75BFF09B030BD00BF0038024042
:102810000000024000F29C41D0F8E004FAF775BADB
:10282000242303FB0103D0F8E004D3F86022FAF775
:102830009CBA242303FB0103D0F8E0041A6AFAF7D8
:10284000CEBAD0F8E004FAF76ABB10B5C379022B10
:10285000044601D0FFF758FAD4F8E0040121FAF752
:1028600042FBD4F8E004BDE81040FAF70CBB0000CE
:1028700010B50446D0F8E004FAF738FB2268D2F825
:10288000003E43F00103C2F8003EE37A23B1034A5D
:10289000136943F00603136110BD00BF00ED00E0B3
:1028A000D0F8E004FAF730BBD0F8E004FAF757BBF1
:1028B000D0F8E004FAF740BBD0F8E004FAF762BBC6
:1028C000D0F8E004FAF760BB08B50278034622BBF3
:1028D0001348C0F8E034C3F8C8024FF0A0430360C7
:1028E000042303714FF40073C380022343724281B7
:1028F0000273C281F5F709FA08B1FFF705FA8021E2
:102900000748F5F71EFF402200210548F5F7FAFEBB
:10291000034880220121F5F7F5FE002008BD00BF25
:1029200070ED012011F0800FD0F8C8324FF0240272
:102930001BBF01F07F0102FB013302FB0133987DD5
:1029400008BF93F856027047D0F8C802F5F7FABAF4
:102950000048704750EB0120704718B102280CBFA7
:1029600001200320704708B5D0F8C802F5F73CFAFB
:10297000BDE80840FFF7F1BF10B51446D0F8C80213
:102980001A462346F5F762FABDE81040FFF7E5BFA7
:1029900008B5D0F8C802F5F78EFABDE80840FFF791
:1029A000DCBF08B5D0F8C802F5F7EEFABDE808407C
:1029B000FFF7D3BF08B5D0F8C802F5F71CFBBDE898
:1029C0000840FFF7CABF08B5D0F8C802F5F72BFAE0
:1029D000BDE80840FFF7C1BF08B5D0F8C802F5F759
:1029E000B9FABDE80840FFF7B8BF08B5D0F8C8028B
:1029F000F5F78BFABDE80840FFF7AFBF1223014897
:102A00000B80704714010020042301480B8070479D
:102A100010010020002370B54D1C1E46040FB0F1BC
:102A2000204F34BF3034373401F8134005F81360B9
:102A30000133DCB2A2424FEA0010EFD870BD0000B3
:102A40001A2310B50B800A4BD3F8100AD3F8182AB2
:102A500080180AD0D3F8144A06490822FFF7DAFF93
:102A6000042210312046FFF7D5FF034810BD00BFF8
:102A70000070FF1FF6000020F400002008B50A4691
:102A800002480349FAF7FEFC014808BD58960208BF
:102A900054F2012008B50A4602480349FAF7F2FC4D
:102AA000014808BD6B96020854F2012008B50A4699
:102AB00002480349FAF7E6FC014808BD819602087E
:102AC00054F2012008B50A4602480349FAF7DAFC35
:102AD000014808BD8C96020854F20120DFF834D07A
:102AE0000D480E490E4A002302E0D458C450043366
:102AF000C4188C42F9D30B4A0B4C002301E013603D
:102B00000432A242FBD3FFF7D5FB02F0BDFFFFF773
:102B1000DBF87047000002200000002010030020B6
:102B2000B83003081003002030F60120FEE70268E9
:102B3000D207034605D4427802B1FFDE0120587067
:102B400070470020704701230360704700F0B0BB5E
:102B500038B52DED028B55EC104B00F0B5F8224640
:102B60002B4620462946B0EE408AF0EE608ADDF71B
:102B7000F5FF30B90022002320462946DDF7C6FFC5
:102B800030B9B0EE480AF0EE680ABDEC028B38BDF1
:102B900002F074FF00220023212101601046194633
:102BA000DDF76CFE41EC180BB0EE480AF0EE680A57
:102BB000BDEC028B38BD00BF51EC100B1E4A21F05A
:102BC000004393421DD900B51C4A934285B007D9F2
:102BD00002460B46DDF770FB41EC100B05B000BD63
:102BE000684600F03DFC00F0030001289DED000B5D
:102BF0009DED021B13D0022807D098B900F05CF9B4
:102C0000ECE79FED0B1B00F057B900F055F953ECC2
:102C1000102B03F1004300EE903A05B000BD00F028
:102C200083FAF4E7012000F07FFAD7E7AFF30080E2
:102C30000000000000000000FB21E93FFFFFEF7FE4
:102C400051EC100B1E4A21F0004393421ED900B5EF
:102C50001C4A934285B007D902460B46DDF72CFB90
:102C600041EC100B05B000BD684600F0F9FB00F028
:102C7000030001289DED000B9DED021B16D00228DC
:102C800009D0B0B9012000F04FFAEBE79FED0A1B25
:102C9000002000F049BA012000F046FA53EC102B56
:102CA00003F1004300EE903A05B000BD00F004F9D6
:102CB000D8E700F001F9F1E7000000000000000093
:102CC000FB21E93FFFFFEF7F2DE9F84F774955ECF6
:102CD000104BA94300F0AE80002D2A46234655DD57
:102CE0002C1562D0C2F31302E107A4F2FF3742F4BD
:102CF000801203D4520002EBD3725B005200002614
:102D000002EBD3727F105B001624B4464FF400111F
:102D10000CEB010090424FEAD3754FEA430303DC0A
:102D200000EB010C121A0E44013C05EB42024FEA83
:102D30005101EDD1A04620254FF000400AE043D0DC
:102D4000510001EBD371013D0A464FEA43034FEABC
:102D5000500045D0624500EB080EF0DDBEF1000FDB
:102D60000EEB00080CDBE146A2EB0C019E4588BF90
:102D700001F1FF314900CC46A3EB0E030444E0E728
:102D8000B8F1000FEFDB0CF10109EDE725F0004190
:102D9000214346D0002D74D1D90A153A5B0500298C
:102DA000FAD0CE0214467DD40A4600215200D50244
:102DB000084601F10101F9D5C1F1200523FA05F515
:102DC0002A438B40241A8DE79E4502D94FEA4C01D5
:102DD000B7E7BEF1000F0EEB000824DB0021CBE7C4
:102DE000194312D0DFF8C8A0DFF8C8B0DAE9000153
:102DF000DBE90023DDF760FADAE9008902460B46D9
:102E000040464946DDF78CFE10BB6508711001F1A4
:102E10007F5101F5001101EB075345EAC67243ECFF
:102E2000102BBDE8F88FB8F1000FD7DB0CF1010CC7
:102E30000021A1E722462B4620462946DDF7F4FB78
:102E400022462B46DDF73AFA41EC100BBDE8F88F2D
:102E5000B4F1FF3FDAE90001DBE900231ED0DDF722
:102E60002DFADAE9008902460B4640464946DDF76D
:102E70004DFEA8B1A31C04F1020508BF01366D0880
:102E8000C4E722462B4620462946DDF715FA0246BE
:102E90000B46DDF7F3FC41EC100BC2E70136B5E75A
:102EA0000134B2E74FF0FF300A468BE70000F07FB5
:102EB000F02B0308E82B03082DE9F04F57EC106BBB
:102EC00027F00048B8F1795F5BEC11AB85B071D2A7
:102ED00030463946DDF758FE002800F0F4803246CF
:102EE0003B4630463946DDF79FFB79A3D3E9002303
:102EF00004460D46DDF798FB77A3D3E90023DDF701
:102F0000DDF922462B46DDF78FFB75A3D3E90023BD
:102F1000DDF7D2F922462B46DDF786FB72A3D3E913
:102F20000023DDF7CBF922462B46DDF77DFB70A3AE
:102F3000D3E90023DDF7C0F922462B46DDF774FB09
:102F40006DA3D3E90023DDF7B9F922462B46DDF75F
:102F50006BFBCDE900016E4B002220462946DDF7D0
:102F600063FBDDE900238046894620462946DDF7DC
:102F70005BFB44464D468046894652465B4630469A
:102F80003946DDF751FB02460B4640464946DDF720
:102F900093F902460B4620462946DDF78DF9024695
:102FA0000B4600205B49DDF787F941EC100B05B0BB
:102FB000BDE8F08F32463B4630463946DDF734FBFC
:102FC00043A3D3E9002304460D46DDF72DFB42A3BE
:102FD000D3E90023DDF772F922462B46DDF724FB07
:102FE0003FA3D3E90023DDF767F922462B46DDF73F
:102FF0001BFB3DA3D3E90023DDF760F922462B46F6
:10300000DDF712FB3AA3D3E90023DDF755F9224699
:103010002B46DDF709FB38A3D3E90023DDF74EF992
:103020002B462246DDF700FB3B4B9845CDE90001DE
:1030300091D93A4B98453DD8A8F50013002235495F
:10304000002090469946DDF737F9CDE90201304B73
:10305000002220462946DDF7E7FA42464B46DDF7D7
:103060002BF9DDE900238046894620462946DDF715
:10307000DBFA44464D468046894652465B4630461A
:103080003946DDF7D1FA02460B4640464946DDF7A0
:1030900013F902460B4620462946DDF70DF9024694
:1030A0000B46DDE90201DDF707F941EC100B05B035
:1030B000BDE8F08F9FED127BDFF864908DED027B11
:1030C0004FF00008C3E79FED100B05B0BDE8F08F8F
:1030D000D43888BEE9FAA8BDC4B1B4BD9EEE213E85
:1030E000AD529C804F7E923E9015CB19A001FA3EC6
:1030F0007751C1166CC1563F4C5555555555A53F96
:10310000000000000000E73F000000000000F03F6A
:103110000000E03F0000F03F3233D33F0000E93FC2
:103120000000D23F000000002DE9F04F55EC104B9D
:1031300025F0004385B0B3F1795F8DED001B824629
:1031400006D220462946DDF71FFD002800F08C80BE
:1031500022462B4620462946DDF766FA06460F46EC
:1031600032463B4620462946DDF75EFA45A3D3E9C1
:103170000023CDE9020130463946DDF755FA43A375
:10318000D3E90023DDF798F832463B46DDF74CFAE9
:1031900040A3D3E90023DDF791F832463B46DDF743
:1031A00043FA3EA3D3E90023DDF786F832463B46D7
:1031B000DDF73AFA3BA3D3E90023DDF77FF8804639
:1031C0008946BAF1000F37D0DDE900012C4B00220F
:1031D000DDF72AFADDE902AB42464B4680468946D6
:1031E00050465946DDF720FA02460B46404649460E
:1031F000DDF762F832463B46DDF716FADDE90023DB
:10320000DDF75AF81CA3D3E9002306460F465046C3
:103210005946DDF709FA02460B4630463946DDF7D6
:103220004DF802460B4620462946DDF745F841ECAD
:10323000100B05B0BDE8F08F02460B46304639460C
:10324000DDF7F2F90CA3D3E90023DDF735F8DDE96A
:103250000223DDF7E9F922462B46DDF72FF841EC92
:10326000100B05B0BDE8F08F45EC104B05B0BDE884
:10327000F08F00BFAFF30080495555555555C53FF8
:103280000000E03F7CD5CF5A3AD9E53DEB9C2B8A34
:10329000E6E55A3E7DFEB157E31DC73ED561C11933
:1032A000A0012A3FA6F810111111813F0000000073
:1032B00051EC110B43422DE9F0470343644E21F0DA
:1032C000004E4EEAD373B34255EC104B40D86342E4
:1032D000234325F0004A4AEAD373B342A046A946E5
:1032E00036D801F1404303F58013034302463ED034
:1032F0008F1707F0020758EA0A0847EAD5772FD058
:1033000052EA0E0237D0B64544D0B24533D0AAEBCC
:103310000E0ABAF1747F4FEA2A5338DA002945DAE7
:103320003C3343DA9FED3C0B012F5DD0022F4AD096
:10333000A7B151EC100B3AA3D3E90023DCF7BCFF93
:1033400039A3D3E90023DCF7B7FF41EC100B05E00C
:1033500022462B46DCF7B2FF41EC100BBDE8F087AC
:10336000022F0ED0032FF9D19FED310BF6E7BDE808
:10337000F04700F089BAB9F1000F05DB9FED2E0B85
:10338000ECE79FED290BE9E79FED2D0BE6E79FEDBD
:103390002A0BC9E7F24507F1FF372ED0022F34D8A8
:1033A0002C4B03EBC70393ED000BD7E702460B460C
:1033B00020462946DDF762FA41EC100B00F010FCC4
:1033C00000F062FAB0E716A3D3E9002351EC100B2A
:1033D000DCF772FF02460B4613A1D1E90001DCF7CE
:1033E0006BFF41EC100BB9E710EE901A53EC102B69
:1033F00001F1004343EC102BB0E7022F08D8164B25
:1034000003EBC70393ED000BA8E79FED030BA5E7C4
:103410009FED0D0BA2E700BF0000000000000000C0
:10342000075C143326A6A13C182D4454FB21094007
:10343000182D4454FB2109C0182D4454FB21F93F99
:10344000182D4454FB21F9BF182D4454FB21E93FAA
:103450000000F07FF82B0308102C03080000000088
:103460002DE9F04F53EC102B994923F000458D4284
:103470008FB0044640F28E8096498D421F462AD86E
:10348000002F1046194688A3D3E9002340F3A781F3
:10349000DCF712FF904B9D4206460F4600F08E80EF
:1034A00083A3D3E90023DCF707FF80468946424621
:1034B0004B4630463946DCF7FFFE7DA3D3E90023B7
:1034C000DCF7FAFEC4E90089C4E9020101263046AE
:1034D0000FB0BDE8F08F81498D4240F2898080496C
:1034E0008D4262D82E15A6F21646A5EB0659104657
:1034F00049469046DDF748FBDDF72CF802460B46BF
:1035000040464946CDE90823DCF7D6FE754B00223C
:10351000DDF78AF889468046DDF736FBDDF71AF8D5
:1035200002460B4640464946CDE90A23DCF7C4FE75
:103530006C4B0022DDF778F8CDE90C010DF1380A6B
:1035400003254FF000084FF000097AE902014246D6
:103550004B46AB46013DDDF7CFFA0028F5D1624B73
:1035600001930223009332465B46214608A800F0EF
:103570003FFB002F0646AADA6168226801F100438A
:10358000E168C4E90023A26801F10043C4E9022311
:1035900046429CE70020002184ED000BC4E90201B3
:1035A000002630460FB0BDE8F08F10461946DCF714
:1035B00083FEC4E90201C4E90001F1E73EA3D3E9B7
:1035C0000023DCF779FE3EA3D3E9002306460F462D
:1035D000DCF772FE8046894642464B463046394605
:1035E000DCF76AFE36A3D3E90023DCF765FE69E762
:1035F00000F0F6FA59EC108B33A3D3E900234046D0
:103600004946DDF711F8394B0022DCF757FEDDF7AC
:10361000BBFA0646DCF79EFF02460B46CDE90223C5
:1036200021A3D3E90023DCF7FFFF02460B46404607
:103630004946DCF741FE1EA3D3E9002382468B46B0
:10364000DDE90201DCF7F0FF02460B465046594621
:10365000CDE90423DCF730FE1F2E8046894649DC85
:10366000234B721E53F82230AB4243D042464B46A6
:10367000C4E9008950465946DCF71EFEDDE9042303
:10368000DCF71AFE002FC4E90201BFF620AF09F1F2
:103690000043C4E9008301F10043C4E90203764218
:1036A00015E700BFAFF3008000004054FB21F93F55
:1036B0003163621A61B4D03D0000601A61B4D03D3C
:1036C0007370032E8A19A33B83C8C96D305FE43F32
:1036D000FB21E93F7BD90240FB21F93FFB21394126
:1036E000FFFFEF7F00007041A82C03080000E03FBF
:1036F000282C0308C9F30A53C3EB1553102B4FEAC8
:103700002555B3DD56A3D3E90023DDE90201DCF73B
:103710008BFF8046894642464B4650465946DCF769
:10372000CBFD02460B4650465946CDE9062392464C
:103730009B46DCF7C1FD42464B46DCF7BDFD4AA384
:10374000D3E9002380468946DDE90201DCF76CFFFE
:1037500042464B46DCF7B0FD0B4602465946504602
:10376000CDE90423DCF7A8FDC1F30A53ED1A312D8E
:10377000804689467FF77AAF3EA3D3E90023DDE98F
:103780000201DCF751FF8046894642464B46DDE99F
:103790000601DCF791FD82468B4652465B46DDE929
:1037A0000601DCF789FD42464B46DCF785FD33A375
:1037B000D3E9002380468946DDE90201DCF734FFC6
:1037C00042464B46DCF778FD02460B4650465946CA
:1037D000CDE90423DCF770FD8046894646E7DCF737
:1037E0006DFD234B9D4206460F4618D01AA3D3E920
:1037F0000023DCF763FD8046894642464B4630464F
:103800003946DCF759FD14A3D3E90023DCF756FD54
:10381000C4E90089C4E902014FF0FF3657E610A35E
:10382000D3E90023DCF74AFD0FA3D3E900230646C2
:103830000F46DCF743FD8046894642464B463046FC
:103840003946DCF739FD08A3D3E90023DCF736FD60
:10385000DEE700BFAFF300803163621A61B4D03D90
:103860000000601A61B4D03D7370032E8A19A33B27
:10387000FB21F93F0000002E8A19A33BC1492025F6
:103880009A837B39000000002DE9F84F55EC104B6E
:10389000C94B25F000469E42AA460DD9C74B9E4211
:1038A00000F2B68000F0B180BAF1000F40F3F6806C
:1038B0009FEDA50BBDE8F88FC14B9E4200F2C3807F
:1038C000A3F1DE739E4240F2AD804FF0FF3B2246F3
:1038D0002B4620462946DCF7A7FE02460B468046CB
:1038E0008946DCF7A1FE9AA3D3E9002306460F46DA
:1038F000DCF79AFE98A3D3E90023DCF7DFFC32461D
:103900003B46DCF791FE96A3D3E90023DCF7D6FC17
:1039100032463B46DCF788FE93A3D3E90023DCF76D
:10392000CDFC32463B46DCF77FFE91A3D3E9002372
:10393000DCF7C4FC32463B46DCF776FE8EA3D3E9C7
:103940000023DCF7BBFC42464B46DCF76DFE8CA344
:10395000D3E900238046894630463946DCF764FEC9
:1039600089A3D3E90023DCF7A7FC32463B46DCF70A
:103970005BFE87A3D3E90023DCF79EFC32463B467F
:10398000DCF752FE84A3D3E90023DCF795FC324632
:103990003B46DCF749FE82A3D3E90023DCF78CFC2D
:1039A00032463B46DCF740FE02460B46404649465F
:1039B000DCF784FC22462B46DCF736FEBBF1FF3FEA
:1039C00002460B466ED07F4B7F4E03EBCB03D3E911
:1039D0000023DCF771FC22462B46DCF76DFC06EB7E
:1039E000CB0602460B46D6E90001DCF765FCBAF1CE
:1039F000000F41EC100B13DA10EE901A024601F1A1
:103A0000004343EC102BBDE8F88F002C3FF44CAF83
:103A100022462B4620462946DCF750FC41EC100B91
:103A2000BDE8F88F60A3D3E9002320462946DCF7E0
:103A300045FC664B0022DDF787F800283FF445AFD0
:103A400045EC104BECE700F0CBF8614B9E4255EC97
:103A5000104B2FD8A3F550239E4258D822462B4610
:103A600020462946DCF72AFC584B0022DCF724FCD0
:103A700002460B462046294614461D4600224FF0BA
:103A80008043DCF71BFC02460B4620462946DCF748
:103A9000F5FE4FF0000B04460D4618E79FED440B72
:103AA000BDE8F88F20462946DCF706FC41EC100BF8
:103AB000BDE8F88F474B9E421ED2474B002220465E
:103AC0002946DCF7F9FB02460B46204629461446F8
:103AD0001D460022404BDCF7A7FD3C4B0022DCF7E3
:103AE000EDFB02460B4620462946DCF7C7FE4FF0A9
:103AF000020B04460D46EAE622462B4637490020D3
:103B0000DCF7BCFE4FF0030B04460D46DFE62F4BFF
:103B1000002220462946DCF7CFFB02460B46204612
:103B2000294614461D460022284BDCF7C7FB0246F7
:103B30000B4620462946DCF7A1FE4FF0010B044658
:103B40000D46C4E6AFF30080182D4454FB21F93F25
:103B500011DA22E33AAD903FEB0D76244B7BA93F7F
:103B6000513DD0A0660DB13F6E204CC5CD45B73F4D
:103B7000FF8300922449C23F0D5555555555D53FF9
:103B80002F6C6A2C44B4A2BF9AFDDE522DDEAD3FED
:103B90006D9A74AFF2B0B33F711623FEC671BC3F8D
:103BA000C4EB98999999C93F9C7500883CE4377E8D
:103BB000182D4454FB21F9BFFFFF0F440000F07F94
:103BC000FFFFDB3FB02D0308D02D03080000F03FBE
:103BD000FFFFF23F008003400000F83F0000F0BF0D
:103BE00051EC100B024621F0004343EC102B7047C0
:103BF0002DE9F04FADF5197D9C460A91B04BA29985
:103C0000039053F82130049312F1140F0CF1FF3399
:103C10000293C0F2C182AB49D31E81FB0301DB17C3
:103C2000C3EBA10307930133A3EB8303DB00D3189A
:103C3000079A0B930CF1FF33D41A049AD7181CD4AB
:103C40000137A39E274420AD4FF000084FF0000934
:103C5000E24608E056F82400DCF77CFC0134BC4264
:103C6000E5E8020108D0002CF4DA01344046494668
:103C7000BC42E5E80201F6D1D446049B002BB8BF54
:103C80004FEACC061BDB0399029A049B0DF18009D5
:103C900001EBCC0809EBCC090DF5E07B4FEACC0633
:103CA0009246634400200021002A80F298810AF1A4
:103CB000010A9A45EBE8020109F10809F4D1039BD6
:103CC000049A009299190CAB03EB8203043B08930E
:103CD0000CAB03EB820637460B9ECDF824C08B4617
:103CE000009A0DEBC203002AD3E970454FEAC208DF
:103CF0002CDD0DF5E07AD0440DF1300901960597E1
:103D0000714B002220462946DCF78EFCDCF73CFF95
:103D1000DCF720FC6D4B002206460F46DCF784FCE6
:103D200002460B4620462946DCF7C6FADCF72CFF94
:103D300078E9022349F8040B39463046DCF7BEFA2D
:103D4000D04504460D46DBD1019E059F45EC104B46
:103D5000304600F091FB55EC104B00224FF07F53A2
:103D600020462946DCF760FC41EC100B00F010FC0B
:103D7000574B51EC100B0022DCF756FC02460B4669
:103D800020462946DCF798FA0D460446DCF7FCFE8F
:103D90008246DCF7DFFB02460B4620462946DCF76D
:103DA0008BFA002E8046894640F39480009B0CAA33
:103DB000591EC6F1180352F8212042FA03F000FA06
:103DC00003F3D21AC6F1170442FA04F40CAB002C28
:103DD00043F82120824400F3F08000220023404673
:103DE0004946DCF789FE002800F02382009B049AF4
:103DF00093420CDD0CAA02EB8303002253F8041D4E
:103E0000BB4242EA0102F9D1002A40F01081049B32
:103E10000CAA013B52F82330009A501C8146002B1B
:103E200040F0DB80089A012352F8041D0133002979
:103E3000FAD0009A1344009A099905960A44079902
:103E4000019301EB000A0DF18008A39906970AF18E
:103E5000804A08EBC20870AA0AF1FF3A02EBC002DE
:103E600001EB8A0A00925AF8040FDCF773FB029BFD
:103E7000002BE8E8020120DB039E474600240025D2
:103E800077E90223F6E80201DCF7CEFB02460B4697
:103E900020462946DCF712FA5E4504460D46EFD16E
:103EA000009BE3E802450093019B09F10109994554
:103EB000D9DDDDE90567009312E700240025EFE76F
:103EC000302E0308ABAAAA2A0000703E0000704101
:103ED0000000204057D0B64B0022DCF72BFE0446F2
:103EE00000283FF47AAF009B002B0AF1010AC8BFFB
:103EF000022440F384820CAB002153F8045B002DB4
:103F00003CD0C5F1807543F8045C6FF07F4003E05E
:103F10001A68821A43F8042B009A01318A42F7DCAE
:103F20000125002E0EDD012E00F02B81022E09D17D
:103F3000009B5A1E0CAB0CA953F82230C3F3150397
:103F400041F82230022C7FF448AF42464B46994953
:103F50000020DCF7B1F980468946002D3FF43DAFE3
:103F600030469FED910B00F087FA4046494653ECEE
:103F7000102BDCF7A1F9804689462EE7009A013123
:103F80008A42BADCCDE7009B0CAA013B52F82340E1
:103F9000E415002C7FF721AF009B002B0AF1010AEA
:103FA000A9DC022C7FF419AF42464B468149002020
:103FB000DCF782F9804689460FE7009B002B0AF167
:103FC000010A98DC012E00F02E82022EE9D10CAB02
:103FD000C2F3150243F82120E3E703462BE7CDE9BE
:103FE000003C52460596DA46CB469146039E5F4614
:103FF0000024002577E90223F6E80201DCF714FB30
:1040000002460B4620462946DCF758F94645044649
:104010000D46EFD1009B09F101099945EAE80245F7
:104020000BF1080BE2D1DDF804C0059E47E60B9BBF
:10403000DDF800B0A3F11802CDE9024A0CAB0BF198
:10404000FF340B9253F8243063B90BF18043013BEA
:104050000CA901EB830353F8041D013C183A002915
:10406000F9D00B929FED500B0B9800F005FA002C45
:104070005BEC10ABC0F2CD8104F101084FEAC8013E
:104080000DF5E0790CAB4C4F009103EB8805002651
:1040900009EBC80855F8040DDCF75CFA52465B469C
:1040A000DCF7C2FA3B4668E90201324650465946FF
:1040B000DCF7BAFA0CAB9D4282468B46EAD10099F6
:1040C000A1F1080A48ABCA44CDE905414FF0000907
:1040D0001A4607935346CA46DDF81090A346B9F135
:1040E000000FC0F2A380CDE9002BDFF8D0801F467F
:1040F0000026002400259B4610E0F7E80223F8E89C
:104100000201DCF791FA02460B4620462946DCF70D
:10411000D5F80136B14504460D4601DBB245ECDA6F
:104120005B46009ADDF804B00BF1FF3BBBF1FF3FAB
:10413000E2E802450AF1010AA3F10803CFD1A29AED
:10414000079B022ADDE9054100F3A980002A37DC3C
:1041500010D15C18002000211D4674E90223DCF711
:10416000ADF8A542F9D1029B002B40F02F810A9BAC
:10417000C3E90001039B03F007000DF5197DBDE8BD
:10418000F08F009B5A1E0CAB0CA953F82230C3F3DE
:10419000160341F82230D5E600216FF0170307918E
:1041A00045E500BFAFF30080000000000000F03FD5
:1041B0000000E03F0000F03F0000703EF02D0308DB
:1041C000D3E900895D18002600279A4675E9022385
:1041D00030463946DCF772F8AA4506460F46F5D157
:1041E000029B40464946002B40F0E3803B46324666
:1041F000DCF762F80A9BC3E900676CB14AAE01259F
:10420000F6E802230135DCF759F8AC42F8DA029BF4
:1042100013B101F1004319460A9BC3E90201039B54
:1042200003F007000DF5197DBDE8F08F002400258F
:104230007AE70B9EDDF800B0704249EC108BCDE9B7
:10424000024A00F019F955EC104B884B0022204629
:104250002946DCF76FFC002800F0A280844B002286
:1042600020462946DCF7E0F9DCF78EFC0746DCF750
:1042700071F97E4B0022DCF7D7F90B46024629463E
:104280002046DCF719F8DCF77FFC0BF101040CABDE
:10429000183643F82B000B9643F82470E2E6A29AF6
:1042A000032A7FF467AF002C00F0CB8003EBC4053A
:1042B00095ED007B52EC171BE600CDE90054CDE9EB
:1042C0000465A8460C461546994678E902672046DB
:1042D000294632463B46DBF7F1FFA246AB46044691
:1042E0000D4622462B4630463946DBF7E5FF52465F
:1042F0005B46DBF7E3FFC145C8E90201C8E90045B9
:10430000E3D1DDE900A4012CDDE904654B4600F0B2
:104310009880D5E90045CDE9006909F1080B7AE9F3
:1043200002892046294642464B46DBF7C7FF264610
:104330002F4604460D4622462B4640464946DBF7AB
:10434000BBFF32463B46DBF7B9FFD345CAE9020162
:10435000CAE90045E3D1DDE9006306F108041C4425
:1043600003F11005002000211E4674E90223DBF74B
:10437000A5FFA542F9D13346D3E90045D3E9027838
:10438000029B3BBB0A9BC3E90401C3E90045C3E9A7
:104390000278039B03F007000DF5197DBDE8F08F4F
:1043A00020462946DCF7F0FB0CAB5C4643F82B00BB
:1043B00058E60A9A07F10043536016603B463246BE
:1043C000DBF77AFF002C7FF419AF22E701F10043FD
:1043D0001946CCE6264605F100440A9D08F1004343
:1043E000C5E9027301F10043C5E90403039B03F02F
:1043F0000700C5E900640DF5197DBDE8F08F424660
:104400004B461C490020DBF757FF022480468946B3
:10441000E3E4A29B022B0FDC002B15DC7FF4AAAE99
:10442000002000219FE60CABC2F31602022C43F8D9
:1044300021207FF4D2ACB7E5A29B032B7FF49AAE88
:1044400048AB0020002197E7029BDDE9480133B12A
:104450000A9C00224FF00043C4E90023D9E60A9CDD
:1044600000220023C4E90023D6E600BF000070410B
:104470000000703E0000F03F70B555EC104BC5F3E6
:104480000A5206462B4672BB25F00043234329D02F
:104490003B4B204629460022DCF7C6F8394B9E42AA
:1044A00004460D4652DBC1F30A520B46363A4CF233
:1044B00050318E4223DC164440F2FE7296421EDCDE
:1044C000002E34DC16F1350F38DB6FF31E53363611
:1044D00043EA065520462C4B29460022DCF7A4F877
:1044E00041EC100B70BD40F2FF718A42DFD12246D1
:1044F00020462946DBF7E2FE41EC100B70BD002D93
:1045000017A1D1E9000107DB15A3D3E90023DCF7EC
:104510008BF841EC100B70BD13A1D1E9000110A381
:10452000D3E90023DCF780F841EC100BF3E76FF3DD
:104530001E5343EA065545EC104B70BD002D0CA1EF
:10454000D1E9000102DA0CA1D1E9000108A3D3E905
:104550000023DCF769F841EC100B70BDAFF300806D
:104560009C7500883CE4377E9C7500883CE437FEEF
:1045700059F3F8C21F6EA50159F3F8C21F6EA58149
:1045800000005043B03CFFFF0000903C00000000E2
:1045900051EC100BC1F30A532DE9F041A3F2FF35A2
:1045A000132D0C46064622DC002D41DB384B43FA26
:1045B00005F801EA080303430F461DD032A3D3E9EF
:1045C0000023DBF77BFE00220023DCF7BDFA40B1BD
:1045D000002C03DA4FF480132B411F4427EA080410
:1045E00000262346324643EC102BBDE8F081332DE4
:1045F00006DDB5F5806F2BD041EC100BBDE8F081E6
:10460000A3F213434FF0FF37DF403842F4D01EA32C
:10461000D3E90023DBF752FE00220023DCF794FAF3
:104620000028DED0002C334620DB23EA0706D8E73B
:1046300015A3D3E90023DBF741FE00220023DCF7BA
:1046400083FA0028CDD0002C09DB00263446C8E7C9
:1046500002460B46DBF732FE41EC100BCEE724F0AE
:10466000004426430DD14FF00044BAE7142D06D084
:10467000C5F134050122AA4013449E42D5D9013424
:10468000D3E7044C0026ACE79C7500883CE4377EF9
:10469000FFFF0F000000F0BF002301461A46184636
:1046A00001F03ABA002100F06FBE0A22002100F0AA
:1046B000F1BE0A22002100F0EDBE000038B5104B1B
:1046C0001D682A6B0446B2B9182001F023FE024689
:1046D000286320B90B4B0C48462101F077FA0B49AF
:1046E0000B4BC0E900130B4B83600B23838100212C
:1046F0000120C2E9040100231461536138BD00BFE9
:10470000BC0200209A960208B19602080E33CDAB87
:1047100034126DE6ECDE0500164B10B51C68226BFA
:10472000B2B9182001F0F6FD0246206320B9124B01
:104730001248522101F04AFA1149124BC0E9001304
:10474000114B83600B23838100210120C2E9040106
:1047500013690E4854690E49584301FB0400A3FB3A
:104760000131013340EB0100C2E9043020F0004088
:1047700010BD00BFBC0200209A960208B196020844
:104780000E33CDAB34126DE6ECDE05002DF451583E
:104790002D7F954C70B504460D4645EC104B1646E2
:1047A00002F0FAF951EC100B7EB1C5F30A53C3F1D4
:1047B0006B03002B09DD1B0503F17F55002405F574
:1047C000401522462B46DBF72FFF41EC100B70BD46
:1047D0002DE9F04F9DB00E461592002204901892DC
:1047E0004FF000084FF0000917910A782B2A0D4668
:1047F00001F101011DD00BD80D2A06D8082AF3D8E3
:104800007AB100230B939A4683E0202AECD0F8E794
:104810002D2A10D10122691C17910B926A78002A67
:1048200037D1159B1796002B40F0958542464B4695
:104830002AE00022EFE700210B91302A40F09B8014
:104840006A7802F0DF02582A5AD102930B9B019337
:1048500018AB0093814A049819AB17A901F086FAA6
:1048600010F00F06044605D0062E14D101350023A2
:1048700017950B93159B002B40F06F850B9B002B1E
:10488000D4D0424609F1004343EC102B1DB0BDE8E3
:10489000F08F0D46D1E7189A3AB135211AA802F0E7
:1048A00075FA1899049801F03BFE013E042E06D8D3
:1048B000DFE806F014031E211400DDE91A89E00583
:1048C00048BF49F0004929F000431B0D1B05002B90
:1048D000D0D101F0D3F822230360CBE7DDE91A83BE
:1048E000199A23F4801302F2334243EA0259E6E7AD
:1048F000DFF87091E3E76FF000494FF0FF38DEE733
:10490000013517952B78302BFAD0002BB2D04FF011
:10491000010A00272B460E97BB460A21184613F8BA
:10492000014BA4F13002092A28D94D49012200F097
:1049300075FF002834D00020CDE9060022465C46F1
:10494000652A01D0452A14D124B95AEA00033FF45C
:1049500068AF0024179E731C179372782B2A73D0AC
:104960002D2A77D04FF0000CA2F13003092B7FD90C
:10497000179600239EE04FF0000ACAE7BBF1080F2C
:10498000D8BF0E9A1793DBBF01FB0242303A01FBFE
:1049900007420E92C8BFA2F130070BF1010BBDE731
:1049A000179B5A1C17925A78BBF1000F33D0069010
:1049B0005C46A2F13003092B12D901230793BFE70C
:1049C000179B5A1C17925A780130302AF8D0A2F15E
:1049D0003103082B00F2C6840690179D0020044680
:1049E000303A00F1010310D0069919440691204491
:1049F0000A23A04211D1082800F1010419DC0E9904
:104A00000A2303FB01230E930023179A511C1791CD
:104A100052781846CDE75846D7E7082C04F1010430
:104A200003DC0E9959430E91E3E7102CD8BF5F4386
:104A3000DFE70F28DCBF0A2303FB0727E4E7002199
:104A40000123CDE9061380E74FF0000CB31C179348
:104A5000B27889E74FF0010CF8E700BF542E030845
:104A60009D9302080000F07F179B5A1C17925A78FA
:104A7000302AF9D0A2F13103082B3FF67AAF179B09
:104A80000593A2F1300E013317931A78A2F1300189
:104A900009293CD905995B1A082B44F61F633CDCB5
:104AA0009E457146A8BF19460591BCF1000F02D082
:104AB000059B5B420593002C50D15AEA00007FF41D
:104AC000D9AE079B002B7FF4ACAE692A29D026DC37
:104AD000492A26D04E2A7FF4A4AEA14917A801F096
:104AE00067FB00283FF49DAE179B1B78282B2FD126
:104AF0009C491AAA17A801F06FFB052828D11B9B17
:104B0000DDF8688043F0FF4949F4E009B2E60A2184
:104B100001FB0E22A2F1300EB5E70593C5E76E2A20
:104B2000D9E7914917A801F043FB00283FF479AE7B
:104B3000179B8E49013B17A8179301F039FB10B959
:104B4000179B01331793DFF834924FF0000891E67A
:104B5000874800F0D9FF59EC108B8BE6DDE9053270
:104B60000E989B1ABBF1000F08BFA346102C0A93A6
:104B7000A246A8BF4FF0100ADBF7DCFC092C8046E8
:104B8000894613DC0A9B002B3FF474AE0A9B73DD4D
:104B9000162B5ADC774901EBC301D1E900014246EB
:104BA0004B46DBF741FD8046894663E6714B03EBDC
:104BB000CA0353E91223DBF737FD8046384689469E
:104BC000DBF7B8FC02460B4640464946DBF776FB6E
:104BD0000F2C80468946D5DD0A9BA4EB0A0A9A442D
:104BE000BAF1000F40F397802AF00F061AF00F0A6F
:104BF00051D1B6F59A7F5EDC0023DFF87CA1361137
:104C0000404649461F46012E79D10BB18046894660
:104C10005949A9F1547901EBC70142464B46D1E904
:104C20000001DBF701FD554B0A460B4054498B420E
:104C3000804640D8A1F580118B4286BFDFF84491B1
:104C40004FF0FF3802F1547932E00A9AC4F125039B
:104C50009342C1DB474DC4F10F0405EBC40142464A
:104C60004B46D1E90001DBF7DFFC0A9B1C1B05EB7F
:104C7000C405D5E9002394E71633ADDBDDE9052350
:104C80009A1A3C4B03EBC203D3E900234046494642
:104C9000DBF7F4FD87E7374901EBCA0142464B4693
:104CA000D1E90001DBF7C0FC80468946002EA0D187
:104CB00000230793A0E0002405940E940694049A20
:104CC000DFF8B890222313604FF000080E9B002BF2
:104CD0003FF4D0AD1899049801F022FC069904988D
:104CE00001F01EFCDDE9040101F01AFC0E990498A4
:104CF00001F016FC0498214601F012FCBAE5F20717
:104D000004D5DAE90023DBF78FFC012301377610A5
:104D10000AF1080A77E7CBD0CAF1000A4FEA2A164F
:104D20001AF00F0A0DD11F2E2EDD002405940E94CB
:104D30000694049A22234FF000084FF000091360F4
:104D4000C4E70C4B03EBCA0340464946D3E90023B2
:104D5000DBF794FD80468946002EA9D0E3E700BF2B
:104D600012970208402E0308099702080C970208C0
:104D7000AA830208C82F0308A02F03080000F07FB1
:104D80000000A07CFFFFEF7F16F0100318BF6A231E
:104D9000764F0793404649460023F20704D5D7E9EA
:104DA0000023DBF741FC0123761007F10807F4D15B
:104DB0000BB180468946079BB3B1C9F30A52C2F1D1
:104DC0006B03002B49460FDD1F2B57DD342BDEBF55
:104DD0004FF0FF33C2F14B0293404FF00008CCBFBD
:104DE0004FF05C7903EA010900220023404649465E
:104DF000DBF782FE002898D10E9B0093049823468F
:104E00005A46294601F0F4FB0E9000283FF453AFB8
:104E1000DDE905239B1A0A9A002AA8BF00231293F2
:104E2000002422EAE273149305940E9B04985968B7
:104E300001F038FB069000283FF441AF0E9B1A6941
:104E4000023203F10C0192000C3000F04CFE49ECF0
:104E5000108B04981AAA19A9CDE90C8901F00CFF4E
:104E6000189000283FF42BAF0498012101F056FC64
:104E70000590034648B90023059320E74FF0FF3221
:104E800002FA03F303EA0808AEE7199D1A9A002D07
:104E9000ABBF129B149B149E129FACBFEF185E1BFE
:104EA000079BED1A1544324B013D9D42C2F136027B
:104EB0004FDA5B1B1F2BA2EB03024FF001013CDC1E
:104EC00001FA03FA4FF0000BBD18079BAF421644DE
:104ED0001E443B46A8BF2B46B342A8BF3346002B17
:104EE000C2BFED1AF61AFF1A129B002B16DDDDE980
:104EF00004011A4601F0D2FC05900028BBD00146FF
:104F0000189A049801F020FC0F9000283FF4D7AEC7
:104F10001899049801F004FB0F9B1893002D1BDCDB
:104F20000A9B002B26DD149A0699049801F0B6FC22
:104F30000690F8B900230693C1E6C5F17F4505F553
:104F40007F0505F57B45E23501FA05FB4FF0010AC7
:104F5000BAE74FF0000BF9E7189904982A4601F0D8
:104F6000F9FC18900028DBD1A9E600BF682E0308E1
:104F700002FCFFFF002E07DD06990498324601F07F
:104F8000E9FC06900028D5D0002F08DDDDE90401FA
:104F90003A4601F0DFFC059000283FF490AE069AF7
:104FA0001899049801F060FD044600283FF487AE8C
:104FB000C3680F9300230599C36001F039FD0028F1
:104FC0003CDA0F9B53EA08035ED1C9F313034D4645
:104FD000002B59D129F000431B0D1B05B3F1D66FEF
:104FE00052D9636913B92369012B4DDD2146012292
:104FF000049801F0AFFC0599044601F019FD002862
:1050000042DDAD4B079A2B40002A5FD0B3F1D66F3B
:105010005CD8B3F15C7F7FF68CAEA84B4046494626
:105020000022DBF701FBA44B0B4080468946002B96
:105030007FF450AE049A222313604BE64D4662D1B2
:105040000F9AC9F3130342B39D4A934228D1079B99
:105050004146EBB1984B2B40B3F1D46F4FF0FF3288
:1050600019D81B0DC3F16B0302FA03F3994217D150
:10507000944B9D4202D101313FF421AE8E4B2B4027
:1050800003F580194FF00008079B002BC5D121E6DE
:105090004FF0FF33EAE71346E8E753EA0803B0D0DE
:1050A000BBF1000F1BD01BEA050FEDD00F9B079A39
:1050B00040464946B3B1FFF76DFBDDE90C0153EC07
:1050C000102BDBF7FBF880468946DDE7A3F580135C
:1050D0006FEA13596FEA09594FF0FF38D4E71AEA1B
:1050E000080FE2E7FFF756FBDDE90C0153EC102B4C
:1050F000DBF7E2F80022002380468946DBF7FCFC60
:105100000028C1D015E60599204601F00DFE57ECA8
:10511000106B00224FF0804330463946DBF700FD2C
:10512000002870D00F9B002B7BD1B8F1000F56D117
:10513000C9F31303002B58D1634B00223046394684
:10514000DBF7E4FC002859D1604B00223046394699
:10515000DBF76AFA82468B460BF10043CDF820A0BC
:105160000993554B544A2B401393594B2A409A426A
:10517000DDE9086740F0B080A5F1547949EC108B67
:1051800001F00AFDDDE9082351EC100BDBF74CFAC6
:1051900042464B46DBF792F8474D4E4A0D4095424A
:1051A000804645D90D9A474B9A4203D10C9B013357
:1051B0003FF485ADDFF80C914FF0FF381899049853
:1051C00001F0AEF90699049801F0AAF9DDE90401AD
:1051D00001F0A6F90498214601F0A2F925E6B8F1FC
:1051E000010F02D1002D3FF4A4AD9FED2B7BDFF822
:1051F000D8B08DED087B4FF0000AB2E7DFF8CCB0F5
:105200004FF0000AA8E7314B002230463946DBF761
:105210000BFA0F9B82468B46002B9DD0CDE908AB45
:105220009FE79FED1F7B8DED087B5BEC17AB98E74D
:1052300001F15479079B002BC0D129F00043139A48
:105240001B0D1B059A42B9D150465946DBF74CFD60
:10525000DBF7BCF902460B4650465946DBF72CF803
:105260000F9AC9F3130343EA0803134306460F4694
:105270006BD00DA3D3E90023DBF748FC00287FF4B3
:1052800029AD0BA3D3E9002330463946DBF75CFC9C
:10529000002893D01EE500BF000000000000F0BF12
:1052A000000000000000F03F9535A094FFFFDF3FB5
:1052B00035E5AF350000E03F0000F07F00005039D9
:1052C000FFFF0F00FFFFEF7F0000F03F0000E03F17
:1052D0000000E07FFFFF9F7C079B13B3139BB3F19C
:1052E000D46F1ED824A3D3E9002350465946DBF7D8
:1052F00017FC90B159465046DBF76EFC012838BFC9
:105300000120DBF717F90F9B82468B46D3B901F1D9
:10531000004310901193DDE91067139A07F1D663EB
:105320009F1A9DED0C0B01F037FC304653EC102B0F
:105330003946DBF779F9DDE90C23DAF7BFFF804660
:10534000894677E7CDE910ABE5E70DA3D3E9002364
:10535000DBF7DCFB9CE700230B93159A179B13608C
:10536000FFF78CBA652A3FF46AAB452A3FF467AB76
:1053700001230793FFF7A1BB0000C0FFFFFFDF4140
:105380009535A094FFFFCF3F0A4601460248034BE4
:105390000068FFF71DBA00BFBC02002050010020CA
:1053A000242B2DE9F0478646904601D8012B06D1E3
:1053B00000F064FB162303600020BDE8F08734484A
:1053C0000D462A4615F8014B065D16F00806F8D181
:1053D0002D2C10D12C780126951C33F0100215D1FC
:1053E000302C0DD12A7802F0DF02582A08D16C78CF
:1053F000023510230AE02B2C04BF2C78951CECE717
:10540000002BF6D1302C14BF0A23082306F1004CE0
:105410000CF1FF3C0022BCFBF3F9104603FB19CA58
:10542000A4F13007092F0FD83C46A3421BDD571CBF
:1054300007D0814514D301D1A24511DB00FB034005
:10544000012215F8014BEBE7A4F14107192F01D810
:10545000373CEAE7A4F16107192F04D8573CE4E789
:105460004FF0FF32EDE7531C08D12223CEF8003075
:105470006046B8F1000FA0D0691E06E006B14042B8
:10548000B8F1000F99D0002AF6D1C8F8001094E7BF
:10549000912E030813460A46014602480068FFF7AA
:1054A0007FBF00BFBC020020024B0344587800F0CD
:1054B00003007047902E0308034B1B5C03F00303AB
:1054C000012B08BF20307047912E0308002310B530
:1054D0000446C0E90033C0E9043383608181436638
:1054E000C2818361194608225C3000F082F90D4BBD
:1054F00063620D4BA3620D4BE3620D4B23630D4BB7
:1055000024629C4206D003F16802944202D0D03358
:105510009C4205D104F15800BDE8104000F0D8BA13
:1055200010BD00BFC1560208E35602081B5702080F
:105530004157020854F40120024A0349034800F08D
:105540006BB800BF440100200D750208C0020020A6
:1055500041680C4B994210B5044601D001F0D6FFCA
:10556000A168094B994202D0204601F0CFFFE168C3
:10557000064B994204D02046BDE8104001F0C6BF5A
:1055800010BD00BF54F40120BCF4012024F501201B
:105590000C4B0D4A0D4810B504211A600022FFF78C
:1055A00095FF0A4B01221C46092103F16800FFF711
:1055B0008DFF04F1D0000222BDE810401221FFF758
:1055C00085BF00BF8CF501203955020854F4012035
:1055D000014800F07EBA00BF96F50120014800F0B6
:1055E00079BA00BF96F5012010B50446FFF7F0FF29
:1055F000236A1BB1BDE81040FFF7F0BF044B2362E4
:10560000044B1B68002BF5D1FFF7C2FFF2E700BF88
:10561000515502088CF501202DE9F84307468846CC
:1056200014460026D4E90195B9F1010905D524688D
:10563000002CF7D13046BDE8F883AB89012B07D9A0
:10564000B5F90E30013303D029463846C04706432A
:105650006835E9E70CB430B5184B0C1E1D689DB0D9
:1056600008DA8B232B604FF0FF301DB0BDE83040CF
:1056700002B070474FF40273ADF814304FF00003DE
:105680001B9314BF04F1FF332346049307934FF693
:10569000FF7302900690ADF81630209A21AB02A954
:1056A0002846019301F024FC431CBCBF8B232B60D4
:1056B000002CDAD0029B00221A70D6E7BC02002030
:1056C00010B50C46B1F90E1000F0B4F90028ABBFCC
:1056D000636DA3891B1823F48053ACBF6365A3815A
:1056E00010BD2DE9F0411F468B89DB0505460C46B0
:1056F000164605D5B1F90E100223002200F088F9F4
:10570000A389B4F90E1023F48053A38132463B469B
:105710002846BDE8F04100F09FB910B50C46B1F93C
:105720000E1000F075F9B4F90C30421C0BBF23F4D5
:10573000805343F48053A381A38118BF606510BDDB
:10574000B1F90E1000F0F6B830B51446002C9BB03D
:1057500005461A4605DA8B2303604FF0FF301BB075
:1057600030BD4FF40273ADF80C304FF000031993C5
:1057700014BF04F1FF332346029305934FF6FF73E2
:1057800000910491ADF80E3069461E9B01F0B0FB0C
:10579000431CBCBF8B232B60002CE0D0009B00225D
:1057A0001A70DCE707B5009313460A460146034822
:1057B0000068FFF7C9FF03B000BD00BFBC020020B6
:1057C000884210B501EB020402D98442234607D86F
:1057D000431EA14207D011F8012B03F8012FF8E76F
:1057E0000244824200D110BD13F8011D02F8011DD0
:1057F000F7E702440346934200D1704703F8011BC8
:10580000F9E7C9B20346184613F8012B12B18A42D0
:10581000F9D17047002918BF0020704710B56AB150
:105820000139841810F8012B11F8013F9A4203D175
:10583000A04201D0002AF5D1D01A10BD1046FCE7D5
:1058400010B50139034632B111F8014F03F8014B8D
:10585000013A002CF7D11A440021934200D110BD27
:1058600003F8011BF9E700001B4B2DE9F0411C6810
:10587000656C06460F463DBB502000F04BFD0246CE
:10588000606420B9154B16485B2100F09FF98560D4
:10589000626CC0E90055C2E90355626CC2E9055566
:1058A000626CC2E90A55626CC2E90C55626CC2E9CD
:1058B0000E55626CC2E91055626CC2E91255626CF9
:1058C00015772B46656C6B622A46394630460123B4
:1058D000BDE8F04100F006B8BC0200209A9602082C
:1058E00015970208F0B5044608B9146844B120467B
:1058F00014F8015B0F4617F8016B1EB965B9156006
:10590000002005E0B542F6D1002BF0D11460037001
:10591000F0BD1C460CE01DB9274614F8013B0E46AD
:1059200016F8015BAB42F6D1002BF2D000233B709E
:105930001460EDE738B5064D0023044608462B6099
:10594000FCF78EFC431C02D12B6803B1236038BDE9
:1059500090F501202D4B1B68834270B5044653D04F
:10596000C3691BB3DB6863B10025E369DB68595980
:10597000B1B90435802DF8D1E3692046D96800F02B
:1059800043F9E369196811B1204600F03DF9E36974
:105990009D685DB1294620462D6800F035F9F8E78D
:1059A0000E68204600F030F93146E1E7616911B137
:1059B000204600F029F9E16911B1204600F024F9F0
:1059C000216B11B1204600F01FF9616B11B1204627
:1059D00000F01AF9A16B11B1204600F015F9A16C85
:1059E00011B1204600F010F9616C11B1204600F0B1
:1059F0000BF9E16A11B1204600F006F9236A1BB1E8
:105A00002046BDE87040184770BD00BFBC020020B2
:105A100038B5074D04460846114600222A601A464A
:105A2000FCF728FC431C02D12B6803B1236038BD6E
:105A300090F5012038B5074D04460846114600226E
:105A40002A601A46FCF7F0FB431C02D12B6803B115
:105A5000236038BD90F5012038B5074D044608464F
:105A6000114600222A601A46FCF7ECFB431C02D1C7
:105A70002B6803B1236038BD90F50120014B1868F5
:105A8000704700BFBC02002070B50D4B0D4D5B1B75
:105A90009C100026A64209D102F066F80A4D0B4B75
:105AA0005B1B9C100026A64205D170BD55F8043B37
:105AB00098470136EEE755F8043B98470136F2E780
:105AC000983003089830030898300308AC30030876
:105AD000704770477047034611F8012B03F8012BFC
:105AE000002AF9D170470A44914200F1FF3300D1F6
:105AF000704710B511F8014B03F8014F9142F9D1ED
:105B000010BD0000000000009FED010B704700BFBA
:105B1000000000000000F87F2DE9F047264E074600
:105B20003068924688469946FFF7D3FF234A1568A6
:105B30003DB9234B1360234A12B11268C3F8882081
:105B40001F4D6C681F2C06DD3068FFF7C3FF4FF058
:105B5000FF30BDE8F0872FB3D5F8880068B91A4B3D
:105B6000002BF1D04FF4847000F0D4FB0028EBD070
:105B70000023C0E94033C5F888006C6840F824A0D1
:105B80000122D0F80031A24000EB84011343C0F899
:105B90000031022FC1F8809002BFD0F804311343C6
:105BA000C0F80431631C023430686B6045F824800F
:105BB000FFF790FF0020CCE70C03002024F6012023
:105BC00098F5012000000000156302081FB5144677
:105BD0001A46094B1B680546D8684CB1074B009123
:105BE000CDE9013406492B4601F0B8FC01F0D8FCA0
:105BF000044B1C46F3E700BFBC0200207797020865
:105C000084970208AA83020838B50546002941D0C6
:105C100051F8043C0C1F002BB8BFE41800F036FC10
:105C20001D4A136833B9636014602846BDE83840E4
:105C300000F032BCA34208D9206821188B4201BF72
:105C400019685B6809182160EDE71A465B680BB1BB
:105C5000A342FAD911685018A0420BD12068014420
:105C6000501883421160E0D118685B6853600844A3
:105C70001060DAE702D90C232B60D6E720682118E0
:105C80008B4204BF19685B68636004BF0918216018
:105C90005460CAE738BD00BF2CF601200369B3EB9E
:105CA000611F2DE9F0434FEA611200F1140445DD54
:105CB00011F01F0104EB830604EB82050CD100F107
:105CC00010072946B14234D39B1A9B00EA1E964224
:105CD00038BF0023234415E054F82270C1F1200896
:105CE000CF4005F1040EA1467645F44615D89A1A20
:105CF0009200043A0135AE4238BF0022A318A750E3
:105D000007B104331A1BA3424FEAA20208BF0023C3
:105D1000026108BF4361BDE8F083DCF800C00CFA03
:105D200008FC4CEA070749F8047B5EF8047BCF4087
:105D3000DAE751F804CB47F804CFC3E72346E1E79D
:105D4000A0F13003092B02D82038C0B27047A0F16F
:105D50006103052B01D84738F7E7A0F14103052B74
:105D600001D82738F1E70020704700002DE9F04FF7
:105D700085B08A4602930B68019090469C1CA14610
:105D800014F8010B3028FAD0A9EB0303A3F1020B9E
:105D9000FFF7D6FF0546002868D1A04901224846F2
:105DA000FFF73CFD0746002867D199F80100264619
:105DB000FFF7C6FF002862D023461878302899469E
:105DC00003F10103F9D0FFF7BBFFB0FA80F56D09CD
:105DD0004FF0010B4A46164601323078FFF7B0FF0C
:105DE0000028F8D18D4901223046FFF717FD002821
:105DF0003FD144B9741C2246164601323078FFF771
:105E00009FFF0028F8D1A41BA700337803F0DF031D
:105E1000502B3ED173782B2B33D02D2B34D0711CCB
:105E200000240878FFF78CFF431EDBB2182B30D814
:105E3000A0F1100211F8010FFFF782FF00F1FF3C03
:105E40005FFA8CFCBCF1180F4FF00A031ED904B1A5
:105E500052421744CAF80010EDB1BBF1000F0CBF5D
:105E600006250025284605B0BDE8F08F00252C4604
:105E7000B0E7002CC7D12746C7E74E462F4601257D
:105E8000C3E70024B11CCCE70124FBE703FB0200BD
:105E9000CEE73146DEE7A6EB0903013B2946072B97
:105EA0000ADC019800F0FEFA044640B95C4B024659
:105EB000E4215C48FFF78AFE01315B10EFE700F157
:105EC000140A002355469B46B14537D345F804BB19
:105ED000A5EB0A05AD102561584600F0D3FB6D0116
:105EE000D8F800602D1AB54254DDAD1B2946204676
:105EF00000F06FFF814678B16B1E591103F01F024D
:105F00005AF821104FF0010909FA02F20A4203D0AF
:105F10004B4536DC4FF0020929462046FFF7BEFE0E
:105F20002F44D8F80830BB4242DA0198214600F0ED
:105F3000F7FA0E9A00231360A32593E716F8012DB4
:105F40002E2A12D0202B04D145F804BB4FF0000BB1
:105F50005B4630780393FFF7F3FE039B00F00F00DE
:105F600098404BEA000B0433AEE7B145EAD82B4921
:105F7000039301223046FFF751FC039B0028E1D137
:105F8000A2E7A91E204600F024FF0028C2D04FF04F
:105F90000309C1E709DA751B214601982A4600F07A
:105FA000D9FC7F1B044600F1140A4FF00009B8E742
:105FB000D8F80450BD426FDDED1BAE4234DCD8F89A
:105FC0000C30022B22D0032B24D0012B15D1AE4252
:105FD00013D1012E0BD1029AD8F80430136001239B
:105FE0002361CAF800300E9B62251C603AE7711EDF
:105FF000204600F0EEFE0028EDD10198214600F089
:106000008FFA0E9A0023136050252BE70F9B002B6D
:10601000F3D1E0E70F9B002BDDD1EEE79D93020863
:10602000B3970208C49702086F1EB9F1000F30D170
:1060300027B13946204600F0CCFE81467A11012373
:106040005AF8222007F01F07BB401342294620467A
:1060500018BF49F00209FFF721FED8F80470761B3B
:106060000225B9F1000F47D0D8F80C30022B15D01B
:10607000032B17D0012B09D119F0020F06D0DAF843
:10608000003049EA030919F0010F0ED145F010055F
:1060900032E04FF00109D1E70125E2E70F9BC3F1A0
:1060A00001030F930F9B002BF0D0D4F810B004F134
:1060B00014034FEA8B0A03EB8B014FF0000C1846D8
:1060C00053F8042BB2F1FF3F1BD001320260022DC6
:1060D00004F114033CD1D8F80020013AB24209D1AE
:1060E0007111012253F8213006F01F0602FA06F65C
:1060F0001E423AD145F020050E9B1C60029B1F609A
:10610000B0E6994243F804CCD9D8A3689B4517DB85
:1061100061680198013100F0C5F9814618B91A4B40
:1061200002468421C5E62269023204F10C01920084
:106130000C30FFF7D8FC2146019800F0F1F94C46ED
:1061400023695A1C04EB8303226101225A61BEE7D2
:1061500022695A450BDD01212046FFF79FFDD8F843
:1061600008300137BB42FFF6E0AE0125C2E716F06A
:106170001F06FAD05344C6F1200653F8040C00F071
:1061800081FAB042E7DBF0E7B3970208C2F10802F8
:10619000920070B5C2F120064368046803FA06F560
:1061A0002C43D340046040F8043F8842F4D370BDD0
:1061B00030B50368013311F8014B14B903600120B5
:1061C00030BD13F8012BA2F14105192D98BF2032E3
:1061D000A242F0D00020F3E72DE9F04F0B680168F0
:1061E0005E1102EB860613F01F0387B018BF04365A
:1061F0000025371F82469046019346F8045CB94655
:106200003C460295AB464A784B1C039342B310467A
:1062100005910492FFF794FD002853D1049A059943
:10622000202A18D8029B9B4513DD4C4506D2072D2A
:1062300004DC2A4649462046FFF7A8FF444554D9C6
:106240000023A4F1040944F8043CCDF808B04C46FE
:106250001D460399D7E7292A59D10231CAF80010FF
:10626000BBF1000F53D04C4506D2072D04DC2A4663
:1062700049462046FFF78AFF444538D9A8F1040271
:10628000234653F8041B42F8041F9F42F9D23B1BDC
:1062900023F003030134033EB44288BF002308F116
:1062A0000402134400211A4604339F421160FAD2BB
:1062B0003B681BB9474528D101233B60052007B047
:1062C000BDE8F08F0135082D0BF1010B06DD4445CB
:1062D000BFD9002344F8043C0125043C226800F0A7
:1062E0000F0040EA02102060B3E70825B1E7019BE8
:1062F000002BDDD0C3F120034FF0FF32DA4056F817
:10630000043C134046F8043CD2E7043FD0E70420A5
:10631000D5E70000024B0146186800F025B800BF21
:10632000BC02002070B50F4E0C463168054611B90D
:1063300001F026F930602146284601F021F9431C7E
:1063400003D14FF0FF34204670BDC41C24F0030479
:10635000A042F8D0211A284601F012F90130F2D1FA
:10636000EFE700BF28F601202DE9F843CD1C25F00A
:10637000030508350C2D38BF0C25002D064601DB22
:10638000A94204D90C2333600020BDE8F883DFF86C
:10639000D48000F07BF8D8F800301C4644BB294676
:1063A0003046FFF7BFFF431C044658D1D8F80040E1
:1063B0002746002F43D1002C4BD023683946304666
:1063C00004EB030901F0DCF8814542D121686D1A24
:1063D00029463046FFF7A6FF01303AD023682B4408
:1063E0002360D8F800305A6862BBC8F800700FE02C
:1063F0002268521B20D40B2A17D96119A3422560A9
:1064000018BF5960636808BFC8F8001062514B603C
:10641000304600F041F804F10B00231D20F0070086
:10642000C21A1CBF1B1AA350AFE76268A3420CBF7D
:10643000C8F800205A60EBE723466468AEE73C46A4
:106440007F68B6E71A465B68A342FBD1002353601E
:10645000DEE70C233360304600F01EF894E7056059
:10646000D6E700BF2CF6012082B001B901A942B1E4
:106470004BB113780B601278101E18BF012002B0C8
:1064800070471046FBE76FF00100F8E70148FFF79F
:1064900020BB00BF94F501200148FFF71BBB00BFE4
:1064A00094F5012070B5C46905460E4684B91020E4
:1064B000FFF730FF0446E86128B90246164B17483B
:1064C0006B21FFF783FB0023C0E901330360C36046
:1064D000E36853B921220421284601F068F8EB69EA
:1064E000E060DB680BB9002070BD53F8260030B1C6
:1064F000026843F826200023C0E90333F4E70121B2
:1065000001FA06F4621D9200284601F050F80028B6
:10651000E9D0C0E90164EEE79A96020824980208DF
:1065200070B5C66905460C4676B91020FFF7F2FE35
:106530000246E86120B9094B09488F21FFF746FB65
:10654000C0E901660660C6603CB1EB696268DB6861
:1065500053F82210216043F8224070BD9A96020839
:10656000249802082DE9F0410D6907460C461E46A5
:1065700001F1140C0020DCF8003099B202FB01613B
:106580001E0C0B0C02FB063389B2013001EB0341F8
:1065900085424CF8041B4FEA1346ECDC0EB3A368AB
:1065A000AB4219DC616838460131FFF77BFF80465A
:1065B00028B902460C4B0D48BA21FFF707FB2269A8
:1065C000023204F10C0192000C30FFF78CFA2146E4
:1065D0003846FFF7A5FF444604EB850301355E61AD
:1065E00025612046BDE8F081B3970208249802088F
:1065F0002DE9F8430C4615461F4609220833064686
:1066000093FBF2F3002101229A4209DB3046FFF7A7
:1066100049FF40B90246194B1948D321FFF7D6FA72
:1066200052000131F0E7089B4361092D4FF001034F
:10663000036116DD04F10908C1462C4419F8013B39
:106640000146303B0A223046FFF78CFFA145F5D1C9
:10665000A844A8F108042D1B63199F4204DCBDE87F
:10666000F8830A340925F6E714F8013B0146303B6C
:106670000A223046FFF776FFEEE700BFB397020825
:1066800024980208B0F5803F034636BF030400207B
:106690001020B3F1807F3CBF1B020830B3F1805F54
:1066A0003CBF1B010430B3F1804F3CBF9B00023064
:1066B000002B05DB13F0804F00F1010008BF202004
:1066C00070470368024613F007000BD0D90721D4A6
:1066D000980749BF5B089B08012013605CBF1360EB
:1066E0000220704799B209B91B0C1020D9B209B920
:1066F00008301B0A190704BF1B090430990704BF9F
:106700009B080230D90703D45B0800F1010003D0D5
:1067100013607047002070472020704710B50C466A
:106720000121FFF7BFFE024628B9054B054840F29C
:106730004511FFF74BFA01234461036110BD00BF0F
:10674000B3970208249802082DE9F04FD1F8109071
:10675000D2F810A0D14585B08846144604DB5346D4
:106760000C46CA4690469946A36861680AEB09063A
:10677000B342B8BF0131FFF795FE30B90246454B31
:1067800045484FF4B171FFF721FA00F1140505EB0C
:1067900086072B460022BB421FD304F1140C08F1DC
:1067A00014010CEB8A0301EB890202921A1B153AC1
:1067B00022F0030215349C4288BF00220192029A03
:1067C00003918A420CD8002E03DD57F8043D002BBC
:1067D0005DD0066105B0BDE8F08F43F8042BDAE721
:1067E000B1F800A0BAF1000F24D0E046A9464FF05E
:1067F000000E58F8042BD9F800401FFA82FBA4B20F
:106800000AFB0B444FEA124BD9F8002074444FEABC
:10681000124E0AFB0BE202EB1442A4B244EA024419
:10682000434549F8044B4FEA124EE2D8019AAA18A0
:10683000C2F804E0039AB2F802800431B8F1000F04
:1068400023D02A68E6469146AA464FF0000BBEF8D0
:10685000004008FB04B404EB194492B242EA04423B
:106860004AF8042B5EF8042BDAF800904FEA124B3A
:106870001FFA89F208FB0B2202EB144273454FEA20
:10688000124BE4D8019C2C196260043597E7013E55
:1068900099E700BFB3970208249802082DE9F8434E
:1068A000174612F0030280460D4607D0264C013AE7
:1068B000002354F82220FFF755FE0546BF103FD0B5
:1068C000D8F81C4094B91020FFF724FD0446C8F8FE
:1068D0001C0030B902461D4B1D4840F2B311FFF7B2
:1068E00075F90023C0E901330360C360A66846B9A7
:1068F00040F271214046FFF711FF0023A0600646D9
:1069000003602C464FF0000907F001037F1053B1DC
:10691000294632464046FFF717FF214605464046C6
:10692000FFF7FEFD67B1306838B932463146404660
:10693000FFF70AFF3060C0F8009006462C46E3E7F8
:106940002846BDE8F88300BF942F03089A960208F2
:10695000249802082DE9F84F0C464968236903EB97
:106960006218A368074615464FEA621A08F1010942
:106970004B450BDB3846FFF795FD064648B9024606
:10698000294B2A484FF4EF71FFF720F901315B00E2
:10699000EEE7002300F1140C00F1100219465345F4
:1069A00035DB22692AEAEA7A0CEB8A0C04F114033B
:1069B00015F01F0E614603EB82022CD0CEF1200AA7
:1069C000002518688B4600FA0EF02843CBF800002B
:1069D00053F8045B9A4201F1040125FA0AF5F0D854
:1069E000131B153B23F0030304F115018A4238BF42
:1069F00000239C44CCF8045005B9C1463846C6F87B
:106A000010902146FFF78CFD3046BDE8F88F42F824
:106A1000041F0133C3E753F8045B0D609A4201F190
:106A20000401F8D8E9E700BFB397020824980208E8
:106A30000A6903460069801A30B50ED11433143147
:106A400003EB820401EB820154F8045D51F8042D3C
:106A5000954203D005D24FF0FF3030BDA342F3D3AF
:106A6000FBE70120F9E700002DE9F74F8A460646CB
:106A7000114650461446FFF7DBFF051E12D129468A
:106A80003046FFF70FFD024628B9414B40F237214F
:106A90004048FFF79BF80123C0E90435104603B0D6
:106AA000BDE8F08FBCBF5346A2463046DAF804106A
:106AB000BABF1C4601250025FFF7F4FC024618B9B1
:106AC000334B40F24521E3E7DAF810702669C560E0
:106AD0000AF1140904F1140E00F114050AF110036F
:106AE00009EB87080EEB86060193AB464FF0000CCE
:106AF000019B5EF8040B53F804AF01931FFA8AF36D
:106B0000194683B2CB1A000C6344C0EB1A4000EB69
:106B100023409BB243EA004376454BF8043B4FEADF
:106B2000204CE5D8331B153B153423F00303A64254
:106B300038BF0023E8184B441C1D04302646A5EB43
:106B40000905464506EB050E0ED308F10301091BA6
:106B500021F003010133984538BF0021014451F869
:106B6000043D9BB1176199E756F8041BE2464FEAD2
:106B700011491CFA81FC514409EB2C4989B241EAC4
:106B800009414FEA294CCEF80010DAE7013FE6E769
:106B9000B39702082498020882B08DED000B019A89
:106BA0000F4B1340A3F15073002B08DC5B42B3F191
:106BB000A07F4FEA235204DA4FF40023134100224E
:106BC00008E0A2F114031E2BDABF4FF00042DA40B6
:106BD000012200231946104641EC100B02B0704709
:106BE0000000F07F2DE9F041066900F1140808EB80
:106BF0008606371F56F8042C1046FFF743FDC0F1F8
:106C000020030A280B601B4915DCC0F10B0C22FA8B
:106C10000CF3B84543EA010534BF56F8083C00239D
:106C2000153002FA00F023FA0CF303431C4645EC3E
:106C3000104BBDE8F081B8453ABF56F8083CA6F1C4
:106C4000080700230B3812D0C0F1200123FA01F409
:106C500082402243474542F07F558CBF57F8042CB1
:106C600000228340CA4045F440151343DEE742EA60
:106C70000105DBE70000F03F2DE9F7430F46012156
:106C800059EC108B1646FFF70DFC044630B902464E
:106C9000234B244840F20F31FEF798FFC9F30A5501
:106CA000C9F313030DB143F480130193B8F100034A
:106CB00023D068460093FFF704FD0099D8B1019AEC
:106CC000C0F1200302FA03F30B43C2406361019257
:106CD000019BA361002B0CBF012202222261A5B1FE
:106CE000A5F2334505443D60C0F1350030602046D3
:106CF00003B0BDE8F0836161EAE701A8FFF7E1FCBA
:106D0000019B636120300122E8E704EB8203A0F2DB
:106D1000324038601869FFF7B5FCC0EB4210E5E778
:106D2000B3970208249802082DE9F04F85B0CDE909
:106D3000001002A9FFF756FF009803A955EC104B6D
:106D4000FFF750FF019B1969009B1B69C91ADDE918
:106D500002329B1A5BEC10AB03EB4113002BCEBF4E
:106D60002A46C3EB03335A462F46D946CCBF02EB23
:106D7000035702EB03594B46524620463946D9F792
:106D80007DFD41EC100B05B0BDE8F08F013970B509
:106D900049111469013102F1140300EB810103EB85
:106DA0008404051FA3420CD3A31A113B23F0030351
:106DB0001132944238BF002318440023884205D37F
:106DC00070BD53F8046B45F8046FEBE740F8043BE3
:106DD000F4E700F1140200694B11984210B511DB81
:106DE0000ADD11F01F0107D052F8234024FA01F008
:106DF00000FA01F18C420BD102EB8303934203D8DA
:106E0000002010BD0346F7E753F8041D0029F5D014
:106E10000120F6E70346084641B1FF2A04D98A2239
:106E20001A604FF0FF3070470A70012070472DE95B
:106E3000F0478E681F46BE4282460C469046334657
:106E400053D8B1F90C0010F4906F2BD0656923680A
:106E5000096905EB4505A3EB010905EBD5757B1C1D
:106E60006D104B44AB422A4684BF1D462A4643055B
:106E700027D511465046FFF777FA064658B32169E1
:106E80004A46FEF730FEA38923F4906343F0800363
:106E9000A381266165614E44A5EB09052660A560C6
:106EA0003E463B461F4620683A464146FEF788FC70
:106EB000A3689B1BA36023683B4423600020BDE8BC
:106EC000F087504600F087FB06460028E1D1216993
:106ED0005046FEF799FE0C23CAF80030A38943F010
:106EE0004003A3814FF0FF30E9E73E46DBE70000B7
:106EF0002DE9F0471F468B891B069CB006460D46C0
:106F0000144610D50B6973B94021FFF72DFA28609C
:106F1000286130B90C2333604FF0FF301CB0BDE85E
:106F2000F08740236B610023099320238DF82930DB
:106F300003973023654F8DF82A304FF00108234620
:106F4000994613F8012B0AB1252AF9D1B9EB040AA5
:106F50000BD05346224629463046FFF768FF0130E2
:106F600000F0A480099A5244099299F80030002B4D
:106F700000F09C8000234FF0FF32CDE9052309F19A
:106F80000109049307938DF853301A934C464F48E8
:106F900014F8011B0522D9F73BF9049BD0B9D80698
:106FA00044BF20228DF85320190744BF2B228DF8AF
:106FB000532099F800202A2A13D0079A4C46002023
:106FC0004FF00A0C214611F8013B303B092B49D9FF
:106FD00068B913E0C01B08FA00F018430490A146FA
:106FE000D4E7039A111D12680391002A01DB07926E
:106FF00004E0524243F002030792049323782E2BBD
:107000000AD163782A2B32D1039B1A1D1B68039285
:1070100043EAE37302340593DFF8C090217803223A
:107020004846D9F7F5F838B1049BA0EB0900402297
:10703000824013430134049314F8011B24488DF853
:1070400028100622D9F7E4F8002835D0214818BBCB
:10705000039B073323F0070308330393099B03447F
:1070600009936CE70CFB02320C460120AAE70023CF
:107070000134059319464FF00A0C204610F8012BF5
:10708000303A092A03D9002BC6D00591C4E70CFB7E
:10709000012104460123F0E703AB00932A460E4B7F
:1070A00004A93046AFF30080421CD7D1AB895B0600
:1070B0003FF532AF099831E703AB00932A46064B00
:1070C00004A9304600F07AF8EEE700BF7D98020888
:1070D00087980208000000002F6E020883980208BB
:1070E0002DE9F047164698468A680B69DDF820902E
:1070F0009342B8BF1346336091F8432007460C46CD
:107100000AB1013333602368990642BF3368023302
:107110003360256815F0060506D104F1190AE36805
:1071200032689B1AAB4226DC94F843302268003B5D
:1071300018BF012392062BD404F14302414638467E
:10714000C84701301ED02368226903F00603042BD0
:1071500002BFE5683368ED1AA3680CBF25EAE57540
:1071600000259342C4BF9B1AED1800261A34B5427D
:107170001AD1002008E00123524641463846C8474C
:10718000013003D14FF0FF30BDE8F0870135C6E78D
:10719000E1185A1C302081F84300224494F845102D
:1071A00082F843100233C7E701232246414638469E
:1071B000C8470130E6D00136D9E700002DE9F04399
:1071C0000D7E85B0782D90460C9E07460C4699465C
:1071D00001F1430207D8622D0AD8002D00F0D780B4
:1071E000582D00F0BC8004F1420684F842503BE088
:1071F000A5F16303152BF6D801A151F823F000BFC8
:10720000597202086D720208E7710208E7710208FC
:10721000E7710208E77102086D720208E77102085F
:10722000E7710208E7710208E77102087573020846
:107230009772020827730208E7710208E7710208D3
:1072400097730208E771020897720208E771020853
:10725000E77102082F73020833681A1D1B68326039
:1072600004F1420684F842300123A1E0336820682B
:10727000191D3160060601D51D6803E04506FBD5E2
:10728000B3F90050002D03DA2D236D4284F843300A
:107290005B480A2311E021683368080653F8045B51
:1072A00002D4490648BFADB23360237E54486F2BE9
:1072B0005CD10823002184F843106668A660002E84
:1072C00005DB21682E4321F00401216050D01646D1
:1072D000B5FBF3F103FB115C10F80CC006F801CD0F
:1072E000AC4663450D46F3D9082B0BD12368DB0769
:1072F00008D5236961689942DEBF302306F8013C56
:1073000006F1FF36921B2261CDF80090434603AA96
:1073100021463846FFF7E4FE01304ED14FF0FF30F2
:1073200005B0BDE8F083236843F0200323603548AF
:10733000782584F845502368316813F0800F51F8A0
:10734000045B03D113F0400F18BFADB23160D90711
:1073500044BF43F0200323601DB11023AAE728484F
:10736000E7E7236823F020032360F6E70A23A1E779
:107370001646B9E7336825686169181D30602E0626
:107380001B6801D5196002E06806FBD5198000234F
:1073900023611646B8E733681A1D32601E686268BA
:1073A00000213046D8F734FF08B1801B6060636865
:1073B0002361002384F84330A6E72369324641461F
:1073C0003846C8470130A9D023689B0713D4E0682A
:1073D000039B9842B8BF1846A2E7012332464146B4
:1073E0003846C847013099D00135E36803995B1AE4
:1073F000AB42F2DCEBE7002504F11906F5E700BF2C
:107400008E9802089F980208B1F90C202DE9F041EE
:10741000160705460C4651D44B68002B02DC0B6C5A
:10742000002B49DDE66A002E46D0002312F480527C
:107430002F682B6031D0626DA389590705D5636829
:10744000D21A636B0BB1236CD21A0023E66A216A4D
:107450002846B047421CB4F90C3006D129681D29D2
:1074600046D8294ACA40D60742D500226260D904CC
:107470002269226004D5421C01D12B6803B96065E2
:10748000616B2F60C1B104F14403994202D02846D8
:10749000FEF7BAFB002363630EE0216A012328464E
:1074A000B0470246501CC7D12B68002BC4D01D2BFF
:1074B00001D0162B1AD12F6000201EE00F69002F7B
:1074C000FAD093070E6808BF4B690F6018BF0023FE
:1074D000A6EB07088B60B8F1000FEDDD216AA66A04
:1074E00043463A462846B047002808DCB4F90C3039
:1074F00043F04003A3814FF0FF30BDE8F081074423
:10750000A8EB0008E7E700BF0100402038B50B6991
:1075100005460C4613B90025284638BD18B1036A44
:107520000BB9FEF761F8B4F90C30002BF3D0626EA2
:10753000D00704D4990502D4A06DFEF7CAFA2846F4
:107540002146FFF761FF636EDA070546E4D4A3899D
:107550009B05E1D4A06DFEF7BDFADDE70EB403B5DF
:10756000014603AB054853F8042B0068019300F073
:1075700089F802B05DF804EB03B07047BC0200204C
:1075800038B5064D0023044608462B60FAF774FE12
:10759000431C02D12B6803B1236038BD90F5012054
:1075A00008B5062000F03CFA0120FAF737FE70B566
:1075B000A1FB025434B92946FEF7D6FE064628B987
:1075C000304670BD0C2202600026F9E72A462146AB
:1075D000FEF70FF9F4E72DE9F041074614460D4692
:1075E00021B9BDE8F0411146FEF7BEBE2AB9FEF74B
:1075F0000BFB25462846BDE8F08100F02DFA8442B9
:10760000064602D8B4EB500FF4D821463846FEF7B0
:10761000ABFE804608B94546ECE7B442224629460F
:1076200028BF3246FEF75FFA29463846FEF7ECFAE5
:10763000F1E79368013B002B10B4936008DA94697A
:10764000A34201DB0A2903D15DF8044B00F02EB9F7
:107650001368581C1060197008465DF8044B704799
:10766000F8B506460F461446D518AC4201D10020A5
:1076700007E014F8011B3A463046FFF7DAFF431CD7
:10768000F3D1F8BD2DE9F0470D469CB014461F46D6
:10769000064618B1036A0BB9FDF7A6FF6B6ED90752
:1076A00005D4AB899A0502D4A86DFEF712FAAB890E
:1076B0001B0701D52B699BB92946304600F034F9E8
:1076C00070B16B6EDC0704D54FF0FF301CB0BDE825
:1076D000F087AB899805F7D4A86DFEF7FBF9F3E7BF
:1076E0000023099320238DF82930039730236A4F14
:1076F0008DF82A304FF001082346994613F8012BE4
:107700000AB1252AF9D1B9EB040A0BD05346224617
:1077100029463046FFF7A4FF013000F0A480099A03
:107720005244099299F80030002B00F09C8000230D
:107730004FF0FF32CDE9052309F1010904930793C6
:107740008DF853301A934C46534814F8011B052208
:10775000D8F75EFD049BD0B9D90644BF20228DF82E
:1077600053201A0744BF2B228DF8532099F800208C
:107770002A2A13D0079A4C4600204FF00A0C2146C3
:1077800011F8013B303B092B49D968B913E0C01B04
:1077900008FA00F018430490A146D4E7039A111D9B
:1077A00012680391002A01DB079204E0524243F081
:1077B00002030792049323782E2B0AD163782A2B95
:1077C00032D1039B1A1D1B68039243EAE373023410
:1077D0000593DFF8D490217803224846D8F718FDA6
:1077E00038B1049BA0EB09004022824013430134CE
:1077F000049314F8011B29488DF828100622D8F7A5
:1078000007FD00283ED0264818BB039B073323F012
:10781000070308330393099B034409936CE70CFBAC
:1078200002320C460120AAE70023013405931946D1
:107830004FF00A0C204610F8012B303A092A03D9E0
:10784000002BC6D00591C4E70CFB0121044601239F
:10785000F0E703AB00932A46124B04A93046AFF37E
:107860000080431CD7D16B6ED90705D4AB899A052C
:1078700002D4A86DFEF72EF9AB895B063FF524AF65
:10788000099823E703AB00932A46064B04A9304628
:10789000FFF794FCE5E700BF7D980208879802088F
:1078A000000000006176020883980208F8B50E46D1
:1078B0001446054618B1036A0BB9FDF795FEA36996
:1078C000A360A3891A0701D5236943B92146284635
:1078D00000F02AF818B14FF0FF373846F8BD23689A
:1078E0002269981A6369F6B28342374605DC21465D
:1078F0002846FFF70BFE0028EDD1A368013BA360EB
:1079000023685A1C22601E706269431C9A4204D08C
:10791000A389DB07E1D50A2EDFD121462846FFF7F0
:10792000F5FD0028D9D0D6E738B5284B05461868AC
:107930000C4618B1036A0BB9FDF756FEB4F90C30CA
:107940001A0721D4D80607D409222A6043F040033D
:10795000A3814FF0FF3030E0590712D5616B41B180
:1079600004F14403994202D02846FEF74DF9002362
:1079700063630022B4F90C3062602269226023F054
:10798000240343F00803A38122693AB99A0501D57B
:10799000180603D52146284600F08AF8B4F90C30C1
:1079A00013F001020AD00022A26062695242A26171
:1079B000226942B913F08000C8D138BD990758BF79
:1079C0006269A260F4E70020F7E700BFBC02002074
:1079D0001F2938B505460C4604D9162303604FF01D
:1079E000FF3038BDC26B12B152F821304BB9284676
:1079F00000F030F8224601462846BDE8384000F045
:107A000017B8012B0AD0591C03D11623036001209B
:107A1000E7E7002142F82410204698470020E0E7DD
:107A2000024B01461868FFF7D3BF00BFBC0200201D
:107A300038B5074D00230446084611462B60FAF777
:107A4000E5FB431C02D12B6803B1236038BD00BFA6
:107A500090F50120FAF7D8BB51F8043C181F002B11
:107A6000BCBF0B58C018704770B50C46B1F90E106A
:107A7000002996B015461E460ADAA18911F0800148
:107A800013D14FF48062002031602A6016B070BDBF
:107A90006A4600F047F80028EFDB019901F47041D5
:107AA000A1F5005359425941EBE700214022EAE792
:107AB0008B8973B59E0705460C4607D504F147032D
:107AC000236023610123636102B070BD01AB6A468C
:107AD000FFF7CAFF009E28463146FEF745FCB4F981
:107AE0000C3038B99A05EFD423F0030343F00203B6
:107AF000A381E3E743F08003A381019B2060C4E9F5
:107B00000406002BE0D0B4F90E10284600F01CF853
:107B10000028D9D0A38923F0030343F00103A381F4
:107B2000D2E7000038B5074D002304460846114649
:107B30002B60FAF798FB431C02D12B6803B123603A
:107B400038BD00BF90F5012038B5064D002304462E
:107B500008462B60FAF78CFB431C02D12B6803B15B
:107B6000236038BD90F50120F8B500BFF8BC08BC13
:107B70009E467047F8B500BFF8BC08BC9E467047EB
:107B8000010000000A000000640000000000000086
:107B900000000000000000000000000000000000E5
:107BA00000000000000000000000000000000000D5
:107BB000000000000000000000000000302E303007
:107BC000310A6D6D00302E30310A6D6D0000302E9F
:107BD000310A6D6D000000302E303030310A696E90
:107BE000636800302E3030310A696E6368000030FF
:107BF0002E30310A696E6368000000004486020876
:107C0000020000004986020803000000809002087C
:107C1000040000004E86020805000000518602089C
:107C20000600000056860208070000005A86020877
:107C3000080000005D860208090000006386020853
:107C40000A0000006A8602080B0000006F86020826
:107C50000C000000778602080D0000000F92020859
:107C60000E0000007E8602080F000000AA830208B2
:107C7000100000000000000028840208020000003C
:107C8000358402080C0000004B8402080E0000003E
:107C900060840208130000007784020807000000D7
:107CA00089840208110000009B8402081200000071
:107CB000B384020809000000CB840208060000001B
:107CC000E38402080A000000F68402080B000000AA
:107CD0001585020805000000298502080300000040
:107CE00039850208040000004885020814000000DD
:107CF0005585020815000000858502080D0000006A
:107D00009485020801000000A38502080800000015
:107D1000BA8502080F000000CD850208100000009F
:107D2000E685020816000000F7850208170000002B
:107D300007860208180000001A86020819000000D1
:107D400034860208580059005A004100420043009E
:107D50002A000000938F0208998F020839810208D7
:107D60009E8F020834810208A28F0208A88F0208A1
:107D7000DD880208AE8F020827830208B38F02084D
:107D80009F8E0208A48E0208AF8E0208BA8E0208E7
:107D9000C68E0208D98E0208EC8E0208FE8E0208FA
:107DA0000F8F02081C8F0208188C0208D28B020861
:107DB000C38B0208318F02083F8F0208478F0208E9
:107DC0006A8F02081E8C02087A8F0208868F0208CA
:107DD0000F880208128802082A8802083C880208D4
:107DE0004E8802085D8802086D88020884880208AF
:107DF00096880208A1880208B0880208358E020819
:107E0000C1880208D7880208E2880208F7880208B9
:107E1000078902081B890208F88E020832890208C5
:107E2000458902085F8902087B8902089589020852
:107E3000B5890208D1890208E5890208F989020892
:107E4000138A02082C8A0208488A0208668A0208F5
:107E50007D8A0208998A0208AE8A0208C58A020849
:107E6000DF8A0208F28A02080F8B02082E8B0208B2
:107E7000478B0208618B02087B8B02088F8B0208FC
:107E8000AC8B0208C38B0208D28B0208E28B02087B
:107E9000F38B0208078C0208188C02081E8C02085B
:107EA0002A8C0208458C0208568C0208758C020840
:107EB000928C0208AA830208AA830208AA830208F5
:107EC000AC8C0208BB8C0208C98C0208DC8C02084E
:107ED000EC8C0208AA830208AA830208AA8302087B
:107EE000AA830208AA830208FA8C0208088D0208F5
:107EF0001D8D0208378D0208588D0208748D020806
:107F00008C8D0208A68D0208BE8D0208CC8D020859
:107F1000E78D0208088E0208228E02083E8E0208B3
:107F2000598E02086B8E0208808E02088B8E020822
:107F3000958E0208000002400200000000000000D0
:107F400000000240040000000000000000040240A5
:107F500000040000000000000004024002000000D5
:107F600000000000000402400010000000000000BB
:107F70000004024000200000000000000000024059
:107F80000100000000000000AA83020801000000B8
:107F900000000000000000000200000000000000DF
:107FA00000000000000000000100000005000000CB
:107FB0000A00000064000000010000000200000050
:107FC0000500000032000000B4000000680100005D
:107FD000D0020000100E0000C800000032000000B7
:107FE0000A000000D00700000000000002000000AE
:107FF0000000000000000000000000000100000080
:10800000050000000A0000006400000001000000FC
:10801000020000000500000032000000B400000073
:1080200068010000D0020000100E0000C80000002F
:10803000320000000A000000D0070000000000002D
:10804000302E3030310A6D6D00302E30310A6D6DBA
:108050000000302E310A6D6D000000302E303030BF
:10806000310A696E636800302E303030350A696E2F
:10807000636800302E3030350A696E636800000096
:10808000010000000A000000640000000100000080
:108090000500000032000000C8940208D0940208D5
:1080A000DC940208EE940208029502081595020875
:1080B00023950208319502083F9502084D95020864
:1080C0005D9502086D9502087D9502088D95020860
:1080D0009B950208A9950208B7950208C595020864
:1080E000D2950208DD950208F095020847414D45FA
:1080F000204F564552000000000000004C96020838
:10810000FD1902080000000000000000000100004E
:1081100000000000000000000A0000000200000053
:1081200000000000000000004170706C6963617421
:10813000696F6E00486F6C640052756E00556E6C0E
:108140006F636B00417661696C61626C65206D657F
:108150006D6F72793A202564620024580D004D50ED
:1081600047004F5645525249444500504F574552DB
:10817000204645454400524F5441525920544142F3
:108180004C450047434F44452053454E444552001B
:1081900047434F44452047454E455241544F5200B6
:1081A00050524F42450053455454494E47530041A5
:1081B0006C6C20706172616D65746572732073659B
:1081C000740A746F2064656661756C7420737461E1
:1081D00074650A0A506C6561736520636865636B3A
:1081E00020706172616D65746572730A6265666F95
:1081F00072652075736521004E564D204552524FD1
:108200005200436F6E74726F6C6C657220646F65A0
:108210006E2774207265706F727420776F726B0AAC
:108220006F66667365742E20506C6561736520659A
:108230006E61626C6520697420696E0A74686520DD
:10824000636F6E74726F6C6C6572207365747469A1
:108250006E67733A0A0A47656E6572616C2D3E530C
:108260007461747573207265706F7274206F7074AE
:10827000696F6E730A5B765D20576F726B20636F58
:108280006F7264696E617465206F666673657400F1
:10829000574F524B204F4646534554000A25730012
:1082A0004F6B0043616E63656C002525256C756C12
:1082B000642E252530256C756C75002525256C757B
:1082C0006C6400464545443A004469616D657465D7
:1082D000720052616469757300476F2100437572C3
:1082E00072656E74004343570053544F500053540B
:1082F000415254003C303E0052504D005350494EC4
:10830000444C4500536D61727450656E64616E74C7
:108310002025642E253033642E256420256C754D70
:10832000487A0072706D00486F6D650024480D003A
:1083300047380D0047370D0053637269707473003E
:1083400047656E657261746500252D31392E3139AE
:10835000732531326C7562002D2D20546F6F206DA6
:10836000616E792066696C657321202D2D00436153
:108370006E277420616C6C6F636174652062756632
:108380006665720A666F722074686520726573751F
:108390006C742E0A0043616E27742072656164203C
:1083A0007468652066696C65210A005363726970A0
:1083B000742063616E2062652072756E20696E2084
:1083C00049444C45206F7220554E4B4E4F574E201E
:1083D000737461746500526573756C742E6E6300FE
:1083E000536372697074732F0043616E2774206148
:1083F0006C6C6F63617465206275666665720A7481
:108400006F2072656164207468652066696C652EF2
:108410000A0043616E2774206F70656E2074686572
:108420002066696C65210A0053796E746178206555
:1084300072726F72004E6F20657870726573736927
:108440006F6E2070726573656E7400506172656E38
:10845000746865736573206578706563746564001E
:10846000436C6F73696E672071756F7465206578F2
:1084700070656374656400546F6B656E206973206A
:10848000746F6F206C6F6E6700556E62616C616E09
:1084900063656420627261636573004475706C6922
:1084A00063617465207661726961626C65206E61DA
:1084B0006D65004475706C69636174652066756EE6
:1084C0006374696F6E206E616D650054797065200C
:1084D0007370656369666965722065787065637439
:1084E00065640053656D69636F6C6F6E20657870AD
:1084F000656374656400546F6F206D616E79206EE2
:1085000065737465642066756E6374696F6E20634D
:10851000616C6C730052657475726E207769746853
:108520006F75742063616C6C00506172616D65746D
:108530006572206572726F72004E6F7420612076D2
:1085400061726961626C65004E6F742061207374A2
:1085500072696E67007B206578706563746564205E
:1085600028636F6E74726F6C2073746174656D65CF
:108570006E7473206D7573742075736520626C6FF3
:10858000636B732900436F6C6F6E20657870656351
:10859000746564005768696C6520657870656374FC
:1085A000656400556E62616C616E63656420706124
:1085B00072656E7468657365730046756E63746981
:1085C0006F6E20756E646566696E656400546F6FCA
:1085D000206D616E79206C6F63616C2076617269C9
:1085E00061626C6573004469766973696F6E2062BD
:1085F00079207A65726F00556E646566696E656490
:1086000020746F6B656E00546F6F206D616E792002
:1086100066756E6374696F6E7300546F6F206D6161
:108620006E7920676C6F62616C207661726961623D
:108630006C6573004572726F72204E6F7420466FC6
:10864000756E6400766F69640063686172006966C4
:1086500000656C736500666F7200646F007768690F
:108660006C650073776974636800636173650064A7
:10867000656661756C740072657475726E00627205
:1086800065616B004772626C436F6D6D00257325E9
:108690006C642E2530346C64002573256C642E25A3
:1086A00030336C64002573256C642E2530326C6485
:1086B000002573256C642E2530316C6400257325EC
:1086C0006C64006F6B0057506F733A004D506F73BE
:1086D0003A0046533A00463A0057434F3A00506E2C
:1086E0003A00413A004F763A004D50473A00505216
:1086F000423A00544C4F3A004158533A0065727266
:108700006F723A00414C41524D3A004772626C0020
:1087100024490D0024240D00473231004732300037
:108720004739300047393100244A3D2573257325E8
:108730007325734625730D00244A3D257347353351
:10874000473930257325734625730D00244A3D258E
:1087500073257300473032004730330025734731AB
:108760003725732573257325732573257352257358
:108770004625730D004739304731304C3230503088
:108780002573300D0025734739304731304C323076
:108790005030257325730D002573257347312573DC
:1087A00025734625730D00257325734730257325E2
:1087B000730D0047393025734733382E3225732522
:1087C000734625730D0047393025734733382E33F0
:1087D000257325734625730D0047393025734733BC
:1087E000382E34257325734625730D0025734734C1
:1087F000332E315A25730D004734390D004D3400A6
:108800004D3300257353256C640D004D350D004F1D
:108810004B00457870656374656420436F6D6D61CE
:108820006E64204C657474657200426164204E75FC
:108830006D62657220466F726D617400496E76617B
:108840006C69642053746174656D656E74004E6567
:108850006761746976652056616C756500486F6D57
:10886000696E672044697361626C65640053657466
:1088700074696E6720537465702050756C73652041
:108880004D696E0053657474696E6720526561644A
:10889000204661696C0049646C65204572726F7294
:1088A0000053797374656D204720436C6F636B00D0
:1088B000536F6674204C696D6974204572726F72D3
:1088C000004D61785374657020526174652045785D
:1088D00063656564656400436865636B20446F6F1E
:1088E00072004C696E65204C656E6774682045782F
:1088F0006365656465640054726176656C204578D3
:1089000063656564656400496E76616C6964204ADC
:108910006F6720436F6D6D616E6400536574746999
:108920006E672044697361626C6564204C61736595
:1089300072004E6F6E20506F7369746976652056B1
:10894000616C75650047636F646520556E73757063
:10895000706F7274656420436F6D6D616E64004763
:10896000636F6465204D6F64616C2047726F757032
:108970002056696F6C6174696F6E0047636F646540
:1089800020556E646566696E656420466565642081
:10899000526174650047636F646520436F6D6D615C
:1089A0006E642056616C7565204E6F7420496E743C
:1089B000656765720047636F64652041786973205D
:1089C000436F6D6D616E6420436F6E666C69637496
:1089D0000047636F646520576F726420526570654D
:1089E000617465640047636F6465204E6F20417851
:1089F000697320576F7264730047636F6465204921
:108A00006E76616C6964204C696E65204E756D628E
:108A100065720047636F64652056616C7565205709
:108A20006F7264204D697373696E670047636F648A
:108A30006520556E737570706F7274656420436F36
:108A40006F7264205379730047636F646520473504
:108A50003320496E76616C6964204D6F74696F6E66
:108A6000204D6F64650047636F64652041786973CA
:108A700020576F7264732045786973740047636F81
:108A80006465204E6F2041786973576F726473205C
:108A9000496E20506C616E650047636F64652049C4
:108AA0006E76616C69642054617267657400476317
:108AB0006F6465204172632052616469757320455B
:108AC00072726F720047636F6465204E6F204F664D
:108AD000667365747320496E20506C616E65004743
:108AE000636F646520556E7573656420576F72649B
:108AF000730047636F6465204734332044796E61A7
:108B00006D69632041786973204572726F72004706
:108B1000636F646520496C6C6567616C20546F6F8E
:108B20006C205461626C6520456E747279004763F5
:108B30006F64652056616C7565204F7574204F66B3
:108B40002052616E67650047636F646520546F6FE4
:108B50006C204368616E67652050656E64696E675E
:108B60000047636F6465205370696E646C65204EC6
:108B70006F742052756E6E696E670047636F64652F
:108B800020496C6C6567616C20506C616E650047B4
:108B9000636F6465204D617820466565642052618D
:108BA00074652045786365656465640047636F6438
:108BB000652052504D204F7574204F662052616ED3
:108BC0006765004C696D69747320456E6761676500
:108BD0006400486F6D696E672052657175697265D2
:108BE000640047436F646520546F6F6C2045727258
:108BF0006F720056616C756520576F726420436F09
:108C00006E666C6963740053656C6620546573749A
:108C1000204661696C6564004553746F70004D6F48
:108C2000746F72204661756C740053657474696E5C
:108C3000672056616C7565204F7574204F66205211
:108C4000616E67650053657474696E67204469736B
:108C500061626C65640047636F646520496E76618C
:108C60006C6964205265747261637420506F73691B
:108C700074696F6E00496C6C6567616C20486F6D3C
:108C8000696E6720436F6E66696775726174696F9C
:108C90006E0047436F646520436F6F7264205379A1
:108CA0007374656D204C6F636B6564005344204D95
:108CB0006F756E74204572726F7200534420526556
:108CC0006164204572726F72005344204661696C82
:108CD0006564204F70656E204469720053442044DF
:108CE0006972204E6F74466F756E6400534420465F
:108CF000696C6520456D70747900425420496E6935
:108D000074204572726F7200457870726573736972
:108D10006F6E20556B6E6F776E204F7000457870C8
:108D200072657373696F6E20446976696465204269
:108D300079205A65726F0045787072657373696F38
:108D40006E20417267756D656E74204F7574204F8B
:108D5000662052616E67650045787072657373694D
:108D60006F6E20496E76616C696420417267756D23
:108D7000656E740045787072657373696F6E205309
:108D8000796E746178204572726F720045787072E6
:108D9000657373696F6E20496E76616C69642052E9
:108DA0006573756C740041757468656E7469636190
:108DB00074696F6E205265717569726564004163F4
:108DC000636573732044656E696564004E6F74203B
:108DD000416C6C6F77656420437269746963616C80
:108DE000204576656E7400466C6F7720436F6E7415
:108DF000726F6C204E6F7420457865637574696E70
:108E000067204D6163726F00466C6F7720436F6E11
:108E100074726F6C2053796E746178204572726F32
:108E20007200466C6F7720436F6E74726F6C2053C4
:108E30007461636B204F766572666C6F7700466C69
:108E40006F7720436F6E74726F6C204F7574204F74
:108E500066204D656D6F7279004E65787420436DA4
:108E60006420457865637574656400436D64204EC5
:108E70006F74204578656375746564205965740066
:108E8000436F6D6D204572726F7200556E68616E32
:108E9000646C656400537461747573436E74004E42
:108EA0006F6E650048617264204C696D697400538F
:108EB0006F6674204C696D69740041626F72742032
:108EC0004379636C650050726F6265204661696C1E
:108ED00020496E697469616C0050726F626520464A
:108EE00061696C20436F6E7461637400486F6D69D3
:108EF0006E67204661696C20526573657400486F27
:108F00006D696E67204661696C20446F6F72004620
:108F100061696C2050756C6C6F666600486F6D6996
:108F20006E67204661696C20417070726F61636882
:108F30000050726F62652050726F746563740053E5
:108F400070696E646C6500486F6D696E672046617C
:108F5000696C204175746F205371756172696E6719
:108F600020417070726F6163680053656C66746550
:108F70007374204661696C656400486F6D696E6743
:108F8000204661696C00416C61726D436F6465439A
:108F90006E74002D2D2D2D2D0049646C65004A6FD7
:108FA0006700416C61726D00436865636B00546FCC
:108FB0006F6C00536C656570006D6D2F6D696E0090
:108FC000696E636865732F6D696E006465672F6DE8
:108FD000696E00696E636800646567003C00496EF5
:108FE0007075744472760020696E206C696E65201D
:108FF00025640A0020213A3B2C2B2D3C3E272F2AAA
:10900000255E3D28293F00213C3E3D2B2D2A2F2562
:10901000267C00212B2D2A5E2F253D3B3A28292C2A
:10902000273F007B7D0025630025640025732564B0
:109030002E25302A64006D61696E0050726F677270
:10904000616D20726573756C7420646F65736E2733
:10905000742066697420696E746F20627566666537
:1090600072006D61696E2829206E6F7420666F75BD
:109070006E6400707574636800707574730070724C
:10908000696E74007072696E746C6E007072696ED5
:109090007466700061627300737172740047657466
:1090A00041786973506F73580047657441786973EC
:1090B000506F73590047657441786973506F735AE4
:1090C0000049734C617468654469616D65746572CB
:1090D0004D6F6465002525732525256C6473002577
:1090E00025730053656C65637400436F6E74696E1D
:1090F000756500313030250053504545443A0046EF
:109100004C4F4F44004D49535400494E5349444538
:10911000004F55545349444500434C454152414E3C
:1091200043450044495354414E4345005052454342
:10913000495345002B00544950204449414D455462
:109140004552004D454153555245204F46465345E3
:109150005400434C454152204F464653455400422B
:1091600041534520504F534954494F4E004D4541BE
:109170005355524520424153450024230D00464992
:109180004E442043454E5445520046494E442045E6
:109190004447450044495354414E434520616E6461
:1091A00020434C454152414E43450A6D757374202E
:1091B00062652073657420666F720A6F75747369D7
:1091C00064652070726F62696E67004739300D0008
:1091D00044783A2025732025730044793A2025737A
:1091E0002025730044643A202573202573005475AC
:1091F000726E2070726F626520313830206465674E
:10920000726565730A616E642070726573732063A2
:109210006F6E74696E756500416374696F6E206E60
:1092200065656465640046696E6465720043656ED9
:109230007465720045646765004F66667365740007
:109240003B2043616E63656C207072657373656467
:1092500020696E206F70656E206469616C6F6700B5
:109260005350454544003B2050726F6772616D203A
:10927000636F6E7461696E206C696E6573206C6FCC
:109280006E6765720A0D3B207468616E203830206D
:1092900063686172616374657273004F70656E001C
:1092A0003B204552524F523A206C696E65203E3841
:1092B00030206368617273202D2053544F50504505
:1092C00044004C696E65206C6F6E6765722074682F
:1092D000616E2038302063686172616374657273F7
:1092E0000A656E636F756E7465726564206475726D
:1092F000696E672073747265616D696E672E0A52BC
:10930000656D61696E696E672070726F6772616DFD
:109310002077617320736B69707065642E00505202
:109320004F4752414D2053544F50504544003B202D
:109330004552524F523A2066696C652072656164ED
:10934000206661696C6564202D2053544F50504550
:10935000440046696C652072656164206572726FB5
:109360007220656E636F756E74657265640A6475EC
:1093700072696E672073747265616D696E672E0A1B
:1093800052656D61696E696E672070726F67726198
:109390006D2077617320736B69707065642E003B7C
:1093A0002046696C652072656164206572726F7217
:1093B000210049662070726F6772616D20636F6E65
:1093C0007461696E73206C696E65730A6C6F6E6789
:1093D0006572207468616E20383020636861726144
:1093E00063746572730A69742063616E2774206206
:1093F00065206C6F6164656400434845434B494E8A
:10940000472050524F4752414D003B204C696E65FA
:1094100020256C75206973206C6F6E676572003B48
:10942000207468616E2038302063686172616374F3
:1094300065727321003B2046696C6520726561642A
:10944000206572726F72003B204572726F72206FDE
:1094500070656E2066696C65210052414449555320
:1094600000415243204C454E4754480073772063D7
:109470006F6D6D616E6400646564696361746564D9
:109480002070696E0066756C6C20636F6E74726F0D
:109490006C0070696E202620737720636D6400690C
:1094A0006E766572746564006E6F726D616C0065D6
:1094B0006E61626C65640064697361626C6564000E
:1094C00047454E4552414C0056657273696F6E00B8
:1094D0004D504720726571756573740044697370EF
:1094E0006C617920496E76657273696F6E004175A3
:1094F000746F204D5047206F6E20737461727475C5
:1095000070005361766520736372697074207265B0
:1095100073756C74004D657472696320466565648B
:109520002031004D657472696320466565642032A0
:10953000004D657472696320466565642033004D93
:1095400065747269632046656564203400496D70F6
:10955000657269616C2046656564203100496D70F3
:10956000657269616C2046656564203200496D70E2
:10957000657269616C2046656564203300496D70D1
:10958000657269616C2046656564203400526F74B1
:109590006172792046656564203100526F74617292
:1095A000792046656564203200526F7461727920BB
:1095B00046656564203300526F7461727920466598
:1095C000656420340053656172636820737065655B
:1095D00064004C6F636B20737065656400506F733B
:1095E0006974696F6E20646576696174696F6E0075
:1095F00042616C6C20746970005465747269730008
:1096000050415553450053636F72653A20256C7580
:1096100000446973706C6179447276004374726CB3
:1096200000536F756E6444727600222A3A3C3E3FC6
:109630007C7F002B2C3B3D5B5D0049444C45005436
:109640006D725100546D72205376630064656661DB
:10965000756C745461736B0053544D6963726F651C
:109660006C656374726F6E6963730053544D33326B
:10967000205669727475616C20436F6D506F7274FF
:109680000043444320436F6E6669670043444320B0
:10969000496E74657266616365005245454E54209B
:1096A0006D616C6C6F63207375636365656465647D
:1096B000002F6275696C642F676E752D746F6F6C07
:1096C000732D666F722D73746D33325F31342E33A8
:1096D0002E72656C312E32303235313032372D30CA
:1096E0003730302F7372632F6E65776C69622F6E1F
:1096F00065776C69622F6C6962632F7374646C693F
:10970000622F72616E642E63006E6600696E69740A
:109710007900616E002F6275696C642F676E752D1C
:10972000746F6F6C732D666F722D73746D33325F4F
:1097300031342E332E72656C312E32303235313069
:1097400032372D303730302F7372632F6E65776C60
:1097500069622F6E65776C69622F6C6962632F7323
:109760007472696E672F737472746F6B2E6300432B
:1097700000504F534958002C2066756E6374696F12
:109780006E3A2000617373657274696F6E202225D2
:109790007322206661696C65643A2066696C652095
:1097A000222573222C206C696E6520256425732583
:1097B000730A0042616C6C6F632073756363656547
:1097C000646564002F6275696C642F676E752D7413
:1097D0006F6F6C732D666F722D73746D33325F31E2
:1097E000342E332E72656C312E32303235313032B8
:1097F000372D303730302F7372632F6E65776C6979
:10980000622F6E65776C69622F6C6962632F737467
:10981000646C69622F6764746F612D676574686535
:10982000782E63002F6275696C642F676E752D74D6
:109830006F6F6C732D666F722D73746D33325F3181
:10984000342E332E72656C312E3230323531303257
:10985000372D303730302F7372632F6E65776C6918
:10986000622F6E65776C69622F6C6962632F737407
:10987000646C69622F6D707265632E6300232D30F6
:109880002B2000686C4C0065666745464700303108
:109890003233343536373839414243444546003057
:1098A0003132333435363738396162636465660086
:1098B0000000000000000000E5140008AD140008DE
:1098C000D11400087D1400088314000889140008CE
:1098D0008F1400089514000800000000000000002C
:1098E000E5140008AD190008211B0008C922000872
:1098F000F12500089B140008F11F000895140008CA
:109900000000000000000000FD17000829180008F2
:10991000C14801083B4901085B490108DF480108CB
:10992000F9480108CD4901083B2D0008D12C000859
:10993000A52D0008A52C0008AB2C0008B12C0008B0
:10994000B72C0008BD2C0008C32C0008C92C000847
:10995000CD2C00080D4901080000000000000000A7
:10996000993900082D3A0008AD3300080538000881
:10997000DD320008E53A0008D93B0008000000008D
:109980000000000035470008E547000825420008B0
:1099900061490008BD3E00089D3F0008C54A000817
:1099A000000000000000000009510008915100086B
:1099B000354F0008B34E0008FB4E0008AD4E0008BE
:1099C0003D550008D7D7FBFBFBFBFBFBFBFBFBFB81
:1099D000FBFBFBFBFBFBFBFBFBFBFBFBFBFBD7D71F
:1099E000D7FBFB00000000000000000000000000AA
:1099F000000000000000000000FBFBD7FBFB0000A4
:109A00000000000031626868623100000000000060
:109A1000000000000000FBFBFB00000000000668E7
:109A2000939369939393683700000000000000004F
:109A3000000000FBFB0000000031936899C4CAC419
:109A4000996869686200000000000000000000FBE7
:109A5000FB000000319393CBFBCACACAFBFB996899
:109A60006862376862683100000000FBFB0000009C
:109A70009399FBC49368939399CAFBC46868626224
:109A800093689962000000FBFB00003893FB996823
:109A9000939999999999C4FBC46868319993689985
:109AA000310000FBFB000068CAC468939999999A39
:109AB000C4C499CAFB93686262996899930000FBD9
:109AC000FB003193F56893999999C4C4C4CA996805
:109AD000CACA626831999393993100FBFB0062997D
:109AE000C469939999C4C4CACA99939399FB93681A
:109AF0003799C468C43700FBFB0062CA93939999F5
:109B0000C4C4CACACA99C4C468FB9A626268C462FF
:109B1000933700FBFB0068FB6893999999C4CACA04
:109B20009993C49962CACA6262316838683100FB8D
:109B3000FB0068FB689393999999C4CA9937686246
:109B40003199FB6262316237623100FBFB0062F5E2
:109B50006893939399C4CACACA3131313193FB6275
:109B600062316231620000FBFB0062CA93939399F9
:109B7000C4CACACAFB9931313193FB6262313831B0
:109B8000310000FBFB00379999939999999999CAEB
:109B9000CBF5CA696899F56262313131000000FB8A
:109BA000FB003193CA6993999999C4CACACACACAAF
:109BB000CACAC46237310600000000FBFB00006225
:109BC000CA9393939399C4CACACACACA99FB9362A7
:109BD00031000000000000FBFB00003793CA6893CF
:109BE0009399C4C4C4C4C4C4C4F562620000000034
:109BF000000000FBFB00000062C4999293999999C0
:109C000099C49999F593623100000000000000FBAF
:109C1000FB0000003162C49968939999999999CA97
:109C20009937370000000000000000FBFB00000037
:109C300000376299CA99939399C4F59937373100DF
:109C400000000000000000FBFB0000000000376285
:109C50006299CACACA996237373100000000000011
:109C6000000000FBFB00000000000031626237379B
:109C7000373837310600000000000000000000FB0C
:109C8000FBFB000000000000000631313131000014
:109C900000000000000000000000FBFBD7FBFB0001
:109CA00000000000000000000000000000000000B4
:109CB0000000000000FBFBD7D7D7FBFBFBFBFBFB47
:109CC000FBFBFBFBFBFBFBFBFBFBFBFBFBFBFBFBE4
:109CD000FBFBD7D7D7D7FBFBFBFBFBFBFBFBFBFB64
:109CE000FBFBFBFBFBFBFBFBFBFBFBFBFBFBD7D70C
:109CF000D7FBFB0000000000000000000000000097
:109D0000000000000000000000FBFBD7FBFB000090
:109D1000000000003162686862310000000000004D
:109D2000000000000000FBFBFB00000000000668D4
:109D3000939369939393683700000000000000003C
:109D4000000000FBFB0000000031936899C4CAC406
:109D5000996869686200000000000000000000FBD4
:109D6000FB000000319393CBFBCACACAFBFB996886
:109D70006862376862683100000000FBFB00000089
:109D80009399FBC49368939399CAFBC46868626211
:109D900093689962000000FBFB00003893FB996810
:109DA000939999999999C4FBC46868319993689972
:109DB000310000FBFB000068CAC468939999999A26
:109DC000C4C499CAFB93686262996899930000FBC6
:109DD000FB003193F56893999999C4C4C4CA9968F2
:109DE000CACA626831999393993100FBFB0062996A
:109DF000C469939999C4C4CACA99939399FB936807
:109E00003799C468C43700FBFB0062CA93939999E1
:109E1000C4C4CACACA99C4C468FB9A626268C462EC
:109E2000933700FBFB0068FB6893999999C4CACAF1
:109E30009993C49962CACA9993386838683100FB0B
:109E4000FB0068FB689393999999C4CA99376899FC
:109E5000CA9464646AC5C438623100FBFB0062F5D1
:109E60006893939399C4CACACA31999B34343A3AD5
:109E70003A3464CA620000FBFB0062CA9393939970
:109E8000C4CACACAFBCA9B343A3A3A3A3A643A3A22
:109E90009A0000FBFB00379999939999999999CA6F
:109EA000CBF53464F5F53B3B9BFB9534953100FBDA
:109EB000FB003193CA6993999999C4CACA9B3A3BEA
:109EC000F5FBF59BFBFB6A3A3A9300FBFB00006253
:109ED000CA9393939399C4CACA653B3B3BCBFBFBA4
:109EE000FB6A353B35C400FBFB00003793CA68931F
:109EF0009399C4C4CA653B110B9BFBFBFB0B0B3B4B
:109F000035C400FBFB00000062C4999293999999B3
:109F1000CA6B3B0B71FBFBFBFBCB110B359A00FBB8
:109F2000FB0000003162C4996893999999CB0B3B6F
:109F3000FBFB6A11CBFB9B0B656200FBFB00000087
:109F400000376299CA99939399FB3B0B6B6A111185
:109F5000119B0A0BCB0000FBFB00000000003762E6
:109F60006299CACACA99CB3B0B0B0B0B0B0B0B9B11
:109F7000310000FBFB000000000000316262373757
:109F8000373862CA9B3B0B0B0B6BCB31000000FBDD
:109F9000FBFB0000000000000006313131310600FB
:109FA0003199CACA9A6200000000FBFBD7FBFB0094
:109FB00000000000000000000000000000000000A1
:109FC0000000000000FBFBD7D7D7FBFBFBFBFBFB34
:109FD000FBFBFBFBFBFBFBFBFBFBFBFBFBFBFBFBD1
:109FE000FBFBD7D70000000000000000E5140008CC
:109FF000F55D0008255E0008C95D0008916E000847
:10A000004D5E00088F140008951400080304030037
:10A01000E803000010270000E8030000B98F0208E1
:10A02000C08F0208CB8F02088A860208D38F0208ED
:10A03000D88F020800000000000000001919000875
:10A04000371B0008C1480108CF7800084F79000885
:10A05000DF480108F9480108CD490108CD7800081A
:10A06000CD780008937A0008A52C0008AB2C0008D6
:10A07000B12C0008B72C0008BD2C0008C32C000828
:10A08000C92C0008CD2C00080D490108C7C7C7C757
:10A09000C7C7C7C7C7C7C7FFFFFFF6F6F6F6FFFF7C
:10A0A000FFFFC7C7C7C7C7C7C7C7C7C7C7C7C7C7D0
:10A0B000C7C7C7C7C7C7C7C7C7C7C7C7FFAD5B5BEA
:10A0C00052A4A4A4A4A4A4A45BA4A4F6FFC7C7C7D5
:10A0D000C7C7C7C7C7C7C7C7C7C7C7C7C7C7C7C710
:10A0E000C7C7FFA45BADF6FFFFF6ADADADADADF6F6
:10A0F000FFFFF6A45BA4FFC7C7C7C7C7C7C7C7C7CB
:10A10000C7C7C7C7C7C7C7C7C7F600F6FFF6ADAD15
:10A11000ADF6FFFFFFFFF6ADA45BA4F6AD09ADAD54
:10A12000FFC7C7C7C7C7C7C7C7C7C7C7C7C7C7F658
:10A13000520909A45BADFFF6A4A4A4A4A4A4A4A4FA
:10A14000ADF6AD525B00A4A45BFFC7C7C7C7C7C7C6
:10A15000C7C7C7C7C7C7F65BFFAD090952A45BA451
:10A16000F6FFFFF6F6FFFFFFAD095B5BA4A4A4FFBB
:10A17000F65BFFC7C7C7C7C7C7C7C7C7C7FF52FF79
:10A18000FFA4FFAD520952A45B5B0052A45B0952CD
:10A19000A45B5B5BF6FFADA4FFADA4C7C7C7C7C791
:10A1A000C7C7C7C7FF5BF6FFADFFFF5BADAD520989
:10A1B000525BF65209F6095B5B09FFFFA4F6FF5BF1
:10A1C000F6FF52FFC7C7C7C7C7C7C7C7FF52FFFFC2
:10A1D000ADFFF6A4FFA4F6A40900A4ADA4000009F5
:10A1E000F6F6A4FFFF5BFFF6A4FFADADC7C7C7C778
:10A1F000C7C7C7C7F652FFF6FFFFA4F6FFA4FFFFCD
:10A200005B5B0009090000ADADFF5BFFFF5BFFFF7B
:10A21000A4FFF65BFFC7C7C7C7C7C7C7F652FFF69D
:10A22000F6FFA4FFFFADFFFF52F609000000A45B9C
:10A23000F6FF5BFFFF5BFFF6A4FFAD5BFFC7C7C781
:10A24000C7C7C7C7F609FFFFADFFF6F6FFA4ADA469
:10A250005252ADF6ADA40952A45BF6FFA4F6FFA4DA
:10A26000F6FFA452FFC7C7C7C7C7C7C7F652ADFF9F
:10A27000F6F6FFA4ADA45B525BF6F6ADADF6AD0904
:10A280005252ADA4A4FFADA4FFF65B52FFC7C7C7EF
:10A29000C7C7C7C7F65BA4F6FFF6ADAD5B5B5BADAA
:10A2A000ADADADA4A4A4A4ADAD5B525BADAD5BFF01
:10A2B000FF52F6005BF6FFC7C7C7C7C7F652FF5B82
:10A2C000ADF6A45B09A4A4ADADFFFFFFFFFFF6A4AC
:10A2D0005BA4AD5B5252ADF652F6F6ADFF5B5BFF91
:10A2E000C7C7C7C7F600FFFF0952095BADADF6FF50
:10A2F000F6ADADA4A4A4ADF6FFF6ADA4A4525209E8
:10A30000A4FF5BFFFFFFF65BA4FFC7C7F65B5BFF25
:10A3100000AD00A4FFFFF6ADF6ADADADADADADAD9A
:10A32000ADF6FFFFAD00A45BA4ADA4FFFFFFFFAD42
:10A3300000FFC7C7F6A4ADA4F6ADA4ADA4A4A4F6CF
:10A34000FFFFFF5200FFFFFFF6AD5B52A45BA4A42A
:10A35000AD52FFFFFFF6ADF65BFFC7C7F6A4FFAD3A
:10A36000A4F6ADF6FFFFF6ADA4A4A45BA4A4ADA42F
:10A37000ADF6FFFFFFA4ADAD52FFFFFFADADADFFEA
:10A380005BFFC7C7F65BFFFFF652ADF6FFFFFFFFAF
:10A39000FFFFFFFFFFFFFFFFFFFFFFFFFFAD52A427
:10A3A000FFFFADADFFA4A4FFA4FFC7C7F609FFFFE1
:10A3B000FF525B5B5BF6F6FFFFFFFFFFFFFFFFFF58
:10A3C000FFFFF6AD5B5BF6FFF6ADF6FFFFFFFFFFAD
:10A3D000A4FFC7C7F600F6FFA45209FFF6ADA45BC1
:10A3E000A4F6ADF6F6ADF6ADA4A4A4ADFFFFFFADA7
:10A3F000F6FFFFFFFFFFFFFFA4FFC7C7F65B52F6A4
:10A40000F65BA4FFFFFFFFFFF6ADA4005BA4ADF673
:10A41000FFFFFFFFFFADADFFFFFFFFFFFFF652FFA6
:10A4200052F6C7C7F652AD5BF6FFFFFFFFFFFFFF17
:10A43000FFF652F6FFFFFFFFFFFFFFF6A4F6FFFF58
:10A44000FFFFFFFFFFF6A4ADA452F6C7FF52F6A42C
:10A45000095BFFFFFFFFF6ADF652A4FFFFFFFFFF12
:10A46000FFFFADADFFFFFFFFFFFFFFFFF6A45BF6B1
:10A47000F6A45BFFC7F652FF520009ADF65200008A
:10A4800000095252ADFFFFFFADADFF52ADFFFFFF20
:10A49000FFFFFFADADF65BA4F6FF5BFFC7C7AD5B8B
:10A4A000F6A4ADA400F6AD5B5BA4A4A4095BAD5B10
:10A4B000F6FFFFF6FFFFFFFFFFF6ADFFFFADADFFBD
:10A4C000FFAD5BFFC7C7FFAD52F6FFF6A4A4A4FF24
:10A4D000AD5B5200AD09F6ADFFFFFFFFFFFFFFF6DA
:10A4E000ADF6FFF6ADF6FFF652A4FFC7C7C7C7C764
:10A4F000F6525BADADA4F6A45BA4090052AD52FFC9
:10A50000FFFFFFADADFFADADFFFFADF6FFFF5B524F
:10A51000F6FFC7C7C7C7C7C7C7FFF652A4A4AD5B3E
:10A520005209000900AD52FFFFFFFF5BAD5BF6FF74
:10A53000F6ADFFFFAD09ADFFC7C7C7C7C7C7C7C7E0
:10A54000C7C7C7FF5BADA4005209525200A452FF17
:10A55000FFFFF6ADF65B5BADF6FFF65BA4FFC7C78A
:10A56000C7C7C7C7C7C7C7C7C7C7C7FFA4AD5B5B58
:10A5700000525BAD005209F6FFAD5BF6FFADF6FF92
:10A58000FFA45BF6C7C7C7C7C7C7C7C7C7C7C7C783
:10A59000C7C7C7C7F65BADA4ADA4F6A40900A45213
:10A5A00052F6FFAD5BFFFFAD52ADFFC7C7C7C7C7D0
:10A5B000C7C7C7C7C7C7C7C7C7C7C7C7C7A4A4AD8B
:10A5C0005BAD5BA40009F6F6AD5BADFFADF652A442
:10A5D000FFC7C7C7C7C7C7C7C7C7C7C7C7C7C7C7D3
:10A5E000C7C7C7C7C7FF5BA4A40952AD00ADC7C7A3
:10A5F000C7FFAD5B0952F6C7C7C7C7C7C7C7C7C73D
:10A60000C7C7C7C7C7C7C7C7C7C7C7C7FFAD5252A6
:10A61000ADFFF600A4FFC7C7C7C7C7FFF6FFC7C790
:10A62000C7C7C7C7C7C7C7C7C7C7C7C7C7C7C7C7BA
:10A63000C7C7C7C7F60000ADFFF652F6C7C7C7C702
:10A64000C7C7C7C7C7C7C7C7C7C7C7C7C7C7C7C79A
:10A65000C7C7C7C7C7C7C7C7C7C7C7C7FF0000099E
:10A66000A45BFFC7C7C7C7C7C7C7C7C7C7C7C7C7D1
:10A67000C7C7C7C7C7C7C7C7C7C7C7C7C7C7C7C76A
:10A68000C7C7C7C7FFA40000ADFFC7C7C7C7C7C7B5
:10A69000C7C7C7C7C7C7C7C7C7C7C7C7C7C7C7C74A
:10A6A000C7C7C7C7C7C7C7C7C7C7C7C7C7C7C7C73A
:10A6B000C7C7C7C7C7C7C7C7C7C7C7C7C7C7C7C72A
:10A6C000C7C7C7C7C7C7C7C7C7C7C7C7C7C7C7C71A
:10A6D000C7C7C7C7C7C7C7C7C7C7FFA4A4A4ADAD6F
:10A6E0005BADA4A45BFFC7C7C7C7C7C7C7C7C7C7FA
:10A6F000C7C7C7C7C7C7C7C7C7C7C7C7C7C7C7C7EA
:10A700005BA4FFFFFFFFFFFFADFFFFFFFFFF5BA4A9
:10A71000C7C7C7C7C7C7C7C7C7C7C7C7C7C7C7C7C9
:10A72000C7C7C7C7C7C7A4ADFFFFF65B525200003B
:10A73000000052525BFFFFFFA4A4C7C7C7C7C7C72B
:10A74000C7C7C7C7C7C7C7C7C7C7C7C7FFA4FFF61D
:10A75000AD0000095BA4A45B5BA4A4A4090052ADF6
:10A76000F6FFA4FFC7C7C7C7C7C7C7C7C7C7C7C7FD
:10A77000C7C7C7ADADFFF609005BADADFFFFFFA4D6
:10A78000ADFFFFFFA4AD520052F6FFADADC7C7C786
:10A79000C7C7C7C7C7C7C7C7C7C7A4FFFF5B0052A4
:10A7A000FFFFFFFFFFFFFF09A4FFFFFFFFFFFFFF0A
:10A7B0000900A4FFFFA4C7C7C7C7C7C7C7C7C7C784
:10A7C000C7A4FFFF5B00A4FFFFFFFFFFFFFFFFAD7C
:10A7D000A4FFFFFFFFFFFFFFFF5B005BFFFFADC7B5
:10A7E000C7C7C7C7C7C7C7C7F6ADFF5B00F6FF003F
:10A7F00000FFFF5B00000000000000005BFFFF00A7
:10A8000000FFF600A4FFADFFC7C7C7C7C7C7C7C7CC
:10A810005BFF5B00FFFFFF0009520000525BADFFD2
:10A82000FFAD52520000A40000FFFFF600A4FFA4F9
:10A83000C7C7C7C7C7C7C75BFFF6005BFFFFFFFF00
:10A84000000052FFFFFFFFFFFFFFFFFFFF090000B7
:10A85000FFFFFFFF5B00F6FF5BC7C7C7C7C7C7ADFA
:10A86000F65252FFFFFFFF0000ADFFFFFFFFFFFFAB
:10A87000FFFFFFFFFFFFA40000FFFFFFFF5252FF9B
:10A88000A4C7C7C7C7C75BFF5B00FFFFFFFF000090
:10A89000FFFFFFFFFFFFFFFFFFFFFFFFFFFFFFF6D1
:10A8A0000900FFFFFFFF00ADFF52C7C7C7C7A4FFE6
:10A8B0000052FFFFFF5B00ADFFFFFFFFFFFFFFFF49
:10A8C000FFFFFFFFFFFFFFFFA400A4FFFFFF5B09E7
:10A8D000FF5BC7C7C7A4FFF600FFF6FFFF0009FF35
:10A8E000FFFFFFFFFFFFFFFFFFFFFFFFFFFFFFFF78
:10A8F000FF0900FFFFFFAD00FFFFF6C7C7A4FF0978
:10A9000009AD00005200FFFFFFFFFFFFFFFFFFFF49
:10A91000FFFFFFFFFFFFFFFFFFFF00520000F609F0
:10A920005BFF5BC7C75BFF525BFF52000052FFFF3C
:10A93000FFFFFFFFFFFFFFFFFFFFFFFFFFFFFFFF27
:10A94000FFFF09005209FFA452FFA4C7C7A4FF00DC
:10A95000ADFFFFFF005BFFFFFFFFFFFFFFFFFFFFFC
:10A96000FFFFFFFFFFFFFFFFFFFF5B00FFFFFFA4F5
:10A970005BF6ADC7C7ADF65BADFFFFFF00F6FFFFAF
:10A98000FFFFFFFFFFFFFFFFFFFFFFFFFFFFFFFFD7
:10A99000FFFFAD00FFFFFFA400FF09C7C7A4AD0084
:10A9A000F6FFFFAD00FFFFFFFFFFFFFFFFFFFFFF11
:10A9B000FFFFFFFFFFFFFFFFFFFFAD00F6FFFF5BA5
:10A9C000A4FFA4C7C7ADAD09FFFFFFA400FFFFFFB1
:10A9D000FFFFFFFFFFFFFFFFFFFFFFFFFFFFFFFF87
:10A9E000FFFFAD00ADFFFFADF6FF5BC7C7ADF609DA
:10A9F000A4FFFFFF00ADFFFFFFFFFFFFFFFFFFFF13
:10AA0000FFFFFFFFFFFFFFFFFFFFAD00FFFFFFA402
:10AA100000FF52C7C7A4FF00ADFFFFFF005BFFFFB1
:10AA2000FFFFFFFFFFFFFFFFFFFFFFFFFFFFFFFF36
:10AA3000FFFF5B00FFFFFFA452FFADC7C75BFF092D
:10AA4000A4FF00520052FFFFFFFFFFFFFFFFFFFFC9
:10AA5000FFFFFFFFFFFFFFFFFFFF0900F600FFA45E
:10AA600052FFA4C7C7A4FF0952AD00005B00FFFF5F
:10AA7000FFFFFFFFFFFFFFFFFFFFFFFFFFFFFFFFE6
:10AA8000FFF600A40000F6095BFF5BC7C7ADFFF649
:10AA900000F6FFFFFF0052FFFFFFFFFFFFFFFFFF7A
:10AAA000FFFFFFFFFFFFFFFFFF0900FFFFFFF600B3
:10AAB000FFFFFFC7C7C75BF6525BFFFFFF5200AD4A
:10AAC000FFFFFFFFFFFFFFFFFFFFFFFFFFFFFFFF96
:10AAD000A40052FFFFFF5209FF5BC7C7C7C7A4FF0F
:10AAE000A400FFFFFFFF0000F6FFFFFFFFFF0000D5
:10AAF0000000FFFFFFFFFFAD0000FFFFFFFF00AD05
:10AB0000FF5BC7C7C7C7C7A4F6525BFFFFFFFF00C5
:10AB100009A4FFFFFFAD00FFFF00FFFFFFFFA40040
:10AB200000FFFFFFFF005BF6A4C7C7C7C7C7C7A4E6
:10AB3000FFAD00A4FFFFFFFF000009FFFF5200FF71
:10AB4000FF00ADFFF6520000FFFFFFFF5B00ADFF0F
:10AB5000A4C7C7C7C7C7C7C75BFFA400F6FFFF00EE
:10AB600052A40000095200000000525200005B0095
:10AB700000FFFFF600ADFF5BC7C7C7C7C7C7C7C7A2
:10AB8000FFF6FF5200ADFF0900FFFFA40000000028
:10AB900000000000A4FFFF0009FFAD005BFFADFF58
:10ABA000C7C7C7C7C7C7C7C7C7ADFFFF5B005BFF46
:10ABB000FFFFFFFFFFFFFF5B5BFFFFFFFFFFFFFFED
:10ABC000FFA4005BFFF6F6C7C7C7C7C7C7C7C7C79D
:10ABD000C7C7A4FFFFA40000FFFFFFFFFFFFFF00A8
:10ABE00000FFFFFFFFFFFFFF0000ADFFF6ADC7C78F
:10ABF000C7C7C7C7C7C7C7C7C7C7C7ADADFFF65B1E
:10AC0000005BADADFFFFFFA4A4FFFFFFADAD0900EA
:10AC100052ADFFADADC7C7C7C7C7C7C7C7C7C7C74F
:10AC2000C7C7C7C7FF5BFFF6A40900005B5BF6A4BC
:10AC3000A4F65B5B090009ADFFFF5BFFC7C7C7C791
:10AC4000C7C7C7C7C7C7C7C7C7C7C7C7C7C7A4A4DA
:10AC5000FFF6FF5B5B090900005B09525BFFFFFF2A
:10AC6000A4A4C7C7C7C7C7C7C7C7C7C7C7C7C7C7BA
:10AC7000C7C7C7C7C7C7C7C7A45BF6FFFFFFF6FFB5
:10AC8000FFF6FFFFFFF6A4A4C7C7C7C7C7C7C7C75C
:10AC9000C7C7C7C7C7C7C7C7C7C7C7C7C7C7C7C744
:10ACA000C7C7C7ADA45BF65252AD52A4A4C7C7C76D
:10ACB000C7C7C7C7C7C7C7C7C7C7C7C7C7C7C7C724
:10ACC000C7C7C7C7C7C7C7C7C7C7C7C7C7C7C7C714
:10ACD000C7C7C7C7C7C7C7C7C7C7C7C7C7C7C7C704
:10ACE000C7C7C7C70000000000000000E514000847
:10ACF000A17E0008CD7E0008E17E000883140008D4
:10AD0000891400088F1400086981000828090A2D99
:10AD10002B0028090A2D2B00010203040506000060
:10AD2000739002088F9000080000000079900208DC
:10AD30008D8A0008000000007E900208E99000085B
:10AD40000000000084900208F59100080000000057
:10AD50008C900208259200080000000094900208E0
:10AD60005D9300080000000098900208A793000877
:10AD7000000000009D900208ED9F00080000000008
:10AD8000A99002080DA0000800000000B59002087C
:10AD90002DA0000800000000C19002084DA000088E
:10ADA00000000000AA83020800000000000000006C
:10ADB000000000000000000039B10008A5B1000843
:10ADC000C5AB0008C9AE00087DA9000827AA000885
:10ADD00051AB00080000000000000000A9C70008F7
:10ADE000D1C7000839DD0008E9B5000891B20008B4
:10ADF0006BB300086DC800080000000000000000F0
:10AE0000E1C5000881C600084DB60008FDC1000874
:10AE100011B4000829D2000849CC00080000000045
:10AE20000000000099C6000821C70008C9BA000840
:10AE300009C30008A7B40008F5D6000859DA0008CD
:10AE4000000000000000000039C7000891C700089A
:10AE500021BF0008F5C30008D1B200083DCA0008B0
:10AE6000B9CB000800000000000000002DE500083C
:10AE7000DDE50008E5DF00086DE20008F9DE000806
:10AE8000CDE60008D9E9000800000000000000003D
:10AE900009FA000899FA000889F2000805F7000885
:10AEA000ABF100081900010851FD00080000000086
:10AEB0000000000069030108E50301085D080108BE
:10AEC00039090108330301082D030108910901081C
:10AED00000000000000000006D500008A7510008AD
:10AEE000C14801086F0E01088D0E0108DF480108F6
:10AEF000F9480108CD4901086D0E01086D0E0108E1
:10AF0000A50E0108A52C0008AB2C0008B12C0008E8
:10AF1000B72C0008BD2C0008C32C0008C92C000861
:10AF2000CD2C00080D4901080000000000000000C1
:10AF3000E5140008311401085514010869140108CA
:10AF400083140008891400088F140008D51801081C
:10AF500000000000000000008114010895140108A1
:10AF6000C14801083B4901085B490108DF48010865
:10AF7000F9480108CD490108AF130108B5130108CC
:10AF80000B490108A52C0008AB2C0008B12C0008C7
:10AF9000B72C0008BD2C0008C32C0008C92C0008E1
:10AFA000CD2C0008D31401080000000000000000B0
:10AFB000A9140108BD140108C14801083B49010852
:10AFC0005B490108DF480108F9480108CD4901083B
:10AFD000B1130108F51401080B490108A52C00085C
:10AFE000AB2C0008B12C0008B72C0008BD2C0008C1
:10AFF000C32C0008C92C0008CD2C00080D490108FD
:10B00000000102030405060708090A0B0C0D0E0FC8
:10B0100003070B0F02060A0E0105090D0004080CB8
:10B020000F0E0D0C0B0A09080706050403020100A8
:10B030000C0804000D0905010E0A06020F0B070398
:10B0400000010000000101000001000000000000FC
:10B0500000010000000100000001010000000000EC
:10B0600000000100000001000001010000000000DC
:10B0700000010000000100000001000000010000CC
:10B0800000000000000101000001010000000000BC
:10B0900000000100000101000001000000000000AC
:10B0A000000100000001010000000100000000009C
:10B0B000510A710FA1148118510A710FA11481183E
:10B0C000510A710FA1148118510A710FA11481182E
:10B0D000510A6110A114811B510A6110A114811B36
:10B0E000510A6110A114811B510A6110A114811B26
:10B0F000510AC10D61122117510AC10D61122117A8
:10B10000510AC10D61122117510AC10D6112211797
:10B11000510A710FA1148118510A710FA1148118DD
:10B12000510A710FA1148118510A710FA1148118CD
:10B13000310961102117811B310961102117811B11
:10B14000310961102117811B310961102117811B01
:10B15000410C710F6112E11E410C710F6112E11E71
:10B16000410C710F6112E11E410C710F6112E11E61
:10B170003108410CA114E11E3108410CA114E11E5B
:10B180003108910BA114811B3108910BA114811B73
:10B19000B107410CA114E11EB107410CA114E11E3D
:10B1A000B107C10D61107113B107C10D710F71139A
:10B1B000510A410C710FA114510A410C710FA114D5
:10B1C000510A710FA1148118510A710FA11481182D
:10B1D000310961128118811B310961128118811BAB
:10B1E000310961102117811B310961102117811B61
:10B1F000410C710F61128118410C710F611281189D
:10B20000410C61128118E11E410C61128118E11E8E
:10B21000910B2117E11EA122910B2117E11EA12202
:10B22000910BA114211DA122910BA114211DA1227A
:10B23000710F61122117B124710F61122117B1240E
:10B24000C10DE11EB124412EC10DE11EB124412EDC
:10B25000010DE11EB124C13D010DE11EB124C13D2E
:10B26000410C2117E11EB124410CE115E11EB1246E
:10B27000910B2117E11EA122910B2117E11EA122A2
:10B28000910BE11EA122412E910BE11EA122412E24
:10B29000910B2117211DA122910B2117211DA12204
:10B2A000910B211DA122412E910B211DA122412E86
:10B2B000710FC13D412EB124E11E412EB124E11E8A
:10B2C0002117C13DE11E211761126110710FC10DDF
:10B2D000410CC13D412EB124E11E412EB124E11E9D
:10B2E0002117B124E11E211761125111710F410C78
:10B2F000910B412EA122E11E2117A122E11E21174F
:10B30000A114E11E211D21175111710F910E910BF6
:10B310003109611221176112710FE11E2117710F9E
:10B32000C109E11E21177113710F811B2117710FC4
:10B33000A1146152C13D01313129C13D0131312991
:10B34000E11E01313129E11E81182117A11461127A
:10B3500061106152C13D01313129C13D01313129B5
:10B36000E11E01313129E11E81182117A11461105C
:10B37000710FC13D412E3129E11E412E3129E11EBF
:10B38000811B3129E126E11E2117A1147113710FD0
:10B39000B107710F71132117E11EE126412EC13D46
:10B3A00001313129E11E811821177113710FC10973
:10B3B000510A710FA1148118510A710FA11481183B
:10B3C000510A710FA1148118510A710FA11481182B
:10B3D000510A6110A114811B510A6110A114811B33
:10B3E000510A6110A114811B510A6110A114811B23
:10B3F000510AC10D61122117510AC10D61122117A5
:10B40000510AC10D61122117510AC10D6112211794
:10B41000510A710FA1148118510A710FA1148118DA
:10B42000510A710FA1148118510A710FA1148118CA
:10B43000310961102117811B310961102117811B0E
:10B44000310961102117811B310961102117811BFE
:10B45000410C710F6112E11E410C710F6112E11E6E
:10B46000410C710F6112E11E410C710F6112E11E5E
:10B470003108410CA114E11E3108410CA114E11E58
:10B480003108910BA114811B3108910BA114811B70
:10B490003108710FA11481183108710FA11481189E
:10B4A0003108C10DA11421173108C10DA1142117B4
:10B4B0003108410CA114E11E3108410CA114E11E18
:10B4C0003108910BA114811B3108910BA114811B30
:10B4D000B107710FA1148118B107710FA114811860
:10B4E000B107C10D71132117B107C10D71132117D8
:10B4F000510A6152C13D01313129E11E8118A11467
:10B50000710FC13D01313129E11E8118A114710F64
:10B51000410C013131290131412EC13DC14D815CC8
:10B52000D1A4C13D01313129E11E8118A114710F4F
:10B530005F0A0F0000000000FF00000000FF000095
:10B540000000FF00FF00FF00FFFF000000FFFF0002
:10B55000404040000000000000000000E5E400085A
:10B56000F3E5000849470108551F0108BD1C010803
:10B57000A7480108F9480108CD4901089346010888
:10B580003546010805430108A52C0008AB2C00082E
:10B59000B12C0008B72C0008BD2C0008C32C0008F3
:10B5A000C92C0008CD2C00080D4901083F450108B1
:10B5B0000000000000000000E5140008D12101088F
:10B5C0002D220108572A0108831400088914000855
:10B5D0008F1400084924010800000000000000004A
:10B5E000B52A0108B72A0108032C01088F2C01088D
:10B5F000132B0108C52A010851100008AF2A0108C1
:10B600000000000000000000032E0108052E0108C4
:10B61000233001080D2D0108532E0108BB2D010810
:10B62000312E01085F320108D73201082F3301089B
:10B63000C32D0108772E0108E12E0108CB2C01084B
:10B64000472F01081F330108092D0108E72C0108C5
:10B65000432D01088F2D01085D3301080000000013
:10B6600000000000393401084D340108C1480108C8
:10B670003B4901085B490108DF480108F948010816
:10B68000CD49010837340108AD3301080B490108E1
:10B69000A52C0008AB2C0008B12C0008B72C000822
:10B6A000BD2C0008C32C0008C92C0008CD2C0008B4
:10B6B0000D49010800000000330000006600000092
:10B6C00099000000CC000000FF000000002A0000EC
:10B6D000332A0000662A0000992A0000CC2A0000C4
:10B6E000FF2A000000550000335500006655000099
:10B6F00099550000CC550000FF550000007F000068
:10B70000337F0000667F0000997F0000CC7F00003F
:10B71000FF7F000000AA000033AA000066AA000014
:10B7200099AA0000CCAA0000FFAA000000D40000E3
:10B7300033D4000066D4000099D40000CCD40000BB
:10B74000FFD4000000FF000033FF000066FF000090
:10B7500099FF0000CCFF0000FFFF00000000330055
:10B76000330033006600330099003300CC0033000F
:10B77000FF003300002A3300332A3300662A3300E7
:10B78000992A3300CC2A3300FF2A330000553300B6
:10B79000335533006655330099553300CC5533008B
:10B7A000FF553300007F3300337F3300667F330063
:10B7B000997F3300CC7F3300FF7F330000AA330032
:10B7C00033AA330066AA330099AA3300CCAA330007
:10B7D000FFAA330000D4330033D4330066D43300DF
:10B7E00099D43300CCD43300FFD4330000FF3300AE
:10B7F00033FF330066FF330099FF3300CCFF330083
:10B80000FFFF33000000660033006600660066003C
:10B8100099006600CC006600FF006600002A660002
:10B82000332A6600662A6600992A6600CC2A6600DA
:10B83000FF2A6600005566003355660066556600AF
:10B8400099556600CC556600FF556600007F66007E
:10B85000337F6600667F6600997F6600CC7F660056
:10B86000FF7F660000AA660033AA660066AA66002B
:10B8700099AA6600CCAA6600FFAA660000D46600FA
:10B8800033D4660066D4660099D46600CCD46600D2
:10B89000FFD4660000FF660033FF660066FF6600A7
:10B8A00099FF6600CCFF6600FFFF6600000099006C
:10B8B000330099006600990099009900CC00990026
:10B8C000FF009900002A9900332A9900662A9900FE
:10B8D000992A9900CC2A9900FF2A990000559900CD
:10B8E000335599006655990099559900CC559900A2
:10B8F000FF559900007F9900337F9900667F99007A
:10B90000997F9900CC7F9900FF7F990000AA990048
:10B9100033AA990066AA990099AA9900CCAA99001D
:10B92000FFAA990000D4990033D4990066D49900F5
:10B9300099D49900CCD49900FFD4990000FF9900C4
:10B9400033FF990066FF990099FF9900CCFF990099
:10B95000FFFF99000000CC003300CC006600CC0053
:10B960009900CC00CC00CC00FF00CC00002ACC0019
:10B97000332ACC00662ACC00992ACC00CC2ACC00F1
:10B98000FF2ACC000055CC003355CC006655CC00C6
:10B990009955CC00CC55CC00FF55CC00007FCC0095
:10B9A000337FCC00667FCC00997FCC00CC7FCC006D
:10B9B000FF7FCC0000AACC0033AACC0066AACC0042
:10B9C00099AACC00CCAACC00FFAACC0000D4CC0011
:10B9D00033D4CC0066D4CC0099D4CC00CCD4CC00E9
:10B9E000FFD4CC0000FFCC0033FFCC0066FFCC00BE
:10B9F00099FFCC00CCFFCC00FFFFCC000000FF0083
:10BA00003300FF006600FF009900FF00CC00FF003C
:10BA1000FF00FF00002AFF00332AFF00662AFF0014
:10BA2000992AFF00CC2AFF00FF2AFF000055FF00E3
:10BA30003355FF006655FF009955FF00CC55FF00B8
:10BA4000FF55FF00007FFF00337FFF00667FFF0090
:10BA5000997FFF00CC7FFF00FF7FFF0000AAFF005F
:10BA600033AAFF0066AAFF0099AAFF00CCAAFF0034
:10BA7000FFAAFF0000D4FF0033D4FF0066D4FF000C
:10BA800099D4FF00CCD4FF00FFD4FF0000FFFF00DB
:10BA900033FFFF0066FFFF0099FFFF00CCFFFF00B0
:10BAA000FFFFFF0000000000330000006600000000
:10BAB0009900000000000000240000004800000081
:10BAC0006D00000091000000B6000000DA000000E8
:10BAD000FF0000000024000024240000482400008F
:10BAE0006D24000091240000B6240000DA24000038
:10BAF000FF240000004800002448000048480000DF
:10BB00006D48000091480000B6480000DA48000087
:10BB1000FF480000006D0000246D0000486D00002B
:10BB20006D6D0000916D0000B66D0000DA6D0000D3
:10BB3000FF6D00000091000024910000489100007A
:10BB40006D91000091910000B6910000DA91000023
:10BB5000FF91000000B6000024B6000048B60000C7
:10BB60006DB6000091B60000B6B60000DAB600006F
:10BB7000FFB6000000DA000024DA000048DA000016
:10BB80006DDA000091DA0000B6DA0000DADA0000BF
:10BB9000FFDA000000FF000024FF000048FF000063
:10BBA0006DFF000091FF0000B6FF0000DAFF00000B
:10BBB000FFFF00000000550024005500480055001C
:10BBC0006D00550091005500B6005500DA00550093
:10BBD000FF0055000024550024245500482455003A
:10BBE0006D24550091245500B6245500DA245500E3
:10BBF000FF2455000048550024485500484855008A
:10BC00006D48550091485500B6485500DA48550032
:10BC1000FF485500006D5500246D5500486D5500D6
:10BC20006D6D5500916D5500B66D5500DA6D55007E
:10BC3000FF6D550000915500249155004891550025
:10BC40006D91550091915500B6915500DA915500CE
:10BC5000FF91550000B6550024B6550048B6550072
:10BC60006DB6550091B65500B6B65500DAB655001A
:10BC7000FFB6550000DA550024DA550048DA5500C1
:10BC80006DDA550091DA5500B6DA5500DADA55006A
:10BC9000FFDA550000FF550024FF550048FF55000E
:10BCA0006DFF550091FF5500B6FF5500DAFF5500B6
:10BCB000FFFF55000000AA002400AA004800AA00C7
:10BCC0006D00AA009100AA00B600AA00DA00AA003E
:10BCD000FF00AA000024AA002424AA004824AA00E5
:10BCE0006D24AA009124AA00B624AA00DA24AA008E
:10BCF000FF24AA000048AA002448AA004848AA0035
:10BD00006D48AA009148AA00B648AA00DA48AA00DD
:10BD1000FF48AA00006DAA00246DAA00486DAA0081
:10BD20006D6DAA00916DAA00B66DAA00DA6DAA0029
:10BD3000FF6DAA000091AA002491AA004891AA00D0
:10BD40006D91AA009191AA00B691AA00DA91AA0079
:10BD5000FF91AA0000B6AA0024B6AA0048B6AA001D
:10BD60006DB6AA0091B6AA00B6B6AA00DAB6AA00C5
:10BD7000FFB6AA0000DAAA0024DAAA0048DAAA006C
:10BD80006DDAAA0091DAAA00B6DAAA00DADAAA0015
:10BD9000FFDAAA0000FFAA0024FFAA0048FFAA00B9
:10BDA0006DFFAA0091FFAA00B6FFAA00DAFFAA0061
:10BDB000FFFFAA000000FF002400FF004800FF0072
:10BDC0006D00FF009100FF00B600FF00DA00FF00E9
:10BDD000FF00FF000024FF002424FF004824FF0090
:10BDE0006D24FF009124FF00B624FF00DA24FF0039
:10BDF000FF24FF000048FF002448FF004848FF00E0
:10BE00006D48FF009148FF00B648FF00DA48FF0088
:10BE1000FF48FF00006DFF00246DFF00486DFF002C
:10BE20006D6DFF00916DFF00B66DFF00DA6DFF00D4
:10BE3000FF6DFF000091FF002491FF004891FF007B
:10BE40006D91FF009191FF00B691FF00DA91FF0024
:10BE5000FF91FF0000B6FF0024B6FF0048B6FF00C8
:10BE60006DB6FF0091B6FF00B6B6FF00DAB6FF0070
:10BE7000FFB6FF0000DAFF0024DAFF0048DAFF0017
:10BE80006DDAFF0091DAFF00B6DAFF00DADAFF00C0
:10BE9000FFDAFF0000FFFF0024FFFF0048FFFF0064
:10BEA0006DFFFF0091FFFF00B6FFFF00DAFFFF000C
:10BEB000FFFFFF000000000000000000E134010867
:10BEC000F5340108C14801083B4901085B490108F4
:10BED000DF480108F9480108CD490108DF340108AD
:10BEE000073601080B490108A52C0008AB2C0008F7
:10BEF000B12C0008B72C0008BD2C0008C32C00088A
:10BF0000C92C0008CD2C00080D49010800000000D4
:10BF1000000000000D16000821160008C1480108A5
:10BF20003B4901085B490108DF480108F94801085D
:10BF3000CD490108793A0108CF3901080B490108B8
:10BF4000A52C0008AB2C0008B12C0008B72C000869
:10BF5000BD2C0008C32C0008C92C0008CD2C0008FB
:10BF60000D4901080000000000000000A93C010884
:10BF7000BD3C0108C14801083B4901085B49010873
:10BF8000DF480108F9480108CD490108D13C010802
:10BF9000313D01080B490108A52C0008AB2C000815
:10BFA000B12C0008B72C0008BD2C0008C32C0008D9
:10BFB000C92C0008CD2C00080D4901080000000024
:10BFC00000000000813C0108953C0108C1480108BF
:10BFD0003B4901085B490108DF480108F9480108AD
:10BFE000CD490108C33B0108E73A01080B490108A4
:10BFF000A52C0008AB2C0008B12C0008B72C0008B9
:10C00000BD2C0008C32C0008C92C0008CD2C00084A
:10C010000D4901080000000000000000351600086E
:10C0200049160008C14801083B4901085B4901085D
:10C03000DF480108F9480108CD4901084F3F0108D0
:10C040001B4001080B490108A52C0008AB2C000877
:10C05000B12C0008B72C0008BD2C0008C32C000828
:10C06000C92C0008CD2C00080D4901080000000073
:10C07000000000000D46010821460108494701085B
:10C080003B4901085B490108A7480108F948010834
:10C09000CD490108934601083546010805430108CA
:10C0A000A52C0008AB2C0008B12C0008B72C000808
:10C0B000BD2C0008C32C0008C92C0008CD2C00089A
:10C0C0000D4901083F450108000000000000000084
:10C0D0000000000000000000C14801083B490108C1
:10C0E0005B490108DF480108F9480108CD4901080A
:10C0F00000000000000000000B490108A52C00080A
:10C10000AB2C0008B12C0008B72C0008BD2C00088F
:10C11000C32C0008C92C0008CD2C00080D490108CB
:10C120000000000000000000794A01087D4A010873
:10C13000594A01085D4A0108614A0108694A010833
:10C14000654A010800000000000000000000000037
:10C1500000000000000000000000000000000000DF
:10C1600000000000000000000000000078008400D3
:10C170000201020102014A01020102014A013201E7
:10C1800002010201840078000000000000000000AD
:10C190007800FC00FE01FE01FE01B601FE01FE0179
:10C1A000B601CE01FE01FE01FC0078000000000097
:10C1B00000000000CC00FE01FE01FE01FE01FE01B8
:10C1C000FE01FC00FC00FC0078007800300030002C
:10C1D000000000000000000030003000780078000F
:10C1E000FC00FC00FE01FE01FC00FC007800780071
:10C1F0003000300000000000000000003000780037
:10C20000780078003000CC00FE01FE01CC00300048
:10C21000300078007800FC00000000000000000002
:10C220003000300078007800FC00FE01FE01FE01C5
:10C23000FE01B400300078007800FC00000000002F
:10C2400000000000000000000000000000003000BE
:10C2500078007800300000000000000000000000BE
:10C2600000000000FF03FF03FF03FF03FF03FF03C2
:10C27000FF03CF0387038703CF03FF03FF03FF03FE
:10C28000FF03FF03FF03FF030000000000000000A6
:10C290000000000000007800CC0084008400CC0086
:10C2A000780000000000000000000000FF03FF0312
:10C2B000FF03FF03FF03FF03870333037B037B03BA
:10C2C00033038703FF03FF03FF03FF03FF03FF03A2
:10C2D000000000000000C00300038003C0026002F1
:10C2E0007800CC00860186018601CC007800000031
:10C2F00000000000000000007800CC0086018601EC
:10C300008601CC00780030003000FC0030003000A6
:10C3100030000000000000000000000020002000AD
:10C32000E000E000E000E001200120012001200009
:10C330003000380038001800000000000000000045
:10C3400000018001E00138019801C801680138014D
:10C350008801C801CC01CE000E00060000000000DC
:10C360000000000000000000000000002000240188
:10C37000F800880004018800F80024012000000073
:10C3800000000000000000000000000000000600A7
:10C390001E007E00FE017E001E0006000000000060
:10C3A000000000000000000000000000000000008D
:10C3B00000008001E001F801FE01F801E0018001C8
:10C3C000000000000000000000000000000000006D
:10C3D00030007800FC00B400300030003000300045
:10C3E00030003000B400FC00780030000000000095
:10C3F00000000000CC00CC00CC00CC00CC00CC0075
:10C40000CC00CC00CC00CC0000000000CC00CC0064
:10C410000000000000000000FC019E019E019E0142
:10C420009E019E019E019C0198019801980198012E
:10C43000980198010000000000000000FC00860147
:10C440008E011C0038006C00CC00D8007000E000A9
:10C45000C00186018601FC00000000000000000011
:10C4600000000000000000000000000000000000CC
:10C4700000000000FE01FE01FE01FE0100000000C0
:10C480000000000030007800FC00FC0030003000AC
:10C490003000300030003000FC00FC00780030003C
:10C4A000000000000000000030007800FC00FC00EC
:10C4B00030003000300030003000300030003000FC
:10C4C00030003000000000000000000030003000AC
:10C4D00030003000300030003000300030003000DC
:10C4E000FC00FC00780030000000000000000000AC
:10C4F00000000000000000006000E000FE01FE01FE
:10C50000E0006000000000000000000000000000EB
:10C510000000000000000000000000000000180003
:10C520001C00FE01FE011C001800000000000000BD
:10C5300000000000000000000000000000000000FB
:10C540000000000000000000000006000600FE00E1
:10C5500000000000000000000000000000000000DB
:10C560000000000000004800CC00FE01FE01CC00ED
:10C570004800000000000000000000000000000073
:10C58000000000003000300078007800FC00FC0063
:10C59000FE01FE010000000000000000000000009D
:10C5A0000000000000000000FE01FE01FC00FC0095
:10C5B000780078003000300000000000000000002B
:10C5C000000000000000000000000000000000006B
:10C5D000000000000000000000000000000000005B
:10C5E00000000000000000000000000030007800A3
:10C5F000780078007800780030003000300030009B
:10C6000000000000300030000000000000000000CA
:10C61000CC00CC00CC0000000000000000000000B6
:10C62000000000000000000000000000000000000A
:10C63000000000000000CC00CC00CC00CC00FE01CB
:10C64000CC00CC00FE01CC00CC00CC00CC00000023
:10C65000000000000000000030003000FC00B601C7
:10C66000B6013E0038007000F001B601B601FC00D2
:10C6700030003000000000000000000084018E0047
:10C68000CA004A006E002400300010009800C80163
:10C690004C014401C60182000000000000000000BF
:10C6A0003C0066004200420066003C0018003C016D
:10C6B000E601C2004200C200E6013C0100000000A9
:10C6C00000000000300030002000100000000000DA
:10C6D000000000000000000000000000000000005A
:10C6E0000000000000006000300030003000180042
:10C6F0001800180018001800180018001800300062
:10C7000030003000600000000000180030003000F1
:10C710003000600060006000600060006000600049
:10C720006000300030003000180000000000000001
:10C7300000000000000000000000CC007800FE01B6
:10C740007800CC00000000000000000000000000A5
:10C7500000000000000000000000000000003000A9
:10C760003000FE013000300000000000000000003A
:10C7700000000000000000000000000000000000B9
:10C7800000000000000000000000000000000000A9
:10C790003000300020001000000000000000000009
:10C7A00000000000000000000000FE01000000008A
:10C7B0000000000000000000000000000000000079
:10C7C0000000000000000000000000000000000069
:10C7D00000000000000000003000300000000000F9
:10C7E0000000000080018001C000C0006000600007
:10C7F00030003000180018000C000C000600060085
:10C8000000000000000000007800CC008601C60196
:10C81000C601A601A601960196018E018E01860130
:10C82000CC0078000000000000000000300038005C
:10C830003E0030003000300030003000300030006A
:10C84000300030003000FE01000000000000000059
:10C850007800CC008601860180018001C000600064
:10C86000300018000C0006000600FE010000000069
:10C87000000000007800CC00860186018001800164
:10C88000F80080018001800186018601CC007800DB
:10C890000000000000000000300030001800180008
:10C8A00018000C000C006C00660066006600FE01BB
:10C8B000600060000000000000000000FE010600B3
:10C8C0000600060006007E00C00080018001800195
:10C8D00086018601CC007800000000000000000006
:10C8E000E001300018000C000C0006007E00C600BD
:10C8F0008601860186018601CC00780000000000D8
:10C9000000000000FE01800180018001C000C00025
:10C91000C000600060006000300030003000300077
:10C9200000000000000000007800CC0086018601B5
:10C930008601CC007800CC00860186018601860144
:10C94000CC00780000000000000000007800CC005F
:10C9500086018601860186018C01F8018001C000F4
:10C96000C000600030001E00000000000000000059
:10C970000000000000000000000030003000000057
:10C980000000000000000000300030000000000047
:10C990000000000000000000000000000000300067
:10C9A00030000000000000000000000030003000F7
:10C9B000200010000000000000000000C000600027
:10C9C000300018000C0006000C0018003000600059
:10C9D000C000000000000000000000000000000097
:10C9E000000000000000FE0100000000FE01000049
:10C9F0000000000000000000000000000000000037
:10CA00000000000006000C00180030006000C000AC
:10CA10006000300018000C0006000000000000005C
:10CA200000000000FC00CE0186018001C001C000B2
:10CA30006000600030003000000000003000300076
:10CA400000000000000000007C00C600830183019C
:10CA5000F3019B019B019B01DB01B3010300030078
:10CA60008601FC0000000000000000007800CC00FF
:10CA7000860186018601860186018601FE01860106
:10CA8000860186018601860100000000000000008A
:10CA90007E00C600860186018601C6007E00C600B3
:10CAA0008601860186018601C6007E000000000026
:10CAB000000000007800CC00860186010600060018
:10CAC000060006000600060086018601CC007800FC
:10CAD00000000000000000007E00C600C6008601C5
:10CAE0008601860186018601860186018601C600CF
:10CAF000C6007E000000000000000000FE010600ED
:10CB00000600060006000600FE00060006000600FD
:10CB1000060006000600FE01000000000000000004
:10CB2000FE01060006000600060006000600FE00E4
:10CB300006000600060006000600060000000000D1
:10CB4000000000007800CC00860186010600060087
:10CB50000600E6018601860186018601CC00780088
:10CB600000000000000000008601860186018601A9
:10CB700086018601FE018601860186018601860105
:10CB8000860186010000000000000000FE01300068
:10CB90003000300030003000300030003000300015
:10CBA000300030003000FE010000000000000000F6
:10CBB000800180018001800180018001800180016D
:10CBC0008001800186018601CC0078000000000011
:10CBD0000000000086018601C600E60066003600FF
:10CBE0001E001E0036006600E600C60086018601B3
:10CBF000000000000000000006000600060006001D
:10CC000006000600060006000600060006000600F4
:10CC10000600FE0100000000000000008601860101
:10CC20008601CE01CE01CE01FE01B601B601B601EC
:10CC300086018601860186010000000000000000D8
:10CC4000860186018E018E019E019601B601A60124
:10CC5000E601C601C60186018601860100000000CA
:10CC6000000000007800CC00860186018601860164
:10CC7000860186018601860186018601CC00780046
:10CC800000000000000000007E00C6008601860152
:10CC900086018601C6007E0006000600060006002A
:10CCA0000600060000000000000000007800CC0034
:10CCB000860186018601860186018601860186013C
:10CCC00086018601CC0078006000C00000000000F2
:10CCD0007E00C6008601860186018601C6007E00B0
:10CCE0006600C600C600C600C6008601000000003F
:10CCF000000000007800CC008601860106001E00BE
:10CD00003C00F000E001800186018601CC00780043
:10CD10000000000000000000FE0130003000300084
:10CD20003000300030003000300030003000300083
:10CD30003000300000000000000000008601860185
:10CD400086018601860186018601860186018601AB
:10CD500086018601CC007800000000000000000081
:10CD6000860186018601860186018601CC00CC0001
:10CD7000CC0048007800780030003000000000004F
:10CD80000000000086018601860186018601860179
:10CD9000B601B601B601CC00CC00CC00CC00CC0072
:10CDA0000000000000000000860186018601860167
:10CDB000CC00CC0078007800CC00CC008601860145
:10CDC0008601860100000000000000008601860147
:10CDD0008601860186018601CC00FC0078003000C7
:10CDE0003000300030003000000000000000000083
:10CDF000FE0180018001C000C0006000300018000A
:10CE000018000C000C0006000600FE0100000000E7
:10CE10000000000078001800180018001800180022
:10CE200018001800180018001800180018007800E2
:10CE30000000000000000000060006000C000C00CE
:10CE4000180018003000300060006000C000C00012
:10CE500080018001000000000000000078006000F8
:10CE600060006000600060006000600060006000C2
:10CE7000600060006000780000000000000000001A
:10CE80003000F800CE0100000000000000000000AB
:10CE90000000000000000000000000000000000092
:10CEA0000000000000000000000000000000000082
:10CEB0000000000000000000000000000000000072
:10CEC0000000FF03000000003000300010002000D0
:10CED0000000000000000000000000000000000052
:10CEE0000000000000000000000000000000000042
:10CEF000000000000000F80084018001FC018601B0
:10CF000086018601C601BC0100000000000000008F
:10CF1000060006000600060006007600CE00860128
:10CF20008601860186018601CE00760000000000A1
:10CF30000000000000000000000000000000F800F9
:10CF40008C01060006000600060006008C01F800B1
:10CF500000000000000000008001800180018001CD
:10CF60008001B801CC018601860186018601860117
:10CF7000CC01B8010000000000000000000000002B
:10CF80000000000000007800CC0086018601FE0150
:10CF9000060006008C01F800000000000000000000
:10CFA000F0009801180018001800FE001800180082
:10CFB00018001800180018001800180000000000E1
:10CFC0000000000000000000000000000000B801A8
:10CFD000CC018601860186018601CC01B801800161
:10CFE000CE007800000000000600060006000600E3
:10CFF00006007600CE008601860186018601860144
:10D0000086018601000000000000000030003000B2
:10D010000000000000003C00300030003000300014
:10D02000300030003000FC00000000000000000074
:10D0300060006000000000000000780060006000F8
:10D040006000600060006000600060006C003800FC
:10D05000000000000600060006000600060086012B
:10D06000C600660036001E003E006600C60086014F
:10D0700000000000000000003C00300030003000E4
:10D080003000300030003000300030003000300020
:10D090003000FC0000000000000000000000000064
:10D0A000000000000000CE00FE01B601B601B6018E
:10D0B000B601B601B60186010000000000000000C4
:10D0C000000000000000000000007600CE00860195
:10D0D0008601860186018601860186010000000026
:10D0E00000000000000000000000000000007800C8
:10D0F000CC0086018601860186018601CC0078007D
:10D10000000000000000000000000000000000001F
:10D1100000007600CE008601860186018601860128
:10D12000CE007600060006000000000000000000AF
:10D13000000000000000B801C401860186018601DC
:10D1400086018601C401B801800180010000000051
:10D1500000000000000000000000E600FE010E00DC
:10D16000060006000600060006000600000000009B
:10D170000000000000000000000000000000FC00B3
:10D18000860106001C003000E00080018601FC00E2
:10D1900000000000000000000000300030003000FF
:10D1A0003000FC0030003000300030003000300033
:10D1B0003000E0000000000000000000000000005F
:10D1C00000000000000086018601860186018601BC
:10D1D00086018601C601BC010000000000000000BD
:10D1E00000000000000000000000860186018601AA
:10D1F00086018601CC004800780030000000000065
:10D200000000000000000000000000000000860197
:10D21000B601B601B601B601B601CC00CC00CC0017
:10D2200000000000000000000000000000000000FE
:10D23000000086018601CC00FC003000FC00CC0020
:10D2400086018601000000000000000000000000D0
:10D25000000000000000860186018601860186012B
:10D26000CC00CC007800300018000E000000000058
:10D2700000000000000000000000FE018001C0006E
:10D280006000300018000C000600FE0100000000E5
:10D2900000000000E00030003000300030003000BE
:10D2A0003000180030003000300030003000300016
:10D2B000E0000000000000003000300030003000CE
:10D2C000300030003000000030003000300030000E
:10D2D0003000300030003000000000001C00300042
:10D2E000300030003000300030006000300030008E
:10D2F00030003000300030001C0000000000000052
:10D30000980166000000000000000000000000001E
:10D31000000000000000000000000000000000000D
:10D3200000000000300030007800CC00CC00860106
:10D33000860186018601860186018601FE01FE01C5
:10D340000000000000000000FC00CE01860180010A
:10D35000C001C0006000600030003000000000002C
:10D36000300030000000000000000000FC00CE0192
:10D3700086018001C001C000600060003000300004
:10D38000000000003000300000000000000000003D
:10D3900030003000200010000000000000000000FD
:10D3A000000000000000000000000000000000007D
:10D3B00000000000FC00CE0186018001C001C00019
:10D3C00060006000300030000000000030003000DD
:10D3D0000000000000000000CC00CC00CC000000E9
:10D3E000000000000000000000000000000000003D
:10D3F000000000000000000000000000000000002D
:10D4000000000000000030003000000000000000BC
:10D41000000000003000300000000000200020006C
:10D42000200020002000200020002000FF0320001A
:10D4300020002000200020002000200020002000EC
:10D440002000200020002000200020002000FF03FA
:10D450000000FF032000200020002000200020000A
:10D460002000200000000000FC00CE0186018001A9
:10D47000C001C0006000600030003000000000000B
:10D4800030003000000000000000000084018E0029
:10D49000CA004A006E002400300010009800C80145
:10D4A0004C014401C60182000000000000000000A1
:10D4B000FC00CE0186018001C001C0006000600058
:10D4C000300030000000000030003000000000009C
:10D4D0000000000000000000C000600030001800E4
:10D4E0000C0006000C00180030006000C0000000B6
:10D4F0000000000000000000FC00CE018601800159
:10D50000C001C0006000600030003000000000007A
:10D51000300030000000000000000000FC00CE01E0
:10D5200086018001C001C000600060003000300052
:10D53000000000003000300000000000000000008B
:10D54000FC00CE0186018001C001C00060006000C7
:10D55000300030000000000030003000000000000B
:10D5600000000000FC00CE0186018001C001C00067
:10D57000600060003000300000000000300030002B
:10D580000000000000000000FC00CE0186018001C8
:10D59000C001C000600060003000300000000000EA
:10D5A00030003000000000000000000030003000BB
:10D5B000200010000000000000000000000000003B
:10D5C000000000000000000000000000000000005B
:10D5D00030003000200010000000000000000000BB
:10D5E000000000000000000000000000000000003B
:10D5F00000000000CC00CC00CC00000000000000C7
:10D60000000000000000000000000000000000001A
:10D610000000000000000000CC00CC00CC000000A6
:10D6200000000000000000000000000000000000FA
:10D6300000000000000000000000000000000000EA
:10D64000000000000000300078007800300000008A
:10D6500000000000000000000000000000000000CA
:10D660000000000000000000000000000000FE01BB
:10D6700000000000000000000000000000000000AA
:10D68000000000000000000000000000000000009A
:10D690000000FE010000000000000000000000008B
:10D6A0000000000000000000FC00CE0186018001A7
:10D6B000C001C000600060003000300000000000C9
:10D6C000300030000000000000000000FE013000CB
:10D6D00030003000300030003000300030003000CA
:10D6E000300030003000300000000000000000007A
:10D6F000FC00CE0186018001C001C0006000600016
:10D700003000300000000000300030000000000059
:10D71000000000000000000006000C0018003000AF
:10D720006000C0006000300018000C00060000001F
:10D730000000000000000000FC00CE018601800116
:10D74000C001C00060006000300030000000000038
:10D75000300030000000000000000000FC00CE019E
:10D7600086018001C001C000600060003000300010
:10D770000000000030003000000000000000000049
:10D78000FC00CE0186018001C001C0006000600085
:10D7900030003000000000003000300000000000C9
:10D7A00000000000FC00CE0186018001C001C00025
:10D7B00060006000300030000000000030003000E9
:10D7C0000000000000000000000000000000000059
:10D7D0000000000000000000000000000000000049
:10D7E0000000000000000000CC003000860186012F
:10D7F00086018601860186018601FC018001800187
:10D80000800186018601FC0000000000000000008D
:10D8100000004800480030000000860186018601B3
:10D82000860186018601FC01800182018601FC00DF
:10D8300000000000FC00CE0186018001C001C00094
:10D840006000600030003000000000003000300058
:10D85000000000000000000000007A01CE018400FA
:10D86000860186018601860186018400CE017A0147
:10D87000000000000000000000000000FC00CE01DD
:10D8800086018001C001C0006000600030003000EF
:10D8900000000000300030000000000020002000E8
:10D8A0002000200020002000200020002000200078
:10D8B0002000200020002000200020002000200068
:10D8C00000000000FC0086018E011C0038006C0086
:10D8D000CC00D8007000E000C00186018601FC0089
:10D8E00000000000CC00CC00FE010600060006008F
:10D8F00006000600FE000600060006000600060000
:10D900000600FE0100000000000000000000000012
:10D91000000000000000F8008C0106000600060070
:10D92000060006008C01F800000000000000000066
:10D930007800CC0086018601060006007E00060005
:10D940000600060086018601CC0078000000000079
:10D950000000000000000000C0006000300018005F
:10D960000C0006000C00180030006000C000000031
:10D9700000000000000000000000000000000000A7
:10D98000000000003F0020002000200020002000B8
:10D990002000200020002000000000000000000007
:10D9A00000000000000000000000FE010000000078
:10D9B0000000000000000000000000000000000067
:10D9C0007E00C6008601860186018601C6007E00B3
:10D9D0006600C600C600C600C60086010000000042
:10D9E0008601860130003000300030003000300009
:10D9F0003000300030003000300030003000FE01D8
:10DA000000000000000038006C00C600C6006C007A
:10DA100038000000000000000000000000000000CE
:10DA200000000000000000000000000000000000F6
:10DA300000000000000030003000FE013000300027
:10DA400000000000000000000000000000000000D6
:10DA5000FC00CE0186018001C001C00060006000B2
:10DA600030003000000000003000300000000000F6
:10DA700000000000FC00CE0186018001C001C00052
:10DA80006000600030003000000000003000300016
:10DA90000000000000000000FC00CE0186018001B3
:10DAA000C001C000600060003000300000000000D5
:10DAB0003000300000000000000000000000000006
:10DAC0000000000000008601860186018601FC013D
:10DAD0008001800180018001000000000000000042
:10DAE000FC019E019E019E019E019E019E019C01E2
:10DAF0009801980198019801980198010000000090
:10DB00000000000000000000000000000000000015
:10DB100000003000300000000000000000000000A5
:10DB20000000000000000000CC00CC00000000005D
:10DB300000007800CC0086018601FE010600060088
:10DB40008C01F8000000000000000000B301730227
:10DB50007302B301370037003700FF033B003B007F
:10DB60003B003300330033000000000000000000E1
:10DB700000000000000000000000F8008C0106001A
:10DB800006007E00060006008C01F8000000000080
:10DB9000000000000000000006000C00180030002B
:10DBA0006000C0006000300018000C00060000009B
:10DBB0000000000000000000FC00CE018601800192
:10DBC000C001C000600060003000300000000000B4
:10DBD000300030000000000000000000FC00CE011A
:10DBE00086018001C001C00060006000300030008C
:10DBF00000000000300030000000000000000000C5
:10DC0000FC00CE0186018001C001C0006000600000
:10DC10003000300000000000300030000000000044
:10DC200000000000CC00CC000000000000003C0020
:10DC30003000300030003000300030003000FC0098
:10DC40000000000000000000F8018C018601860140
:10DC50008601860186018601FE0186018601860114
:10DC6000860186010000000000000000FE010600A1
:10DC700006000600060006007E00C600860186013A
:10DC800086018601C6007E00000000000000000042
:10DC90007E00C600860186018601C6007E00C600A1
:10DCA0008601860186018601C6007E000000000014
:10DCB00000000000FE010600060006000600060047
:10DCC0000600060006000600060006000600060024
:10DCD0000000000000000000F8018C0186018601B0
:10DCE00086018601860186018601860186018601FC
:10DCF0008601FF030303030300000000FE0106008A
:10DD00000600060006000600FE00060006000600EB
:10DD1000060006000600FE010000000000000000F2
:10DD2000330333033201B601B601B400FC00FC003A
:10DD3000B400B601B6013201330333030000000022
:10DD4000000000007C00C600820180018001C0004C
:10DD5000F000C0008001800180018201C6007C00CB
:10DD60000000000000000000860186018601860197
:10DD7000C601C601E601A601B60196019E018E010B
:10DD80008E0186010000000020003000960186010F
:10DD900086018601C601C601E601A601B60196010B
:10DDA0009E018E018E01860100000000000000002F
:10DDB00086018601C600E600660036001E001E00D1
:10DDC00036006600E600C6008601860100000000FD
:10DDD00000000000F00198018C0186018601860197
:10DDE00086018601860186018601860186018601FB
:10DDF0000000000000000000860186018601CE01BF
:10DE0000CE01CE01FE01B601B601B6018601860142
:10DE100086018601000000000000000086018601E6
:10DE20008601860186018601FE0186018601860142
:10DE300086018601860186010000000000000000C6
:10DE40007800CC0086018601860186018601860164
:10DE50008601860186018601CC0078000000000062
:10DE600000000000FE018601860186018601860110
:10DE7000860186018601860186018601860186016A
:10DE800000000000000000007E00C6008601860140
:10DE900086018601C6007E00060006000600060018
:10DEA0000600060000000000000000007800CC0022
:10DEB0008601860106000600060006000600060030
:10DEC00086018601CC007800000000000000000000
:10DED000FE013000300030003000300030003000F3
:10DEE0003000300030003000300030000000000012
:10DEF00000000000860186018601860186018601F8
:10DF00008601FC0180018001800186018601FC0000
:10DF1000000000000000000030003000FE0133036C
:10DF200033033303330333033303FE013000300084
:10DF30003000300000000000000000008601860173
:10DF400086018601CC00CC0078007800CC00CC00A3
:10DF500086018601860186010000000000000000A5
:10DF60008601860186018601860186018601860179
:10DF700086018601860186018601FE0300030003F7
:10DF80000000000086018601860186018601860167
:10DF90008601FC01800180018001800180018001F7
:10DFA0000000000000000000B601B601B601B60195
:10DFB000B601B601B601B601B601B601B601B601A9
:10DFC000B601FE010000000000000000B601B6012D
:10DFD000B601B601B601B601B601B601B601B60189
:10DFE000B601B601B601FE03000300030000000005
:10DFF0001F001B001B00180018001800F8009801F3
:10E0000018031803180318039801F8000000000013
:10E0100000000000860186018601860186018601D6
:10E020009E01B601E601E601E601E601B6019E01A8
:10E0300000000000000000000600060006000600C8
:10E04000060006007E00C600860186018601860164
:10E05000C6007E0000000000000000007800CC0038
:10E060008601860180018001F80180018001800124
:10E0700086018601CC00780000000000000000004E
:10E08000E300B3011B031B031B031B031F031B0341
:10E090001B031B031B031B03B301E3000000000071
:10E0A00000000000F8018C018601860186018601CE
:10E0B0008C01F80198018C018C018C018C01860186
:10E0C0000000000000000000000000000000000050
:10E0D0000000F80084018001FC01860186018601B0
:10E0E000C601BC01000000000000000000000000AC
:10E0F0008001FC00060006007600CE008601860145
:10E1000086018601CC0078000000000000000000BD
:10E1100000000000000000000000FE0086018601F3
:10E120008601FE00860186018601FE0000000000D7
:10E130000000000000000000000000000000FE00E1
:10E14000C6000600060006000600060006000600DF
:10E1500000000000000000000000000000000000BF
:10E160000000F800DC00C600C600C600C600C600FD
:10E17000C600FF01830183010000000000000000D1
:10E180000000000000007800CC0086018601FE013E
:10E19000060006008C01F8000000000000000000EE
:10E1A0000000000000000000000033033303B6014C
:10E1B000FC00FC00FC00B601330333030000000048
:10E1C00000000000000000000000000000007C00D3
:10E1D000C6008201C0007000C0008201C6007C0041
:10E1E000000000000000000000000000000000002F
:10E1F0000000860186018601C601E601B6019E0186
:10E200008E018601000000000000000000000000F8
:10E21000400060002000860186018601C601E601FB
:10E22000B6019E018E018601000000000000000082
:10E23000000000000000000000008601C60066002B
:10E2400036001E003E006600C60086010000000089
:10E250000000000000000000000000000000F801C5
:10E260008C01860186018601860186018601860170
:10E27000000000000000000000000000000000009E
:10E2800000008601CE01CE01FE01B601B601860175
:10E290008601860100000000000000000000000070
:10E2A0000000000000008601860186018601FE0153
:10E2B0008601860186018601000000000000000042
:10E2C000000000000000000000007800CC00860183
:10E2D0008601860186018601CC00780000000000DE
:10E2E0000000000000000000000000000000FE012F
:10E2F00086018601860186018601860186018601E6
:10E30000000000000000000000000000000000000D
:10E3100000007600CE008601860186018601860116
:10E32000CE0076000600060000000000000000009D
:10E33000000000000000F8008C0106000600060046
:10E34000060006008C01F80000000000000000003C
:10E3500000000000000000000000FE01300030005E
:10E36000300030003000300030003000000000008D
:10E370000000000000000000000000000000860116
:10E3800086018601860186018601FC0180018201E9
:10E390008601FC00000000000000000000000000FA
:10E3A00000003000FC00B60132013201B601FC0071
:10E3B00030003000000000000000000000000000FD
:10E3C00000000000000086018601CC00FC00300047
:10E3D000FC00CC0086018601000000000000000067
:10E3E00000000000000000000000C600C600C600DB
:10E3F000C600C600C600C600C600FE01800180013E
:10E400000000000000000000000000000000860185
:10E41000860186018601FC01800180018001800166
:10E4200000000000000000000000000000000000EC
:10E430000000B601B601B601B601B601B601B601DB
:10E44000B601FE0100000000000000000000000016
:10E45000000000000000B601B601B601B601B60129
:10E46000B601B601B601FE03000300030000000080
:10E47000000000000000000000000F000D000D0073
:10E48000FC008C018C018C018C01FC000000000060
:10E4900000000000000000000000000000008601F5
:10E4A00086018601BE01E601E601E601E601BE0144
:10E4B000000000000000000000000000000000005C
:10E4C0000000060006000600FE00860186018601A7
:10E4D0008601FE00000000000000000000000000B7
:10E4E0000000000000007C00C60080018001F801EF
:10E4F00080018001C6007C000000000000000000D8
:10E5000000000000000000000000E600B601160157
:10E5100016011E0116011601B601E60000000000FA
:10E520000000000000000000000000000000F801F2
:10E530008C0184018C01F801B00198018C018601E5
:10E54000000000000000000000000000ED4A01088B
:10E55000F14A0108594A01085D4A0108614A010867
:10E56000E14A0108654A01080000000000000000BF
:10E57000000000000000000000000000000000009B
:10E580000000000000000000E00018030404040480
:10E59000B209B209020802081209E20804040404DC
:10E5A0001803E00000000000E000F803FC07FC078F
:10E5B0004E0E4E0EFE0FFE0FEE0E1E0FFC07FC075A
:10E5C000F803E00000000000000000000000180355
:10E5D000BC07FC07FC07FC07F803F001E000400063
:10E5E00000000000000000000000000000004000EB
:10E5F000E000F001F803FC07F803F001E000400040
:10E60000000000000000000000000000E000F00139
:10E61000F001F001EC06FE0FFE0FFE0F4C06E000CD
:10E62000F001000000000000000000004000400079
:10E63000E000F001F803FC07FC07FC075803E000CA
:10E64000F0010000000000000000000000000000D9
:10E65000000000006000F000F0006000000000001A
:10E660000000000000000000FF0FFF0FFF0FFF0F72
:10E67000FF0FFF0F9F0F0F0F0F0F9F0FFF0FFF0FCA
:10E68000FF0FFF0FFF0FFF0F000000000000000052
:10E690006000900008010801080108019000600076
:10E6A0000000000000000000FF0FFF0FFF0FFF0F32
:10E6B0009F0F6F0FF70EF70EF70EF70E6F0F9F0FEE
:10E6C000FF0FFF0FFF0FFF0F00000000000080078B
:10E6D00000067805CC04860186018601CC0078000E
:10E6E000000000000000000000000000E001300316
:10E6F0001806180618063003E001C000C000F00339
:10E70000C000C000000000004000C000C001C00305
:10E710004003400340014000400070007800780052
:10E72000300000000000000030007000D0009001B8
:10E7300030037002D00290031C031E021E028C03E1
:10E74000C003C00380010000000040004000E4045A
:10E75000F80318030C060E0E0C061803F803E40465
:10E760004000400000000000000000000800180009
:10E7700038007800F800F801F80078003800180038
:10E7800008000000000000000000000000018001FF
:10E79000C001E001F001F801F001E001C0018001D9
:10E7A000000100000000000000004000E000F00157
:10E7B000F80340004000400040004000F803F00132
:10E7C000E00040000000000000009801980198015E
:10E7D000980198019801980198019801980100000A
:10E7E00098019801000000000000F8076C03660320
:10E7F000660366036C0378036003600360036003D1
:10E8000060036003000000000000F8010C030C002E
:10E810000C00F8010C030C03F801000300030C03C7
:10E82000F8010000000000000000000000000000EF
:10E830000000000000000000000000000000F807D9
:10E84000F807F807000000004000E000F001F803BE
:10E85000400040004000400040004000F803F0014C
:10E86000E0004000F803000000004000E000F0017C
:10E87000F8034000400040004000400040004000DD
:10E880004000400000000000000040004000400048
:10E89000400040004000400040004000F803F0010C
:10E8A000E000400000000000000000000000000048
:10E8B000800080018003FC0780038001800000004D
:10E8C0000000000000000000000000000000000048
:10E8D000200030003800FC07380030002000000025
:10E8E0000000000000000000000000000000000028
:10E8F0000000000000000000020002000200020010
:10E900000200FE0700000000000000000000000000
:10E91000100118031C07FE0F1C071803100100004C
:10E9200000000000000000000000000000000000E7
:10E9300000004000E000F001F803FC07FE0F0000BB
:10E9400000000000000000000000000000000000C7
:10E950000000FE0FFC07F803F001E000400000009B
:10E9600000000000000000000000000000000000A7
:10E970000000000000000000000000000000000097
:10E98000000000000000000060006000F000F000E7
:10E99000F000F000F0006000600060000000000087
:10E9A0006000600000000000000000009801980175
:10E9B0009801980100000000000000000000000025
:10E9C0000000000000000000000060066006600615
:10E9D000FC0F3003300398019801FE03CC00CC00FB
:10E9E000CC0000000000000060006000F801FC03A3
:10E9F0006C006C00FC01F80360036003FC03F80189
:10EA000060006000000000000000000000081C0C16
:10EA10001C0E1C078003C001E000700038001C07BA
:10EA20000E070607000000000000E000B00198019A
:10EA30009801D800700078007C00CC06CC038C01D3
:10EA4000DC037806000000007000700070006000B9
:10EA50006000300000000000000000000000000026
:10EA60000000000000000000C001600070003000E5
:10EA700038003800380038003800380030007000A6
:10EA80006000C0010000000038006000E000C0002D
:10EA9000C001C001C001C001C001C001C000E00050
:10EAA00060003800000000000000000000006C035F
:10EAB0006C03F801F000FC03F000F8016C036C0338
:10EAC0000000000000000000000000000000000046
:10EAD000600060006000FC03FC03600060006000F8
:10EAE0000000000000000000000000000000000026
:10EAF00000000000000000000000000000007000A6
:10EB00007000700060003000000000000000000095
:10EB1000000000000000FC03FC03000000000000F7
:10EB200000000000000000000000000000000000E5
:10EB30000000000000000000000000000000700065
:10EB4000700070000000000000000008000C000EC3
:10EB500000078003C001E000700038001C000E00B8
:10EB60000600000000000000F001FC070C06060C87
:10EB7000060C060C060C060C060C060C060C0C0605
:10EB8000FC07F00100000000C000E000F800F80001
:10EB9000C000C000C000C000C000C000C000C00075
:10EBA000F807F80700000000F803FC070E0E060C3B
:10EBB000060E00078003C001E000700038001C0052
:10EBC000FE0FFE0F00000000F803FC070E0E060CFF
:10EBD000000C000EF007F0030006000C060C0E0EF1
:10EBE000FC07F803000000008003C003E00370038B
:10EBF00038031C030E030603FE0FFE0F0003000381
:10EC00000003000300000000FE0FFE0F06000600D8
:10EC10000600FE03FC07000E000C000C060C0E0E96
:10EC2000FC07F80300000000C003E0037000380098
:10EC30001C000C00FE03FE070E0E060C060C0E0E4A
:10EC4000FC07F80300000000FE0FFE0F00060006A0
:10EC50000003000380018001C000C000600060006C
:10EC60003000300000000000F001F8031C070C0623
:10EC70000C061C07F803FC070E0E060C060C0E0E05
:10EC8000FC07F80300000000F803FC070E0E060C5A
:10EC9000060C0E0EFC0FF80F000600078003C001E3
:10ECA000F8007800000000000000000000000000F4
:10ECB0007000700070000000000000007000700024
:10ECC00070000000000000000000000000000000D4
:10ECD0007000700070000000000000007000700004
:10ECE000700060006000300000038003C001E0009D
:10ECF000700038001C001C0038007000E000C001EB
:10ED0000800300030000000000000000000000007D
:10ED10000000FC07FC0700000000FC07FC070000E7
:10ED200000000000000000000C001C003800700013
:10ED3000E000C00180038003C001E00070003800E3
:10ED40001C000C0000000000F801FC030E07060682
:10ED500006078003C001E000600060006000000062
:10ED60006000600000000000F803FC070C06E60DE0
:10ED7000F60DB60DB60DB60DB60DF607E6030E0090
:10ED8000FC03F0030000000060006000F000F000F1
:10ED9000F0009801980198010C03FC03FC0306069F
:10EDA0000606060600000000FE00FE0186030603BC
:10EDB00006038603FE01FE0306070606060606078F
:10EDC000FE03FE0100000000F001F8031C070C0622
:10EDD0000600060006000600060006000C061C07DA
:10EDE000F803F00100000000FE00FE0186030603A8
:10EDF0000606060606060606060606060603860339
:10EE0000FE01FE0000000000FE07FE0706000600EF
:10EE100006000600FE01FE010600060006000600D0
:10EE2000FE07FE0700000000FE07FE0706000600C2
:10EE300006000600FE01FE010600060006000600B0
:10EE40000600060000000000F003F8071C060C0096
:10EE500006000600C607C607060606060C061C06C0
:10EE6000F807F0070000000006060606060606067C
:10EE700006060606FE07FE07060606060606060640
:10EE80000606060600000000F801F80160006000B8
:10EE90006000600060006000600060006000600072
:10EEA000F801F80100000000000600060006000658
:10EEB00000060006000600060006060606060E030B
:10EEC000FC03F80100000000060606078603C601E1
:10EED000E60076003E003E007600E600C6018603AE
:10EEE00006070606000000000600060006000600F1
:10EEF00006000600060006000600060006000600E2
:10EF0000FE07FE070000000006060E070E079E071C
:10EF10009E07F606F6066606660606060606060658
:10EF2000060606060000000006060E060E061E0671
:10EF30003606360666066606C606C606860706074F
:10EF40000607060600000000F000F8019C030C0311
:10EF50000606060606060606060606060C039C03BB
:10EF6000F801F00000000000FE01FE03060706069F
:10EF7000060606060607FE03FE010600060006005A
:10EF80000600060000000000F000F8019C030C03DE
:10EF900006060606060606060606C606CC039C03FB
:10EFA000F807F00600000000FE01FE030607060653
:10EFB000060606060607FE03FE01E600C6018603F6
:10EFC0000607060600000000F801FC030E0706060F
:10EFD00006000E00FC01F8030007000606060E07F7
:10EFE000FC03F80100000000FC03FC03600060006B
:10EFF0006000600060006000600060006000600011
:10F000006000600000000000060606060606060610
:10F0100006060606060606060606060606060C038D
:10F02000FC03F801000000000606060606060C03B5
:10F030000C030C03980198019801F000F000F00017
:10F0400060006000000000000606060606060606D0
:10F0500006060606060666066606F6069E070E07FE
:10F060000E07060600000000060606060C030C0349
:10F070009801F00060006000F00098010C030C03A0
:10F080000606060600000000060606060C030C0332
:10F0900098019801F000F0006000600060006000DE
:10F0A0006000600000000000FE07FE070003000390
:10F0B0008001C00060006000300018000C000C00EF
:10F0C000FE07FE0700000000F801F8011800180014
:10F0D0001800180018001800180018001800180070
:10F0E000F801F801000000000000020006000E0018
:10F0F0001C0038007000E000C00180030007000E13
:10F10000000C000000000000F801F80180018001FF
:10F1100080018001800180018001800180018001E7
:10F12000F801F801000000004000E000F001B80321
:10F130001C070E0E060C000000000000000000007E
:10F1400000000000000000000000000000000000BF
:10F1500000000000000000000000000000000000AF
:10F1600000000000FE0FFE0F0000E000E000E000E5
:10F1700060006000C000000000000000000000000F
:10F18000000000000000000000000000000000007F
:10F190000000F803FC070006F807FC070606060651
:10F1A000FE07FC070000000006000600060006003F
:10F1B0000600F601FE030E0706060606060606070B
:10F1C000FE03FE010000000000000000000000003F
:10F1D0000000F801FC030E060600060006000E06FD
:10F1E000FC03F8010000000000060006000600060F
:10F1F0000006F806FC078E070606060606060E063B
:10F20000FC07F807000000000000000000000000FC
:10F210000000F801FC030E06FE07FE0306000E00C8
:10F22000FC03F80100000000E001F00138001800C4
:10F2300018001800FE00FE00180018001800180042
:10F24000180018000000000000000000000000008E
:10F250000000F807FC070E0606060E07FC07F80676
:10F2600000060007FC03FC0106000600060006007D
:10F270000600F600FE018E030603060306030603DE
:10F2800006030603000000000000000060006000AC
:10F2900000007000700060006000600060006000AE
:10F2A000F801F8010000000000000000800180016A
:10F2B0000000C001C0018001800180018001800147
:10F2C00080019801F801F0000C000C000C000C000B
:10F2D0000C008C01CC01EC007C007C00EC00CC012B
:10F2E0008C030C03000000007000700060006000E0
:10F2F000600060006000600060006000600060000E
:10F30000F801F8010000000000000000000000000B
:10F3100000009A01FE03FE0766066606660666069C
:10F320006606660600000000000000000000000005
:10F330000000FC01FC030C070C060C060C060C0676
:10F340000C060C0600000000000000000000000099
:10F350000000F801FC030E070606060606060E0767
:10F36000FC03F801000000000000000000000000A5
:10F370000000FE01FE030607060606060E07FE0352
:10F38000F601060006000600000000000000000074
:10F390000000F807FC070E06060606060E07FC0727
:10F3A000F80600060006000600000000000000004D
:10F3B0000000EC03FC071C060C000C000C000C0009
:10F3C0000C000C0000000000000000000000000025
:10F3D0000000FC00FE010600FE00FC01800180012F
:10F3E000FE01FC00000000000000180018001800DA
:10F3F0001800FE00FE001800180018001800180081
:10F40000F801F00100000000000000000000000012
:10F4100000000606060606060606060606060E078F
:10F42000FC07F806000000000000000000000000DB
:10F430000000060606060C030C0398019801F00074
:10F44000F00060000000000000000000000000006C
:10F45000000066066606660666066606F606FC0395
:10F460009C030801000000000000000000000000F4
:10F47000000006038E03DC01F8007000F800DC01D8
:10F480008E030603000000000000000000000000E2
:10F4900000000C030C0398019801F000F0006000DC
:10F4A0006000300030001800000000000000000084
:10F4B0000000FE03FE01C0006000300018000C00D8
:10F4C000FE03FE0300000000C003E00370003000F4
:10F4D0003000300038001C003800300030003000B0
:10F4E0007000E003C0030000600060006000600086
:10F4F000600060006000600060006000600060000C
:10F5000060006000000000003C007C00E000C000E3
:10F51000C000C000C0018003C001C000C000C00026
:10F52000E0007C003C0000000000000038066C0396
:10F53000C601000000000000000000000000000004
:10F5400000000000000000000000000000000000BB
:10F550006000F00098010C0306060606FE07FE0791
:10F5600000000000000000001101440411014404E7
:10F570001101440411014404110144041101440423
:10F580001101440411014404AA0A5505AA0A5505AB
:10F59000AA0A5505AA0A5505AA0A5505AA0A550533
:10F5A000AA0A5505AA0A5505EE0EBB0BEE0EBB0BBB
:10F5B000EE0EBB0BEE0EBB0BEE0EBB0BEE0EBB0B43
:10F5C000EE0EBB0BEE0EBB0B600060006000600037
:10F5D000600060006000600060006000600060002B
:10F5E000600060006000600060006000600060001B
:10F5F0006000600060007F007F00600060006000CD
:10F6000060006000600060006000600060006000FA
:10F61000600060007F007F0060007F007F0060006E
:10F6200060006000600060006C006C006C006C00AA
:10F630006C006C006C006F006F006C006C006C0064
:10F640006C006C006C006C0000000000000000000A
:10F650000000000000007F007F006C006C006C0068
:10F660006C006C006C006C000000000000000000EA
:10F67000000000007F007F0060007F007F006000CE
:10F6800060006000600060006C006C006C006C004A
:10F690006C006C006F006F0060006F006F006C000A
:10F6A0006C006C006C006C006C006C006C006C00FA
:10F6B0006C006C006C006C006C006C006C006C00EA
:10F6C0006C006C006C006C0000000000000000008A
:10F6D000000000007F007F0060006F006F006C0082
:10F6E0006C006C006C006C006C006C006C006C00BA
:10F6F0006C006C006F006F0060007F007F000000F6
:10F7000000000000000000006C006C006C006C0049
:10F710006C006C006C007F007F00000000000000A7
:10F720000000000000000000600060006000600059
:10F73000600060007F007F0060007F007F000000AD
:10F7400000000000000000000000000000000000B9
:10F750000000000000007F007F006000600060008B
:10F760006000600060006000600060006000600099
:10F77000600060006000E00FE00F0000000000008B
:10F7800000000000000000006000600060006000F9
:10F79000600060006000FF0FFF0F0000000000002D
:10F7A0000000000000000000000000000000000059
:10F7B000000000000000FF0FFF0F6000600060000D
:10F7C0006000600060006000600060006000600039
:10F7D000600060006000E00FE00F6000600060000B
:10F7E0006000600060006000000000000000000099
:10F7F000000000000000FF0FFF0F000000000000ED
:10F800000000000000000000600060006000600078
:10F81000600060006000FF0FFF0F6000600060008C
:10F8200060006000600060006000600060006000D8
:10F8300060006000E00FE00F6000E00FE00F60008C
:10F8400060006000600060006C006C006C006C0088
:10F850006C006C006C00EC0FEC0F6C006C006C002A
:10F860006C006C006C006C006C006C006C006C0038
:10F870006C006C00EC0FEC0F0C00FC0FFC0F000098
:10F880000000000000000000000000000000000078
:10F8900000000000FC0FFC0F0C00EC0FEC0F6C00E4
:10F8A0006C006C006C006C006C006C006C006C00F8
:10F8B0006C006C00EF0FEF0F0000FF0FFF0F000058
:10F8C0000000000000000000000000000000000038
:10F8D00000000000FF0FFF0F0000EF0FEF0F6C00A4
:10F8E0006C006C006C006C006C006C006C006C00B8
:10F8F0006C006C00EC0FEC0F0C00EC0FEC0F6C00CC
:10F900006C006C006C006C00000000000000000047
:10F9100000000000FF0FFF0F0000FF0FFF0F0000AF
:10F9200000000000000000006C006C006C006C0027
:10F930006C006C00EF0FEF0F0000EF0FEF0F6C008B
:10F940006C006C006C006C00600060006000600087
:10F9500060006000FF0FFF0F0000FF0FFF0F0000AF
:10F9600000000000000000006C006C006C006C00E7
:10F970006C006C006C00FF0FFF0F00000000000027
:10F980000000000000000000000000000000000077
:10F9900000000000FF0FFF0F0000FF0FFF0F6000CF
:10F9A00060006000600060000000000000000000D7
:10F9B000000000000000FF0FFF0F6C006C006C00E7
:10F9C0006C006C006C006C006C006C006C006C00D7
:10F9D0006C006C006C00FC0FFC0F000000000000CD
:10F9E0000000000000000000600060006000600097
:10F9F00060006000E00FE00F6000E00FE00F00002B
:10FA000000000000000000000000000000000000F6
:10FA100000000000E00FE00F6000E00FE00F60006A
:10FA20006000600060006000000000000000000056
:10FA3000000000000000FC0FFC0F6C006C006C006C
:10FA40006C006C006C006C006C006C006C006C0056
:10FA50006C006C006C00EF0FEF0F6C006C006C0022
:10FA60006C006C006C006C00980198010000FE07AF
:10FA7000FE0706000600FE01FE0106000600060065
:10FA8000FE07FE07000000006000600060006000EC
:10FA900060006000FF0FFF0F0000FF0FFF0F60000E
:10FAA0006000600060006000600060006000600056
:10FAB0006000600060007F007F0000000000000028
:10FAC0000000000000000000000000000000000036
:10FAD000000000000000E00FE00F60006000600028
:10FAE0006000600060006000FF0FFF0FFF0FFF0F5E
:10FAF000FF0FFF0FFF0FFF0FFF0FFF0FFF0FFF0F96
:10FB0000FF0FFF0FFF0FFF0F0000000000000000BD
:10FB10000000000000000000FF0FFF0FFF0FFF0FAD
:10FB2000FF0FFF0FFF0FFF0F3F003F003F003F00A1
:10FB30003F003F003F003F003F003F003F003F00CD
:10FB40003F003F003F003F00C00FC00FC00FC00F7D
:10FB5000C00FC00FC00FC00FC00FC00FC00FC00F2D
:10FB6000C00FC00FC00FC00FFF0FFF0FFF0FFF0F21
:10FB7000FF0FFF0FFF0FFF0F00000000000000004D
:10FB8000000000000000000000000000000018035A
:10FB9000A40444040404040408021001A00040006A
:10FBA000000000000000000000000000C00320046E
:10FBB0001C08FE0FFE0FFE0FFE0FFC07F8030000EF
:10FBC000000000000000000000000000C00320044E
:10FBD0001C08FE0F0208020802080404F8030000D3
:10FBE0000000000000000000000000000000C00055
:10FBF000A000A000A0009000000000000000000095
:10FC000000000000000000000000C000A000A000F4
:10FC1000A00090000000FE07000090009000E000AF
:10FC2000800080000000000000000000000098013B
:10FC300060000C030C0398019801F000F0006000D4
:10FC40006000300030001800F000F80198019801C1
:10FC5000F801F000000000000000000000000000BB
:10FC60000000000000000000000000009801980162
:10FC70000000F801FC030E06FE07FE070600060062
:10FC8000FC03F8010000000000000000000000007C
:10FC90000000F000F801F801F801F801F0000000A0
:10FCA0000000000000000000000000000000000054
:10FCB000000000004000E000E00040000000000004
:10FCC00000000000000000000000C00FC00FC000D6
:10FCD000C000C000C000C000C400CC00D800F000CC
:10FCE000E000C00000000000C300C706C70FC7093E
:10FCF000CF0FCB06CB00DB00D30FF30FE300E30005
:10FD0000E300C3000000000000000606F606FC0346
:10FD10000E0706060606060606060E07FC03F6068E
:10FD200006060000000000000000000000000000C7
:10FD3000F000F000F000F000F000F0000000000023
:10FD400000000000000000000000000000000000B3
:10FD500000000000000000000000000000000000A3
:10FD60000000000000000000F007F8071C060C0669
:10FD70000606060606060606FE07FE070606060631
:10FD80000606060600000000FE07FE070600060045
:10FD900006000600FE01FE03060706060606060725
:10FDA000FE03FE0100000000FE00FE0186030603C4
:10FDB00006038603FE01FE0306070606060606077F
:10FDC000FE03FE0100000000FE07FE07060006001D
:10FDD00006000600060006000600060006000600F3
:10FDE0000600060000000000F007F8071C060C06DD
:10FDF00006060606060606060606060606060606A3
:10FE0000FF0FFF0F030C030CFE07FE0706000600A2
:10FE100006000600FE01FE010600060006000600C0
:10FE2000FE07FE07000000006108630C630C670614
:10FE300066066E03FC03FC036E076606670E630C22
:10FE4000630C610800000000F803FC070E0E060CAE
:10FE5000000C000EF007F0030006000C060C0E0E5E
:10FE6000FC07F803000000000606060706078607E1
:10FE7000C606C60666066606360636061E060E0662
:10FE80000E060606000000004606660726078607DF
:10FE9000C606C60666066606360636061E060E0642
:10FEA0000E06060600000000060606078603C601C9
:10FEB000E60076003E003E007600E600C6018603BE
:10FEC0000607060600000000F007F8071C060C06EF
:10FED00006060606060606060606060606060606C2
:10FEE000060606060000000006060E070E079E071F
:10FEF0009E07F606F6066606660606060606060669
:10FF000006060606000000000606060606060606A9
:10FF100006060606FE07FE0706060606060606068F
:10FF20000606060600000000F000F8019C030C0322
:10FF30000606060606060606060606060C039C03CB
:10FF4000F801F00000000000FE07FE0706060606A6
:10FF50000606060606060606060606060606060641
:10FF60000606060600000000FE01FE030607060660
:10FF7000060606060607FE03FE010600060006004A
:10FF80000600060000000000F001F8031C070C0644
:10FF90000600060006000600060006000C061C0708
:10FFA000F803F00100000000FC03FC0360006000A7
:10FFB0006000600060006000600060006000600041
:10FFC0006000600000000000060606060606060641
:10FFD00006060606FE07FC070006000600060603E6
:10FFE000FE03FC010000000060006000FC03FE074F
:10FFF00066066606660666066606FE07FC03600081
:020000040803EF
:100000006000600000000000060606060C030C03FA
:100010009801F00060006000F00098010C030C03F0
:100020000606060600000000060306030603060394
:100030000603060306030603060306030603060378
:10004000FE07FE070006000606060606060606066A
:1000500006060606FE07FC07000600060006000668
:1000600000060006000000006606660666066606D4
:100070006606660666066606660666066606660620
:10008000FE07FE07000000006606660666066606B6
:100090006606660666066606660666066606660600
:1000A000FE0FFE0F000C000C1F001F001B001B00AA
:1000B0001800F801F803180718061806180618079C
:1000C000F803F8010000000006060606060606060C
:1000D00006063E067E06E606C606C606C606E60610
:1000E0007E063E0600000000060006000600060030
:1000F0000600FE01FE0306070606060606060607BC
:10010000FE03FE0100000000F800FC018E03060360
:1001100000060006F007F0070006000606038E033F
:10012000FC01F80000000000C301E303730733067D
:100130001B0C1B0C1F0C1F0C1B0C1B0C330673071A
:10014000E303C30100000000F807FC070E060606E3
:10015000060606060E06FC07F807700638061C069B
:100160000E0606060000000000000000000000006F
:100170000000F803FC070006F807FC070606060661
:10018000FE07FC0700000000000000000002FC0366
:10019000FE010600F601FE030E0706060606060728
:1001A000FE03FC0100000000000000000000000051
:1001B0000000FC01FC030C030C03FC010C030C030A
:1001C000FC03FC0100000000000000000000000033
:1001D0000000FC03FC030C000C000C000C000C00E5
:1001E0000C000C00000000000000000000000000F7
:1001F0000000F003F8030C030C030C030C030C03C6
:10020000FE07FE07060606060000000000000000CC
:100210000000F801FC030E06FE07FE0306000E00B8
:10022000FC03F801000000000000000000000000D6
:100230000000630C670E6E07FC03FC036C0366068C
:10024000670E630C000000000000000000000000CA
:100250000000F000F8010C030003E00100030C03B0
:10026000F801F000000000000000000000000000A5
:1002700000000C060C060C078C07CC066C063C062E
:100280001C060C0600000000000000008000C000FA
:1002900040000C060C060C078C07CC066C063C06CE
:1002A0001C060C060000000000000000000000001A
:1002B00000008C01CC01EC007C007C00EC00CC0147
:1002C0008C030C0300000000000000000000000090
:1002D0000000F003F8030C030C030C030C030C03E5
:1002E0000C030C03000000000000000000000000F0
:1002F00000000E079E079E07F6066606060606061F
:1003000006060606000000000000000000000000D5
:1003100000000C060C060C060C06FC07FC070C067D
:100320000C060C06000000000000000000000000A9
:100330000000F801FC030E070606060606060E0777
:10034000FC03F801000000000000000000000000B5
:100350000000FC07FC070C060C060C060C060C063D
:100360000C060C0600000000000000000000000069
:100370000000FE01FE030607060606060E07FE0342
:10038000F601060006000600000000000000000064
:100390000000F801FC030E060600060006000E062B
:1003A000FC03F80100000000000000000000000055
:1003B0000000FC03FC03600060006000600060005F
:1003C000600060000000000000000000000000006D
:1003D00000000C030C0398019801F000F00060008D
:1003E0006000300030001800000000000000000035
:1003F00000006000FC03FE076606660666066606E9
:10040000FE07FC0360006000000000000000000028
:10041000000006038E03DC01F8007000F800DC0128
:100420008E03060300000000000000000000000032
:1004300000000C030C030C030C030C030C030C0353
:10044000FC07FC070006000600000000000000009A
:1004500000000C030C030C030C03FC03F803000363
:100460000003000300000000000000000000000086
:100470000000660666066606660666066606660688
:10048000FE07FE0700000000000000000000000062
:100490000000660666066606660666066606660668
:1004A000FE0FFE0F000C000C00000000000000001A
:1004B00000003E003E003600F003F0073006300634
:1004C000F007F00300000000000000000000000042
:1004D00000000606060606067E06FE06C606C606D8
:1004E000FE067E0600000000000000000000000084
:1004F00000000C000C000C00FC01FC030C030C03BE
:10050000FC03FC01000000000000000000000000EF
:100510000000F800FC010603E003E003000386038B
:10052000FC01F800000000000000000000000000D6
:100530000000C601E60376073E063E06360676074D
:10054000E603C601000000000000000000000000FB
:100550000000F803FC030C030C03F80370033803DA
:100560001C030C030000000000000000000000005D
:10057000614B0108654B0108594A01085D4A0108B1
:10058000614A0108554B0108654A01080000000056
:10059000000000001C2236222A221C001C3E2A3E9B
:1005A000223E1C0000143E3E3E1C080000081C3E7B
:1005B0003E1C0800081C1C083E3E080000081C3EAB
:1005C0003E081C000000000C0C0000003F3F3F33C1
:1005D000333F3F3F0000000000000000000000002B
:1005E000000000000038302C12120C001C22221CCB
:1005F000081C08000000000000000000302C342C13
:1006000034360600002A1C361C2A0000040C1C3C50
:100610001C0C040010181C1E1C181000081C3E089E
:100620003E1C080014141414140014003C2A2A2C34
:10063000282828001C220C1418221C0000001E1E52
:100640001E1E0000081C3E083E1C081C081C3E081C
:1006500008080800080808083E1C08000008183EA2
:100660001808000000080C3E0C0800000000000202
:1006700002023E000014143E1414000008081C1C62
:100680003E3E00003E3E1C1C08080000000000002A
:1006900000000000081C1C08080008003636120084
:1006A0000000000000143E14143E1400041C020C50
:1006B000100E08002626100804323200040A0A042C
:1006C0002A122C000C0C0400000000000804040492
:1006D00004040800040808080808040000141C3E6C
:1006E0001C1400000008083E08080000000000007C
:1006F000000C0C040000003E0000000000000000A0
:10070000000C0C0000201008040200001C22322AF9
:1007100026221C00080C080808081C001C222018AF
:1007200004023E001C22201C20221C00101814125F
:100730003E1010003E02021E20221C001804021E61
:1007400022221C003E201008040404001C22221C4B
:1007500022221C001C22223C20100C0000000C0C49
:10076000000C0C0000000C0C000C0C04100804021F
:100770000408100000003E00003E000004081020A5
:10078000100804001C222018080008001C223A2A25
:100790003A021C001C2222223E2222001E22221E7D
:1007A00022221E001C22020202221C001E222222E1
:1007B00022221E003E02021E02023E003E02021ED5
:1007C000020202001C22023A22223C002222223E85
:1007D000222222001C08080808081C0020202020D3
:1007E00022221C0022120A060A122200020202021F
:1007F00002023E0022362A222222220022262A3209
:10080000222222001C22222222221C001E22221E20
:10081000020202001C2222222A122C001E22221E68
:10082000122222001C22021C20221C003E08080862
:10083000080808002222222222221C002222222230
:100840002214080022222A2A2A2A1400222214080A
:100850001422220022222214080808001E10080474
:1008600002021E001C04040404041C00000204080C
:10087000102000001C10101010101C000814220082
:10088000000000000000000000003F000C0C080009
:100890000000000000001C203C223C0002021E223E
:1008A00022221E0000001C2202221C0020203C22CA
:1008B00022223C0000001C221E021C001804041E00
:1008C0000404040000003C22223C201C02020E1200
:1008D000121212000800080808081800100018106A
:1008E0001010120C0202120A060A12000808080868
:1008F000080818000000162A2A22220000000E1202
:100900001212120000001C2222221C0000001E22D3
:1009100022221E0200003C2222223C2000001A2437
:1009200004040E0000001C021C201C0000041E0415
:100930000414080000001212121A140000002222EF
:1009400022140800000022222A3E14000000121285
:100950000C12120000001212121C080600001E10D9
:100960000C021E00180404060404180008080800FD
:10097000080808000C10103010100C00140A0000B9
:1009800000000000081C3622223E0000000000008B
:100990000000000000000000000000000C0C04003B
:1009A00000000000000000000000000036361200C9
:1009B0000000000000000C0C000C0C000808083FB0
:1009C00008080808083F083F080808080000000059
:1009D000000000002626100804323200000000004B
:1009E00000000000100804020408100000000000CD
:1009F00000000000000000000000000000000000F7
:100A000000000000000000000000000000000000E6
:100A1000000000000C0C0400000000000C0C04009E
:100A200000000000363612000000000036361200CA
:100A3000000000000000000C0C0000000000003E60
:100A4000000000000000003E000000000000000068
:100A5000000000003E080808080808000000000028
:100A6000000000000408102010080400000000002E
:100A70000000000000000000000000000000000076
:100A80000000000000000000000000000000000066
:100A9000000000002A2A223C20221C000C00121216
:100AA000121C0806000000000000000000331E3386
:100AB0001E330000000000000000000008080808C5
:100AC000080808081C220C1418221C00143E021EE0
:100AD00002023E0000001C2202221C001C22020E08
:100AE00002221C0010080402040810000000000F7D
:100AF000080808080000003E000000001E22221E18
:100B0000122222002208080808081C000C12120CED
:100B1000000000000008083E080800000000000077
:100B200000000000000000000000000000000000C5
:100B300000000000000022223C2020003C2A2A2C39
:100B400028282800000000040000000014001C22D7
:100B50001E021C00393B0B0D3D09090000001C2240
:100B60000E221C00040810201008040000000000E1
:100B70000000000000000000000000000000000075
:100B80000000000014000808080818001C22222297
:100B90003E2222003E02021E22221E001E22221E91
:100BA00022221E003E020202020202001C12121247
:100BB000123F21003E02021E02023E002A2A2A1C87
:100BC0002A2A2A000E11100E10110E0022222232A3
:100BD0002A2622002A2A22322A26220022120A0645
:100BE0000A122200382424242424260022362A2211
:100BF000222222002222223E222222001C22222203
:100C000022221C003E222222222222001E22221EFA
:100C1000020202001C22020202221C003E080808F6
:100C2000080808002222223C20221C001C2A2A2A12
:100C30001C08080022221408142222001212121288
:100C400012123E202222223C202020002A2A2A2A78
:100C50002A2A3E002A2A2A2A2A2A3E200705041C7C
:100C600024241C002222222E32322E000202021ED6
:100C700022221E001C22203820221C00122A2A2E8A
:100C80002A2A12003C22223C2422220000001C209E
:100C90003C223C00201C021E22221C0000001E22BE
:100CA0001E221E0000001E120202020000001C1282
:100CB000123F210000001C221E021C0000002A2AF4
:100CC0001C2A2A0000001C2218221C0000002232CC
:100CD0002A262200001822322A2622000000120AA8
:100CE000060A120000001C12121211000000223627
:100CF0002A222200000022223E22220000001C2282
:100D000022221C0000003E222222220000001E227D
:100D100022221E0200001C2202221C0000003E08AB
:100D20000808080000001212121C080600001C2A05
:100D30002A1C0800000012120C12120000001212ED
:100D400012123E20000022223C20200000002A2A0D
:100D50002A2A3E0000002A2A2A2A3E2000000705EF
:100D60001C241C00000022222E322E000000020251
:100D70001E221E0000001C2238221C000000122A25
:100D80002E2A120000003C223C2422000000000019
:100D900000000000D94B0108DD4B0108594A010849
:100DA0005D4A0108614A0108C94B0108654A01080A
:100DB000000000000000000000000000007EC38171
:100DC000A581BD99C37E0000007EFFFFDBFFC3E766
:100DD000FF7E0000000022777F7F7F3E1C0800001E
:100DE00000081C3E7F7F3E1C0800000000183C3CB1
:100DF000FFE7E718187E000000183C7EFFFF7E1812
:100E0000187E0000000000003C7E7E3C00000000D8
:100E1000FFFFFFFFC38181C3FFFFFFFF0000000052
:100E200000000000000000000000000000000000C2
:100E300000000000007C705C4E1F3333331E000046
:100E4000003C6666663C187E181800000000000032
:100E5000000000000000000000FEC6FEC6C6C6E698
:100E6000E7670300000018DB7EE7E77EDB18000081
:100E7000000103071F7F1F0703010000004060708F
:100E80007C7F7C706040000000183C7E1818187E43
:100E90003C18000000666666666600006666000034
:100EA00000FEDBDBDBDED8D8D8D80000007EC60C25
:100EB0003C66663C30637E0000003C3C3C3C3C3C75
:100EC0003C3C000000183C7E1818187E3C187E0040
:100ED00000183C7E18181818181800000018181868
:100EE0001818187E3C18000000000018307F3018D9
:100EF000000000000000000C067F060C000000004F
:100F0000000000000303037F000000000000002435
:100F100066FF662400000000000008081C1C3E3E1E
:100F20007F7F000000007F7F3E3E1C1C0808000001
:100F3000000000000000000000000000000C1E1E69
:100F40001E0C0C000C0C00000066666624000000FD
:100F5000000000000036367F3636367F3636000019
:100F60000C0C3E03031E30301F0C0C00000000234D
:100F700033180C0633310000000E1B1B0E5F7B3351
:100F80003B6E0000000C0C0C06000000000000008E
:100F90000030180C0606060C1830000000060C186D
:100FA000303030180C060000000000663CFF3C6644
:100FB0000000000000000018187E18180000000053
:100FC00000000000000000001C1C060000000000E3
:100FD000007F000000000000000000000000000092
:100FE0001C1C00000000406030180C0603010000CB
:100FF000003E636B6B6B6B6B633E000000080C0F75
:101000000C0C0C0C0C3F0000001E333330180C0687
:10101000333F0000001E3330301C3030331E0000E0
:101020000030383C36337F3030780000003F030317
:10103000031F3030331E0000001C0603031F333330
:10104000331E0000007F63636030180C0C0C00003E
:10105000001E3333371E3B33331E0000001E333374
:10106000333E18180C0E00000000001C1C00001C71
:101070001C0000000000001C1C00001C1C180C00C0
:101080000030180C0603060C1830000000000000A9
:101090007E007E000000000000060C183060301852
:1010A0000C060000001E3330180C0C000C0C000065
:1010B000003E63637B7B7B03033E0000000C1E331A
:1010C00033333F3333330000003F6666663E666667
:1010D000663F0000003C666303030363663C000058
:1010E000001F366666666666361F0000007F46068D
:1010F000263E2606467F0000007F6646263E2606E0
:10110000060F0000003C666303037363667C000007
:1011100000333333333F333333330000001E0C0CC2
:101120000C0C0C0C0C1E00000078303030303333C7
:10113000331E000000676636361E363666670000CE
:10114000000F060606064666667F00000063777F8E
:101150007F6B636363630000006363676F7F7B7310
:1011600063630000001C366363636363361C000026
:10117000003F6666663E0606060F0000001C3663EA
:101180006363737B3E307800003F6666663E36667A
:1011900066670000001E3333030E1833331E000051
:1011A000003F2D0C0C0C0C0C0C1E000000333333D4
:1011B00033333333331E00000033333333333333AD
:1011C0001E0C000000636363636B6B3636360000F1
:1011D000003333331E0C1E333333000000333333FC
:1011E000331E0C0C0C1E0000007F7319180C0646F1
:1011F000637F0000003C0C0C0C0C0C0C0C3C000041
:1012000000000103060C183060400000003C303044
:1012100030303030303C0000081C366300000000E5
:101220000000000000000000000000000000FF00BF
:101230000C0C18000000000000000000000000007E
:101240001E303E33336E0000000706063E666666BB
:10125000663B0000000000001E330303331E000045
:10126000003830303E333333336E0000000000006E
:101270001E333F03331E0000001C3606061F060601
:10128000060F0000000000006E3333333E30331E83
:1012900000070606366E66666667000000181800CE
:1012A0001E181818187E0000003030003C30303016
:1012B0003033331E0007060666361E3666670000AA
:1012C000001E181818181818187E000000000000DA
:1012D0003F6B6B6B6B630000000000001F33333308
:1012E00033330000000000001E333333331E000090
:1012F000000000003B666666663E060F00000000C8
:101300006E333333333E30780000000037766E069C
:10131000060F0000000000001E330618331E0000F8
:10132000000004063F060606361C00000000000010
:1013300033333333336E0000000000003333333374
:101340001E0C00000000000063636B6B363600006B
:101350000000000063361C1C366300000000000023
:10136000666666663C30180F000000003F311806C4
:10137000233F000000380C0C0603060C0C3800005C
:1013800000181818180018181818000000070C0C7E
:101390001830180C0C07000000CE5B730000000032
:1013A00000000000000000081C3663637F0000009E
:1013B000000000000000000000000000000000002D
:1013C0000000000000000000000C0C0C06000000F3
:1013D000000000000000000000000000000000000D
:1013E0000066666624000000000000000000001C8B
:1013F0001C00001C1C0000001818181818FF1818F2
:101400001818181818181818FF0000FF18181818BE
:1014100000000000000000000000000000000023A9
:1014200033180C06333100000000000000000000FB
:10143000000000000030180C0603060C18300000F5
:10144000000000000000000000000000000000009C
:10145000000000000000000000000000000000008C
:10146000000000000000000000000000000000007C
:10147000000000000000000000000000000C0C0C48
:101480000600000000000000000C0C0C060000002C
:1014900000000000006666662400000000000000F6
:1014A00000666666240000000000000000000000E6
:1014B0003C7E7E3C0000000000000000007F000039
:1014C0000000000000000000007F0000000000009D
:1014D000000000000000000000000000003F2D0C94
:1014E0000C0C0C0C0C1E00000000000000000000A2
:1014F0000000000000060C18306030180C060000D8
:1015000000000000000000000000000000000000DB
:1015100000000000000000000000000000000000CB
:1015200000000000000000000000000000000000BB
:1015300000000000000000000000000018006666C7
:1015400066667C60663C00000000180066666666A1
:101550003C30180F000000000000000000000000F8
:101560000000663C243C6600000000000000000013
:1015700000000000000000001818181818181818AB
:1015800018181818007EC60C3C66663C30637E0056
:10159000367F4606263E2606467F000000000000F5
:1015A0001E330303331E0000003C6663030F036316
:1015B000663C00000030180C0603060C18300000D2
:1015C00000000000001F181818181818000000006C
:1015D000007F000000000000003F6666663E366641
:1015E0006667000033330C0C0C0C0C0C0C1E000056
:1015F000003C6666663C0000000000000000001829
:10160000187E181800000000000000000000000014
:1016100000000000000000000000000000000000CA
:1016200000000000000000000000000000000000BA
:101630003333333E3030000000FEDBDBDBDED8D856
:10164000D8D80000000000000018000000000000D2
:10165000001212001E333F03331E00000073733369
:10166000377F7B3333330000000000001E330F034D
:10167000331E000000060C18306030180C06000005
:10168000000000000000000000000000000000005A
:10169000000000000000000000000000000000004A
:1016A000000000000066660018181818183C0000BA
:1016B000000C1E3333333F3333330000007F4606C4
:1016C0003E666666663F0000003F6666663E66668A
:1016D000663F0000007F464606060606060F00002D
:1016E000007C66666666666666FFC300007F460627
:1016F000263E2606467F00000099DB5A7E3C7E5A35
:10170000DB990000003C666260386062663C000065
:10171000006363737B7F6F6763630000186B6F7395
:101720007B7F6F676363000000676636361E363660
:101730006667000000787C66666666666663000021
:101740000063777F7F6B63636363000000636363A1
:10175000637F636363630000001C366363636363DA
:10176000361C0000007F6363636363636363000090
:10177000003F6666663E0606060F0000003C666394
:1017800003030363663C0000007E5A1818181818FB
:10179000183C00000066666666667C60663C000079
:1017A00000187EDBDBDBDB7E1818000000333333F0
:1017B0001E0C1E33333300000033333333333333E3
:1017C000337F60000063636363637E60606000007A
:1017D000006B6B6B6B6B6B6B6B7F0000006B6B6BF1
:1017E0006B6B6B6B6BFFC00000070706063E6666FF
:1017F000663E000000636363636F7B7B7B6F00006A
:1018000000000303033F6363633F0000001E336374
:1018100060786063331E00000073DBDBDFDFDBDB3F
:10182000DB73000000FC6666667C6C6666E70000A1
:10183000000000001E303E33336E00000000002028
:101840003E031F33331E0000000000001F331F3310
:10185000331F0000000000003F03030303030000E8
:10186000000000003E363636367F63000000000080
:101870001E333F03331E000000000000496B3E3E54
:101880006B490000000000001E311C30311E0000BA
:101890000000000033333B3F3733000000101808CE
:1018A00033333B3F3733000000000000331B0F1B76
:1018B0001333000000000000383C3436323300009F
:1018C0000000000063776B6B6363000000000000A2
:1018D00033333F3333330000000000001E33333313
:1018E000331E0000000000003F3333333333000069
:1018F000000000001F333333331F030300000000D8
:101900001E330303331E0000000000003F0C0C0CCC
:101910000C0C000000000000666666667C60663C99
:10192000000000083E6B6B6B3E08080000000000E2
:1019300063361C1C36630000000000003333333371
:10194000337F6000000000003333333E303000004E
:10195000000000006B6B6B6B6B7F000000000000F1
:101960006B6B6B6B6BFFC0000000000007073E66EF
:10197000663E00000000000063636F7B7B6F000029
:101980000000000003031F33331F000000000000AD
:101990001E333C30331E0000000000003B6F6F6FB1
:1019A0006F3B0000000000003E33333E3633000042
:1019B00000000000000000004D4C0108514C0108DF
:1019C000594A01085D4A0108614A0108414C010871
:1019D000654A010800000000000000007E81A5812A
:1019E000BD99817E7EFFDBFFC3E7FF7E367F7F7F71
:1019F0003E1C0800081C3E7F3E1C08001C3E1C7F4D
:101A00007F6B081C08081C3E7F3E081C0000183C29
:101A10003C180000FFFFE7C3C3E7FFFF0000000022
:101A2000000000000000000000000000F0E0F0BE38
:101A30003333331E3C6666663C187E180000000097
:101A400000000000FEC6FEC6C6E66703995A3CE7E2
:101A5000E73C5A9901071F7F1F07010040707C7FF8
:101A60007C704000183C7E18187E3C1866666666DE
:101A700066006600FEDBDBDED8D8D8007EC31E33EE
:101A8000331E311F00003C3C3C3C0000183C7E18DB
:101A90007E3C18FF183C7E181818180018181818E3
:101AA0007E3C18000018307F30180000000C067FC4
:101AB000060C000000000303037F0000002466FF03
:101AC0006624000000183C7EFFFF000000FFFF7E40
:101AD0003C18000000000000000000000C1E1E0C5E
:101AE0000C000C00363636000000000036367F361B
:101AF0007F3636000C3E031E301F0C000063331887
:101B00000C6663001C361C6E3B336E000606030039
:101B100000000000180C0606060C1800060C181829
:101B2000180C060000663CFF3C660000000C0C3FF1
:101B30000C0C000000000000000E0C060000003F2E
:101B40000000000000000000000C0C006030180CC9
:101B5000060301001E333B3F37331E000C0F0C0CF5
:101B60000C0C3F001E33301C06333F001E33301C6C
:101B700030331E00383C36337F3030003F031F3097
:101B800030331E001C06031F33331E003F33301852
:101B90000C0606001E33331E33331E001E33333E45
:101BA00030180E0000000C0C000C0C0000000C0C97
:101BB000000E0C06180C0603060C180000003F006F
:101BC0003F000000060C1830180C06001E333018B9
:101BD0000C000C003E637B7B7B031E000C1E33332A
:101BE0003F3333003F66663E66663F003C66030354
:101BF00003663C003F36666666363F007F46161E2B
:101C000016467F007F46161E16060F003C6603032D
:101C100073667C003333333F333333001E0C0C0CBC
:101C20000C0C1E007830303033331E006766361ED1
:101C3000366667000F06060646667F0063777F6B91
:101C40006363630063676F7B736363001C36636366
:101C500063361C003F66663E06060F001E333333B4
:101C60003B1E38003F66663E1E3667001E33071C6B
:101C700038331E003F2D0C0C0C0C1E003333333355
:101C800033333F0033333333331E0C006363636BF2
:101C90007F7763006363361C366363003333331E20
:101CA0000C0C1E007F33190C46637F001E060606CF
:101CB00006061E0003060C18306040001E18181897
:101CC00018181E00081C3663000000000000000009
:101CD0000000FF000C0C18000000000000001E3087
:101CE0003E336E0007063E6666663D0000001E330A
:101CF00003331E003830303E33336E0000001E3395
:101D00003F031E001C36060F06060F0000006E3350
:101D1000333E301F0706366E666667000C000E0CF9
:101D20000C0C1E0018001E1818181B0E070666362D
:101D30001E3667000E0C0C0C0C0C1E000000377FCA
:101D40006B63630000001F333333330000001E3326
:101D500033331E0000003B66663E060F00006E3304
:101D6000333E307800001B3636060F0000003E037D
:101D70001E301F00080C3E0C0C2C180000003333E2
:101D800033336E0000003333331E0C0000006363F6
:101D90006B7F3600000063361C366300000033336F
:101DA000333E301F00003F190C263F00FF81818128
:101DB000818181FFFF81BDBDBDBD81FFFF20707CA2
:101DC000FEFE7C0007000040FF40000000E1FDFF38
:101DD000FD31100000C1E3FF3F000000F0080402E5
:101DE000E1C1E1C10F1021719F8F8F87C1E1FDF12A
:101DF000DA0C08F0878F8F8F4F20100F00000C0C2B
:101E0000000C0C0018181818FF1818181818FF18CC
:101E1000FF181818000000000000000000633318CD
:101E20000C6663000000000000000000180C0603B0
:101E3000060C180000000000000000000000000078
:101E40000000000000000000000000000000000092
:101E50000000000000000000000000000606030073
:101E600000000000060603000000000036363600C1
:101E70000000000036363600000000000000183C6C
:101E80003C1800000000003F000000000000003F80
:101E90000000000000000000000000003F2D0C0CBE
:101EA0000C0C1E000000000000000000060C1830A2
:101EB000180C0600000000000000000000000000F8
:101EC0000000000000000000000000000000000012
:101ED0000000000000000000000000000863637EB6
:101EE00060633E006B6B6363637E603E00000000D6
:101EF0000000000000633E63633E630000000000DA
:101F00000000000018181818181818187EC31E337F
:101F1000331E311F367F461E06467F0000001E33EB
:101F200003331E003C66031F03663C00180C0603C7
:101F3000060C1800000000001F1818180000003FD1
:101F4000000000003F66663E1E366700330C0C0C36
:101F50000C0C1E001C36361C00000000000C0C3F50
:101F60000C0C000000000000000000000000000059
:101F7000000000000000000000000000000063639B
:101F80007E606000FEDBDBDED8D8D80000000000F9
:101F90001800000033001E333F031E007133377FEB
:101FA0003B33330000003E630F633E00060C1830E5
:101FB000180C0600000000000000000000000000F7
:101FC00000000000000000000000000033000E0CC4
:101FD0000C0C1E007C6663637F6363007F66063EB5
:101FE00066663F003F66663E66663F007F660606A1
:101FF00006060F00786C66666666FFC37F46161E8F
:1020000016467F006B6B3E1C3E6B6B001E33301C14
:1020100030331E006363737B6F6763006B63737B96
:102020006F6763006766361E36666700786E6666A1
:102030006666630063777F6B636363006363637FDC
:10204000636363001C36636363361C007F636363F2
:10205000636363003F66663E06060F003C6603034B
:1020600003663C003F2D0C0C0C0C1E006363637E6A
:1020700060633E003E6B6B6B3E081C006363361C66
:10208000366363003333333333337F606363637E9C
:10209000606060006B6B6B6B6B6B7F006B6B6B6B73
:1020A0006B6BFFC00F0F0D3C6C6C3C006363636F88
:1020B0007B7B6F000F06063E66663E001E33607C2B
:1020C00060331E003B6B6B6F6B6B3B007E63637E0C
:1020D0007C66630000001E303E336E00603E033EAF
:1020E00063633E0000003F663E663F0000007F667F
:1020F00006060F0000003C3636367F6300001E33B4
:102100003F031E0000006B3E1C3E6B0000003E6360
:1021100038633E00000063737B6F6700086363737E
:102120007B6F6700000067361E36670000007C6624
:10213000666667000000637F7F6B63000000636377
:102140007F63630000001E3333331E0000007F6393
:102150006363630000003F66663E060F00001E33A7
:1021600003331E0000007E5A18183C000000636311
:10217000637E603E00003E6B6B3E081C00006336D1
:102180001C3663000000333333337F600000636329
:102190007E60600000006B6B6B6B7F0000006B6B00
:1021A0006B6BFFC000000F0D3C6C3C0000006363D4
:1021B0006F7B6F0000000F063E663E0000003E632E
:1021C00078633E0000003B6B6F6B3B0000007E635A
:1021D0007E6663000000000000000000C14C0108A2
:1021E000DF4C0108B54C0108BB4C0108C34C010889
:1021F000D54C01080027282900000000000000003D
:102200006D4D0108854D0108FB4C0108ED4C01089E
:10221000014D0108134D0108274D0108A94D010882
:10222000DF4D0108854E0108D14E01081D4F010800
:10223000774F0108194D0108F34C0108F74C0108CC
:10224000000000000000000017500108AB5001081A
:10225000E14F0108D14F010819500108D74F01087B
:1022600043500108E74F0108895001089B500108BD
:10227000002B2C2D0000000000000000C1500108C0
:10228000F7510108C3500108C9500108155201084F
:102290003B5201085B520108795201089B52010828
:1022A000B7520108CF500108D35201082551010847
:1022B00099510108DD50010807510108B950010882
:1022C000BD50010800000000000000004753010855
:1022D0007F530108BB53010849530108BF5301084C
:1022E000ED520108E75201085D530108355301081A
:1022F00000000000963007772C610EEEBA51099964
:1023000019C46D078FF46A7035A563E9A395649EBF
:102310003288DB0EA4B8DC791EE9D5E088D9D297E3
:102320002B4CB609BD7CB17E072DB8E7911DBF903F
:102330006410B71DF220B06A4871B9F3DE41BE8463
:102340007DD4DA1AEBE4DD6D51B5D4F4C785D383BF
:1023500056986C13C0A86B647AF962FDECC9658A63
:102360004F5C0114D96C0663633D0FFAF50D088DBF
:10237000C8206E3B5E10694CE44160D5727167A263
:10238000D1E4033C47D4044BFD850DD26BB50AA5BF
:10239000FAA8B5356C98B242D6C9BBDB40F9BCACE3
:1023A000E36CD832755CDF45CF0DD6DC593DD1AB3F
:1023B000AC30D9263A00DE518051D7C81661D0BF63
:1023C000B5F4B42123C4B3569995BACF0FA5BDB8BF
:1023D0009EB802280888055FB2D90CC624E90BB163
:1023E000877C6F2F114C6858AB1D61C13D2D66B6BF
:1023F0009041DC760671DB01BC20D2982A10D5EF23
:102400008985B1711FB5B606A5E4BF9F33D4B8E87E
:10241000A2C9077834F9000F8EA8099618980EE122
:10242000BB0D6A7F2D3D6D08976C6491015C63E67E
:10243000F4516B6B62616C1CD83065854E0062F2A2
:10244000ED95066C7BA5011BC1F4088257C40FF5FE
:10245000C6D9B06550E9B712EAB8BE8B7C88B9FC22
:10246000DF1DDD62492DDA15F37CD38C654CD4FB7E
:102470005861B24DCE51B53A7400BCA3E230BBD422
:1024800041A5DF4AD795D83D6DC4D1A4FBF4D6D37E
:102490006AE96943FCD96E34468867ADD0B860DA22
:1024A000732D0444E51D03335F4C0AAAC97C0DDD7E
:1024B0003C710550AA41022710100BBE86200CC9A2
:1024C00025B56857B3856F2009D466B99FE461CEFE
:1024D0000EF9DE5E98C9D9292298D0B0B4A8D7C722
:1024E000173DB359810DB42E3B5CBDB7AD6CBAC07E
:1024F0002083B8EDB6B3BF9A0CE2B6039AD2B1749A
:102500003947D5EAAF77D29D1526DB048316DC73F5
:10251000120B63E3843B64943E6A6D0DA85A6A7A99
:102520000BCF0EE49DFF099327AE000AB19E077DF5
:1025300044930FF0D2A3088768F2011EFEC2066919
:102540005D5762F7CB67658071366C19E7066B6E75
:10255000761BD4FEE02BD3895A7ADA10CC4ADD6799
:102560006FDFB9F9F9EFBE8E43BEB717D58EB060F5
:10257000E8A3D6D67E93D1A1C4C2D83852F2DF4F99
:10258000F167BBD16757BCA6DD06B53F4B36B248F5
:10259000DA2B0DD84C1B0AAFF64A0336607A044199
:1025A000C3EF60DF55DF67A8EF8E6E3179BE6946F5
:1025B0008CB361CB1A8366BCA0D26F2536E2685219
:1025C00095770CCC03470BBBB91602222F26055575
:1025D000BE3BBAC5280BBDB2925AB42B046AB35C99
:1025E000A7FFD7C231CFD0B58B9ED92C1DAEDE5BF5
:1025F000B0C2649B26F263EC9CA36A750A936D02D9
:10260000A906099C3F360EEB856707721357000534
:10261000824ABF95147AB8E2AE2BB17B381BB60C58
:102620009B8ED2920DBED5E5B7EFDC7C21DFDB0BB4
:10263000D4D2D38642E2D4F1F8B3DD686E83DA1FD8
:10264000CD16BE815B26B9F6E177B06F7747B71834
:10265000E65A0888706A0FFFCA3B06665C0B0111D8
:10266000FF9E658F69AE62F8D3FF6B6145CF6C1634
:1026700078E20AA0EED20DD75483044EC2B30339D8
:10268000612667A7F71660D04D476949DB776E3E34
:102690004A6AD1AEDC5AD6D9660BDF40F03BD83758
:1026A00053AEBCA9C59EBBDE7FCFB247E9FFB530B4
:1026B0001CF2BDBD8AC2BACA3093B353A6A3B424D8
:1026C0000536D0BA9306D7CD2957DE54BF67D92334
:1026D0002E7A66B3B84A61C4021B685D942B6F2AD8
:1026E00037BE0BB4A18E0CC31BDF055A8DEF022D34
:1026F0000000000000000000E5140008855D0108EE
:10270000B95D0108D35D010883140008891400082D
:102710008F140008695F0108CD5D0108000000000A
:1027200000000000DD1600080D170008C148010870
:102730003B4901085B490108DF480108F9480108E5
:10274000CD4901080B60010811600108D56401083A
:10275000A52C0008AB2C0008B12C0008B72C0008F1
:10276000BD2C0008C32C0008C92C0008CD2C000883
:102770000D49010800061016000610160103050792
:10278000090E10121416181C1E43554541414141B3
:102790004345454549494941414592924F4F4F551F
:1027A00055594F554F9C4F9E9F41494F55A5A5A642
:1027B000A7A8A9AAABACADAEAFB0B1B2B3B441411A
:1027C00041B8B9BABBBCBDBEBFC0C1C2C3C4C5411C
:1027D00041C8C9CACBCCCDCECFD1D1454545494959
:1027E0004949D9DADBDCDD49DF4FE14F4F4F4FE696
:1027F000E8E85555555959EEEFF0F1F2F3F4F5F6D6
:10280000F7F8F9FAFBFCFDFEFF007D1D0100632CCB
:10281000001E9601A01E5A01001F0806101F060682
:10282000201F0806301F0806401F0606511F07001C
:10283000591F521F5B1F541F5D1F561F5F1F601FD4
:102840000806701F0E00BA1FBB1FC81FC91FCA1F72
:10285000CB1FDA1FDB1FF81FF91FEA1FEB1FFA1F40
:10286000FB1F801F0806901F0806A01F0806B01F48
:102870000400B81FB91FB21FBC1FCC1F0100C31F2B
:10288000D01F0206E01F0206E51F0100EC1FF21F29
:102890000100FC1F4E210100322170211002842111
:1028A00001008321D0241A05302C2F04602C020152
:1028B000672C0601752C0201802C6401002D26086E
:1028C00041FF1A03000061001A03E0001703F8003B
:1028D0000703FF0001007801000130013201060109
:1028E000390110014A012E017901060180014D00D4
:1028F00043028101820182018401840186018701F2
:10290000870189018A018B018B018D018E018F0165
:1029100090019101910193019401F60196019701B3
:10292000980198013D029B019C019D0120029F019D
:10293000A001A001A201A201A401A401A601A70176
:10294000A701A901AA01AB01AC01AC01AE01AF0125
:10295000AF01B101B201B301B301B501B501B701D6
:10296000B801B801BA01BB01BC01BC01BE01F7014D
:10297000C001C101C201C301C401C501C401C70135
:10298000C801C701CA01CB01CA01CD011001DD0197
:1029900001008E01DE011201F3010300F101F401D7
:1029A000F401F8012801220212013A020900652C03
:1029B0003B023B023D02662C3F02400241024102C3
:1029C00046020A0153024000810186015502890135
:1029D0008A0158028F015A0290015C025D025E0278
:1029E0005F02930161026202940164026502660261
:1029F0006702970196016A02622C6C026D026E02F8
:102A00009C01700271029D01730274029F017602A3
:102A10007702780279027A027B027C02642C7E02C1
:102A20007F02A60181028202A90184028502860238
:102A30008702AE014402B101B20145028D028E024D
:102A40008F0290029102B7017B030300FD03FE0396
:102A5000FF03AC0304008603880389038A03B103E0
:102A60001103C2030200A303A303C4030803CC039E
:102A700003008C038E038F03D8031801F2030A00AE
:102A8000F903F303F403F503F603F703F703F9037C
:102A9000FA03FA03300420035004100760042201F3
:102AA0008A043601C1040E01CF040100C004D00421
:102AB0004401610526040000C700FC00E900E200B3
:102AC000E400E000E500E700EA00EB00E800EF00CA
:102AD000EE00EC00C400C500C900E600C600F4002A
:102AE000F600F200FB00F900FF00D600DC00F80061
:102AF000A300D800D7009201E100ED00F300FA0036
:102B0000F100D100AA00BA00BF00AE00AC00BD00C9
:102B1000BC00A100AB00BB009125922593250225A6
:102B20002425C100C200C000A900632551255725F6
:102B30005D25A200A5001025142534252C251C2573
:102B400000253C25E300C3005A2554256925662548
:102B5000602550256C25A400F000D000CA00CB00F1
:102B6000C8003101CD00CE00CF0018250C258825E6
:102B70008425A600CC008025D300DF00D400D2003D
:102B8000F500D500B500FE00DE00DA00DB00D9005C
:102B9000FD00DD00AF00B400AD00B1001720BE00A5
:102BA000B600A700F700B800B000A800B700B90051
:102BB000B300B200A025A000651E0208451E020851
:102BC000E51D0208851D02080D1D02080000000019
:102BD00001020304000000000000000001020304E1
:102BE000060708090000000059F3F8C21F6EA5018E
:102BF000000000000000F03F000000000000008026
:102C0000182D4454FB210940182D4454FB2109C0C0
:102C1000182D4454FB21E9BFD221337F7CD90240D7
:102C2000D221337F7CD902C0FB21F93FFB2109402F
:102C30007CD91240FB2119407A6A1F407CD922407E
:102C4000BBFD2540FB2129403A462C407A6A2F40A3
:102C50005C4731407CD932409C6B3440BBFD3540F1
:102C6000DB8F3740FB2139401BB43A403A463C40A9
:102C70005AD83D407A6A3F404C7E40405C474140D4
:102C80006C1042407CD942408CA243409C6B444033
:102C9000AC344540BBFD4540CBC64640DB8F47408A
:102CA000EB584840FB21494083F9A200444E6E0096
:102CB000FC291500D1572700DD34F50062DBC00088
:102CC0003C999500419043006351FE00BBDEAB0090
:102CD000B761C5003A6E2400D24D42004906E000BB
:102CE00009EA2E001C92D100EB1DFE0029B11C0048
:102CF000E83EA700F535820044BB2E009CE9840025
:102D0000B4267000417E5F00D691390053833900AC
:102D10009CF439008B5F840028F9BD00F81F3B004C
:102D2000DEFF97000F980500112FEF000A5A8B0065
:102D30006D1F6D00CF7E360009CB2700464FB700D0
:102D40009E663F002DEA5F00BA277500E5EBC700DD
:102D50003D7BF100F739070092528A00FB6BEA00D5
:102D60001FB15F00085D8D00300356007BFC4600FC
:102D7000F0AB6B0020BCCF0036F49A00E3A91D0035
:102D80005E619100081BE60085996500A0145F0054
:102D90008D40680080D8FF0027734D000606310083
:102DA000CA561500C9A873007BE260006B8CC00096
:102DB000E2652F227F2B7A3C075C143326A6813CE8
:102DC000BDCBF07A8807703C075C143326A6913C93
:102DD0004FBB610567ACDD3F182D4454FB21E93F33
:102DE0009BF681D20B73EF3F182D4454FB21F93F22
:102DF00000000040FB21F93F000000002D44743E1C
:102E0000000000809846F83C0000006051CC783B00
:102E100000000080831BF0390000004020257A3834
:102E2000000000802282E336000000001DF36935B7
:102E30000200000003000000040000000600000083
:102E400034000000CEFBFFFFCB03000001000000B8
:102E50000000000035000000CEFBFFFFCB030000A8
:102E60000100000000000000BC89D897B2D29C3C51
:102E700033A7A8D523F649393DA7F444FD0FA53261
:102E80009D978CCF08BA5B25436FAC642806681108
:102E9000002020202020202020202828282828202A
:102EA0002020202020202020202020202020202022
:102EB000208810101010101010101010101010108A
:102EC000100404040404040404040410101010107A
:102ED0001010414141414141010101010101010144
:102EE0000101010101010101010101011010101096
:102EF0001010424242424242020202020202020216
:102F00000202020202020202020202021010101069
:102F10002000000000000000000000000000000091
:102F200000000000000000000000000000000000A1
:102F30000000000000000000000000000000000091
:102F40000000000000000000000000000000000081
:102F50000000000000000000000000000000000071
:102F60000000000000000000000000000000000061
:102F70000000000000000000000000000000000051
:102F80000000000000000000000000000000000041
:102F90000000000005000000190000007D00000096
:102FA0000080E03779C34143176E05B5B5B8934645
:102FB000F5F93FE9034F384D321D30F94877825A11
:102FC0003CBF737FDD4F1575000000000000F03F2F
:102FD00000000000000024400000000000005940F4
:102FE0000000000000408F40000000000088C34047
:102FF00000000000006AF8400000000080842E41BC
:1030000000000000D01263410000000084D7974107
:103010000000000065CDCD41000000205FA002420D
:10302000000000E876483742000000A2941A6D4282
:10303000000040E59C30A2420000901EC4BCD64275
:1030400000003426F56B0C430080E03779C3414320
:1030500000A0D8855734764300C84E676DC1AB4396
:10306000003D9160E458E143408CB5781DAF1544B4
:1030700050EFE2D6E41A4B4492D54D06CFF080448F
:10308000F64AE1C7022DB544B49DD9794378EA44A4
:0830900050D1FC7F010000009B
:10309800C5010008DD1200088D5D0008857E000866
:0430A800B156010814
:0C30AC00A101000851140008BD560108E5
:1030B80028002700200000008CA00208B4BA0208EB
:1030C800000000002800280020000000A4A6020834
:1030D800B4BA02080000000000000001010001016C
:1030E80002000201030003010400040105000501B8
:1030F800060006010100000010000000090243005C
:10310800020100C032090400000102020100052486
:103118000010010524010001042402020524060010
:10312800010705820308001009040100020A0000D3
:103138000007050102400000070581024000000069
:1031480051CB0108F1CA010801CA010800000000BA
:103158008DC801089DC9010865C901080000000063
:1031680000000000000000001DC90108D1C80108C6
:1031780019C90108C5C801080A0600020000004074
:1031880001000000AAAAAAAA010000000024F40075
:103198006D270208492702084D270208552702080B
:1031A800512702081A030000000000000000000078
:1031B8000000000000000000000000000000000007
:1031C800040309041201000202020040830440576C
:1031D8000002010203010000FD290208092A020871
:1031E8007D2A0208952A0208412A0208AD2A020807
:1031F800C52A0208000000000300000054F4012062
:103208004300000000000000000000000000000073
:1032180000000000000000000000000000000000A6
:103228004300000000000000000000000000000053
:103238000000000000000000000000000000000086
:103248004300000000000000000000000000000033
:103258000000000000000000000000000000000066
:103268004300000000000000000000000000000013
:103278000000000000000000000000000000000046
:1032880043000000000000000000000000000000F3
:103298000000000000000000000000000000000026
:1032A80043000000000000000000000000000000D3
:1032B8000000000000000000000000000000000006
:1032C80043000000000000000000000000000000B3
:1032D80000000000000000000000000000000000E6
:1032E800156E02086964020800000000902E0308A9
:1032F8009D930208AA830208AA830208AA830208E7
:10330800AA830208AA830208AA830208AA830208D9
:10331800AA830208AA830208FFFFFFFFFFFFFFFF3F
:10332800FFFFFFFFFFFF0000010041534349490031
:103338000000000000000000000000000000000085
:10334800000000000000000000004153434949000C
:103358000000000000000000000000000000000065
:10336800000000000000000000000000C002002073
:103378000000000054F40120BCF4012024F50120D1
:103388000000000000000000000000000000000035
:103398000000000000000000000000000000000025
:1033A8000000000000000000000000000000000015
:1033B80000000000000000000000000095F501205A
:0400000508022ADDE6
:00000001FF
